r2,n,eps,method,j,coef,block,beta_std,beta_raw,rmse_std,bias_std,sd,sd_ols,eff_ratio,eff_ratio_ci_lo,eff_ratio_ci_hi,rmse_std_ci_lo,rmse_std_ci_hi,coverage,coverage_clip_target,raw_rmse,sign_rate,relerr_median,relerr_p90,rel_rmse
0.5,100,,ols,0,intercept,R,0,,0.0787352,-0.00204744,0.078906,0.078906,0.997834,0.9975,1.01219,0.0710531,0.0859252,0.94,0.94,,,,,
0.5,100,,ols,1,R1 score,R,0.449883,3003.95,0.0736535,-0.0046631,0.0736902,0.0736902,0.999502,0.997503,1.01811,0.0652378,0.0823983,0.95,0.95,491.798,1,0.0961068,0.276111,0.163717
0.5,100,,ols,2,R2 binary,R,-0.26993,-11683.9,0.0832749,0.0147597,0.0821622,0.0821622,1.01354,0.998313,1.04849,0.0751578,0.0914896,0.92,0.92,3604.54,1,0.20963,0.523049,0.308506
0.5,100,,ols,3,R3 income ($),R,0.179953,0.12585,0.0916143,-0.00604185,0.0916442,0.0916442,0.999673,0.997502,1.01691,0.0827407,0.100437,0.945,0.945,0.0640706,0.96,0.355787,0.84277,0.509101
0.5,100,,ols,4,R4 count,R,0.0899765,1310.99,0.089308,-0.0138903,0.0884425,0.0884425,1.00979,0.997859,1.03996,0.0806903,0.0969944,0.945,0.945,1301.25,0.78,,,
0.5,100,,ols,5,O1 income ($),O,0.359906,0.25067,0.0841014,-0.000534166,0.0843107,0.0843107,0.997517,0.9975,1.01058,0.0760259,0.0922576,0.94,0.94,0.0585755,1,0.166018,0.387283,0.233676
0.5,100,,ols,6,O2 age (yr),O,-0.224941,-251.346,0.0800376,-0.00181441,0.0802179,0.0802179,0.997753,0.9975,1.01076,0.0719815,0.0887533,0.955,0.955,89.4329,1,0.235285,0.567677,0.355816
0.5,100,,ols,7,O3 binary,O,0.134965,5845.05,0.0802761,-0.00930935,0.0799346,0.0799346,1.00427,0.997537,1.02795,0.0727254,0.0876603,0.945,0.945,3476.59,0.945,0.419168,0.950298,0.594793
0.5,100,,ols,8,O4 count,O,0.0449883,656.704,0.0840626,0.00219703,0.0842447,0.0842447,0.997838,0.997499,1.0115,0.0759494,0.091942,0.92,0.92,1227.08,0.7,,,
0.5,100,,ols,9,O5 score,O,-0.0899765,-600.266,0.0843176,0.00551331,0.0843483,0.0843483,0.999636,0.9975,1.01892,0.0768463,0.09126,0.935,0.935,562.513,0.825,,,
0.5,100,,ols,10,O6 assets ($),O,0.26993,0.187995,0.0794697,0.0044071,0.0795466,0.0795466,0.999034,0.997504,1.01515,0.0725654,0.0868162,0.96,0.96,0.0553475,1,0.22392,0.45794,0.294409
0.5,100,,ols_unclipped,0,intercept,R,0,,0.0786099,-0.00278652,0.0787576,0.078906,0.996247,0.989845,1.01231,0.0710602,0.0857608,,,,,,,
0.5,100,,ols_unclipped,1,R1 score,R,0.449883,3003.95,0.0741241,-0.0032134,0.0742402,0.0736902,1.00589,0.991286,1.02663,0.0656153,0.0830136,,,494.94,1,0.0991242,0.276517,0.164763
0.5,100,,ols_unclipped,2,R2 binary,R,-0.26993,-11683.9,0.0836485,0.0139888,0.0826775,0.0821622,1.01809,1.00301,1.05188,0.0755732,0.0918632,,,3620.71,1,0.208622,0.523049,0.30989
0.5,100,,ols_unclipped,3,R3 income ($),R,0.179953,0.12585,0.0900754,-0.00865392,0.0898837,0.0916442,0.982881,0.965082,1.00853,0.0812153,0.0990455,,,0.0629944,0.955,0.349122,0.835032,0.50055
0.5,100,,ols_unclipped,4,R4 count,R,0.0899765,1310.99,0.0885531,-0.0145356,0.0875712,0.0884425,1.00125,0.978027,1.03668,0.0802217,0.0963342,,,1290.25,0.78,,,
0.5,100,,ols_unclipped,5,O1 income ($),O,0.359906,0.25067,0.0836865,0.00132533,0.083886,0.0843107,0.992596,0.97474,1.01898,0.0753604,0.0919687,,,0.0582865,1,0.158459,0.391004,0.232523
0.5,100,,ols_unclipped,6,O2 age (yr),O,-0.224941,-251.346,0.0801778,-0.0026698,0.0803344,0.0802179,0.9995,0.991433,1.0162,0.0720372,0.0886194,,,89.5894,1,0.231312,0.578419,0.356439
0.5,100,,ols_unclipped,7,O3 binary,O,0.134965,5845.05,0.0806934,-0.00856397,0.080439,0.0799346,1.00949,0.998777,1.035,0.0731988,0.0880006,,,3494.67,0.94,0.430453,0.917393,0.597885
0.5,100,,ols_unclipped,8,O4 count,O,0.0449883,656.704,0.0837907,0.00132784,0.0839904,0.0842447,0.99461,0.984799,1.01197,0.0756024,0.091559,,,1223.11,0.685,,,
0.5,100,,ols_unclipped,9,O5 score,O,-0.0899765,-600.266,0.0846484,0.00546585,0.0846837,0.0843483,1.00356,0.993578,1.02505,0.0772279,0.0916129,,,564.72,0.83,,,
0.5,100,,ols_unclipped,10,O6 assets ($),O,0.26993,0.187995,0.0792213,0.00393889,0.0793218,0.0795466,0.99591,0.980267,1.01771,0.072458,0.0862647,,,0.0551744,1,0.219732,0.462571,0.293489
0.5,100,0.5,vfl_bc,0,intercept,R,0,,0.0810956,0.013224,0.080211,0.078906,1.02775,0.900116,1.17529,0.0736337,0.0885436,0.95,0.95,,,,,
0.5,100,0.5,vfl_bc,1,R1 score,R,0.449883,3003.95,0.455735,-0.450826,0.066879,0.0736902,6.18448,5.53845,7.01728,0.446686,0.46536,0,0,3043.03,0.49,1.00662,1.18074,1.01301
0.5,100,0.5,vfl_bc,2,R2 binary,R,-0.26993,-11683.9,0.273515,0.263323,0.0741554,0.0821622,3.32896,3.03054,3.69596,0.263857,0.283072,0.08,0.08,11839,0.505,0.991018,1.30388,1.01328
0.5,100,0.5,vfl_bc,3,R3 income ($),R,0.179953,0.12585,0.181873,-0.167781,0.0703699,0.0916442,1.98455,1.79265,2.21385,0.172864,0.190504,0.41,0.405,0.127193,0.56,0.945005,1.4365,1.01067
0.5,100,0.5,vfl_bc,4,R4 count,R,0.0899765,1310.99,0.115242,-0.088161,0.0744047,0.0884425,1.30302,1.17134,1.46634,0.106439,0.123527,0.795,0.795,1679.12,0.49,,,
0.5,100,0.5,vfl_bc,5,O1 income ($),O,0.359906,0.25067,0.366441,-0.359004,0.0736362,0.0843107,4.34631,3.96615,4.8287,0.356199,0.376462,0.005,0.005,0.255221,0.505,0.995169,1.24139,1.01816
0.5,100,0.5,vfl_bc,6,O2 age (yr),O,-0.224941,-251.346,0.238829,0.226508,0.0759089,0.0802179,2.97725,2.66868,3.34556,0.228599,0.249018,0.205,0.205,266.864,0.5,0.99998,1.42747,1.06174
0.5,100,0.5,vfl_bc,7,O3 binary,O,0.134965,5845.05,0.152217,-0.131258,0.0772733,0.0799346,1.90427,1.71408,2.14412,0.14216,0.16268,0.665,0.665,6592.21,0.515,0.949989,1.64306,1.12783
0.5,100,0.5,vfl_bc,8,O4 count,O,0.0449883,656.704,0.0850917,-0.0380966,0.076278,0.0842447,1.01005,0.878555,1.16688,0.0767418,0.0939323,0.95,0.95,1242.1,0.52,,,
0.5,100,0.5,vfl_bc,9,O5 score,O,-0.0899765,-600.266,0.117255,0.0892314,0.0762598,0.0843483,1.39013,1.23549,1.57093,0.107542,0.126213,0.855,0.855,782.25,0.545,,,
0.5,100,0.5,vfl_bc,10,O6 assets ($),O,0.26993,0.187995,0.278596,-0.266866,0.0801918,0.0795466,3.5023,3.19931,3.86897,0.26732,0.289946,0.1,0.1,0.194031,0.505,0.996141,1.36352,1.03211
0.5,100,0.5,vfl_uncorrected,0,intercept,R,0,,0.0848754,0.013951,0.0839311,0.078906,1.07565,0.94156,1.22948,0.0769558,0.0927101,0.945,0.95,,,,,
0.5,100,0.5,vfl_uncorrected,1,R1 score,R,0.449883,3003.95,0.456192,-0.450799,0.0701116,0.0736902,6.19067,5.54552,7.02431,0.446829,0.466173,0,0,3046.08,0.49,1.0065,1.19011,1.01402
0.5,100,0.5,vfl_uncorrected,2,R2 binary,R,-0.26993,-11683.9,0.274122,0.262941,0.0776867,0.0821622,3.33635,3.03588,3.70582,0.264059,0.284183,0.08,0.08,11865.3,0.505,0.991922,1.31928,1.01553
0.5,100,0.5,vfl_uncorrected,3,R3 income ($),R,0.179953,0.12585,0.182822,-0.16739,0.0737015,0.0916442,1.99491,1.80108,2.22779,0.173456,0.191805,0.42,0.41,0.127857,0.55,0.942987,1.45747,1.01595
0.5,100,0.5,vfl_uncorrected,4,R4 count,R,0.0899765,1310.99,0.117509,-0.0880485,0.0780141,0.0884425,1.32865,1.19434,1.49615,0.108488,0.126042,0.785,0.785,1712.14,0.495,,,
0.5,100,0.5,vfl_uncorrected,5,O1 income ($),O,0.359906,0.25067,0.367675,-0.35897,0.0797337,0.0843107,4.36095,3.9775,4.84901,0.356599,0.378519,0.01,0.01,0.256081,0.515,0.997061,1.26201,1.02159
0.5,100,0.5,vfl_uncorrected,6,O2 age (yr),O,-0.224941,-251.346,0.240923,0.226528,0.0822334,0.0802179,3.00335,2.68774,3.38004,0.229893,0.251925,0.22,0.225,269.203,0.5,1.00357,1.46057,1.07105
0.5,100,0.5,vfl_uncorrected,7,O3 binary,O,0.134965,5845.05,0.15577,-0.131208,0.0841675,0.0799346,1.94871,1.74688,2.19572,0.144919,0.16699,0.66,0.66,6746.07,0.52,0.945359,1.73496,1.15415
0.5,100,0.5,vfl_uncorrected,8,O4 count,O,0.0449883,656.704,0.0908655,-0.0374867,0.0829802,0.0842447,1.07859,0.936671,1.24778,0.0819659,0.100294,0.935,0.935,1326.38,0.52,,,
0.5,100,0.5,vfl_uncorrected,9,O5 score,O,-0.0899765,-600.266,0.121691,0.0892786,0.0829,0.0843483,1.44272,1.27859,1.63133,0.111313,0.131285,0.845,0.845,811.845,0.54,,,
0.5,100,0.5,vfl_uncorrected,10,O6 assets ($),O,0.26993,0.187995,0.28037,-0.266601,0.0870011,0.0795466,3.5246,3.21798,3.90099,0.268102,0.292715,0.12,0.12,0.195267,0.51,0.995806,1.39152,1.03868
0.5,100,1,vfl_bc,0,intercept,R,0,,0.0764537,-0.00152988,0.0766302,0.078906,0.96892,0.846422,1.12331,0.0686249,0.0842766,0.955,0.955,,,,,
0.5,100,1,vfl_bc,1,R1 score,R,0.449883,3003.95,0.442127,-0.435295,0.0776162,0.0736902,5.99981,5.37771,6.77624,0.43078,0.452797,0,0,2952.16,0.56,0.970075,1.19212,0.98276
0.5,100,1,vfl_bc,2,R2 binary,R,-0.26993,-11683.9,0.281803,0.271956,0.0740296,0.0821622,3.42984,3.1205,3.83934,0.271502,0.292035,0.035,0.035,12197.8,0.505,0.996938,1.34339,1.04399
0.5,100,1,vfl_bc,3,R3 income ($),R,0.179953,0.12585,0.195501,-0.179401,0.0778857,0.0916442,2.13326,1.91729,2.40112,0.185023,0.205908,0.37,0.36,0.136724,0.5,1.00078,1.54358,1.0864
0.5,100,1,vfl_bc,4,R4 count,R,0.0899765,1310.99,0.110067,-0.0779205,0.0779334,0.0884425,1.24451,1.10473,1.4195,0.100354,0.119276,0.825,0.825,1603.72,0.54,,,
0.5,100,1,vfl_bc,5,O1 income ($),O,0.359906,0.25067,0.364699,-0.357234,0.0735914,0.0843107,4.32565,3.93524,4.80215,0.354514,0.375031,0.005,0.005,0.254008,0.505,0.990155,1.2542,1.01332
0.5,100,1,vfl_bc,6,O2 age (yr),O,-0.224941,-251.346,0.244276,0.232213,0.0760043,0.0802179,3.04516,2.72299,3.42469,0.234629,0.253691,0.195,0.195,272.95,0.455,1.06106,1.42844,1.08595
0.5,100,1,vfl_bc,7,O3 binary,O,0.134965,5845.05,0.148651,-0.124423,0.0815441,0.0799346,1.85966,1.67902,2.08864,0.138891,0.158038,0.68,0.685,6437.79,0.535,0.966852,1.68221,1.10141
0.5,100,1,vfl_bc,8,O4 count,O,0.0449883,656.704,0.0847667,-0.037063,0.0764261,0.0842447,1.0062,0.878169,1.16032,0.0757305,0.0934987,0.95,0.95,1237.36,0.545,,,
0.5,100,1,vfl_bc,9,O5 score,O,-0.0899765,-600.266,0.117077,0.0865598,0.0790301,0.0843483,1.38802,1.24039,1.55529,0.108484,0.125267,0.855,0.855,781.066,0.485,,,
0.5,100,1,vfl_bc,10,O6 assets ($),O,0.26993,0.187995,0.266724,-0.257792,0.0686193,0.0795466,3.35305,3.07811,3.69851,0.257502,0.27581,0.085,0.085,0.185762,0.61,0.956449,1.28376,0.988124
0.5,100,1,vfl_uncorrected,0,intercept,R,0,,0.0797822,-0.00165657,0.0799652,0.078906,1.0111,0.883724,1.17168,0.0716437,0.0879391,0.95,0.95,,,,,
0.5,100,1,vfl_uncorrected,1,R1 score,R,0.449883,3003.95,0.442329,-0.434877,0.0810572,0.0736902,6.00255,5.38116,6.78298,0.430516,0.453481,0,0,2953.52,0.56,0.971399,1.2047,0.98321
0.5,100,1,vfl_uncorrected,2,R2 binary,R,-0.26993,-11683.9,0.282929,0.272231,0.0772591,0.0821622,3.44355,3.13076,3.85465,0.27214,0.293577,0.05,0.05,12246.5,0.51,0.98986,1.35191,1.04816
0.5,100,1,vfl_uncorrected,3,R3 income ($),R,0.179953,0.12585,0.196848,-0.179266,0.0815227,0.0916442,2.14795,1.92906,2.41882,0.185929,0.20765,0.375,0.365,0.137666,0.49,1.00603,1.57463,1.09388
0.5,100,1,vfl_uncorrected,4,R4 count,R,0.0899765,1310.99,0.112384,-0.0772558,0.0818244,0.0884425,1.2707,1.12608,1.44895,0.10231,0.121862,0.82,0.82,1637.48,0.545,,,
0.5,100,1,vfl_uncorrected,5,O1 income ($),O,0.359906,0.25067,0.365909,-0.357125,0.0798967,0.0843107,4.34001,3.94698,4.81911,0.354774,0.37706,0.01,0.01,0.254851,0.505,0.989835,1.27529,1.01668
0.5,100,1,vfl_uncorrected,6,O2 age (yr),O,-0.224941,-251.346,0.246761,0.232637,0.0824947,0.0802179,3.07614,2.74931,3.4599,0.236496,0.257026,0.215,0.215,275.727,0.45,1.07219,1.45793,1.097
0.5,100,1,vfl_uncorrected,7,O3 binary,O,0.134965,5845.05,0.152019,-0.123606,0.0887173,0.0799346,1.9018,1.71318,2.13838,0.141479,0.161863,0.675,0.68,6583.65,0.535,0.972784,1.73133,1.12636
0.5,100,1,vfl_uncorrected,8,O4 count,O,0.0449883,656.704,0.0903822,-0.0365215,0.0828823,0.0842447,1.07285,0.935187,1.23963,0.080536,0.0997272,0.93,0.93,1319.33,0.55,,,
0.5,100,1,vfl_uncorrected,9,O5 score,O,-0.0899765,-600.266,0.121243,0.0860957,0.0855803,0.0843483,1.43741,1.28187,1.6138,0.112048,0.129794,0.815,0.82,808.855,0.49,,,
0.5,100,1,vfl_uncorrected,10,O6 assets ($),O,0.26993,0.187995,0.267213,-0.256671,0.0745053,0.0795466,3.35921,3.08165,3.71255,0.257249,0.277008,0.1,0.095,0.186103,0.61,0.947866,1.30123,0.989938
0.5,100,2,vfl_bc,0,intercept,R,0,,0.0674287,-0.000846516,0.0675926,0.078906,0.854545,0.751482,0.982845,0.0609666,0.0737844,0.97,0.97,,,,,
0.5,100,2,vfl_bc,1,R1 score,R,0.449883,3003.95,0.446219,-0.43932,0.0783571,0.0736902,6.05534,5.44458,6.82595,0.435606,0.457159,0,0,2979.49,0.58,0.975094,1.18757,0.991856
0.5,100,2,vfl_bc,2,R2 binary,R,-0.26993,-11683.9,0.270706,0.260046,0.0754099,0.0821622,3.29478,2.99422,3.67036,0.260322,0.280909,0.11,0.11,11717.5,0.535,0.959487,1.31707,1.00288
0.5,100,2,vfl_bc,3,R3 income ($),R,0.179953,0.12585,0.192586,-0.17722,0.0755717,0.0916442,2.10145,1.89016,2.35069,0.182582,0.202288,0.375,0.365,0.134685,0.495,1.00347,1.47818,1.0702
0.5,100,2,vfl_bc,4,R4 count,R,0.0899765,1310.99,0.119865,-0.0901177,0.0792324,0.0884425,1.35529,1.21908,1.52396,0.111153,0.129081,0.81,0.81,1746.47,0.47,,,
0.5,100,2,vfl_bc,5,O1 income ($),O,0.359906,0.25067,0.354675,-0.347031,0.0734199,0.0843107,4.20675,3.85412,4.66096,0.344669,0.36481,0.01,0.01,0.247026,0.585,0.954713,1.225,0.985464
0.5,100,2,vfl_bc,6,O2 age (yr),O,-0.224941,-251.346,0.234559,0.222018,0.0758599,0.0802179,2.92402,2.63415,3.27492,0.223686,0.244257,0.215,0.215,262.092,0.525,0.978735,1.42723,1.04275
0.5,100,2,vfl_bc,7,O3 binary,O,0.134965,5845.05,0.147982,-0.123473,0.0817718,0.0799346,1.85129,1.66322,2.07738,0.13828,0.15858,0.695,0.695,6408.82,0.53,0.898971,1.65901,1.09645
0.5,100,2,vfl_bc,8,O4 count,O,0.0449883,656.704,0.0844328,-0.0394336,0.0748458,0.0842447,1.00223,0.879711,1.14687,0.0771231,0.0915414,0.96,0.96,1232.48,0.52,,,
0.5,100,2,vfl_bc,9,O5 score,O,-0.0899765,-600.266,0.116463,0.0860116,0.0787189,0.0843483,1.38074,1.22738,1.56528,0.106886,0.125825,0.835,0.835,776.968,0.535,,,
0.5,100,2,vfl_bc,10,O6 assets ($),O,0.26993,0.187995,0.273836,-0.260889,0.0834136,0.0795466,3.44246,3.1575,3.78147,0.263122,0.284726,0.105,0.105,0.190716,0.53,0.969549,1.34331,1.01447
0.5,100,2,vfl_uncorrected,0,intercept,R,0,,0.0705984,-0.0008844,0.07077,0.078906,0.894714,0.787223,1.02904,0.0637213,0.0772007,0.965,0.965,,,,,
0.5,100,2,vfl_uncorrected,1,R1 score,R,0.449883,3003.95,0.446507,-0.438937,0.0820736,0.0736902,6.05925,5.44897,6.83279,0.435333,0.457937,0,0,2981.41,0.58,0.975635,1.20434,0.992497
0.5,100,2,vfl_uncorrected,2,R2 binary,R,-0.26993,-11683.9,0.271344,0.259723,0.0787542,0.0821622,3.30254,2.998,3.68069,0.260414,0.282043,0.12,0.12,11745.1,0.535,0.960453,1.331,1.00524
0.5,100,2,vfl_uncorrected,3,R3 income ($),R,0.179953,0.12585,0.193722,-0.177027,0.0788704,0.0916442,2.11385,1.89904,2.36644,0.183367,0.203721,0.38,0.37,0.13548,0.495,1.00526,1.49728,1.07651
0.5,100,2,vfl_uncorrected,4,R4 count,R,0.0899765,1310.99,0.122283,-0.0902836,0.0826806,0.0884425,1.38262,1.24231,1.5546,0.113294,0.131867,0.81,0.81,1781.7,0.47,,,
0.5,100,2,vfl_uncorrected,5,O1 income ($),O,0.359906,0.25067,0.355265,-0.346242,0.0797574,0.0843107,4.21375,3.8554,4.67158,0.344431,0.366236,0.015,0.015,0.247437,0.585,0.948902,1.24219,0.987104
0.5,100,2,vfl_uncorrected,6,O2 age (yr),O,-0.224941,-251.346,0.236281,0.221653,0.0820507,0.0802179,2.94549,2.64963,3.30029,0.224588,0.24667,0.23,0.23,264.017,0.54,0.977432,1.47003,1.05041
0.5,100,2,vfl_uncorrected,7,O3 binary,O,0.134965,5845.05,0.151011,-0.122482,0.0885525,0.0799346,1.88918,1.69399,2.12511,0.140628,0.16239,0.67,0.67,6539.97,0.535,0.897381,1.71432,1.11889
0.5,100,2,vfl_uncorrected,8,O4 count,O,0.0449883,656.704,0.0899205,-0.0389716,0.0812399,0.0842447,1.06737,0.936821,1.22149,0.0820922,0.0975666,0.955,0.955,1312.59,0.525,,,
0.5,100,2,vfl_uncorrected,9,O5 score,O,-0.0899765,-600.266,0.12068,0.0856213,0.0852585,0.0843483,1.43073,1.27094,1.62318,0.110503,0.130617,0.825,0.825,805.1,0.525,,,
0.5,100,2,vfl_uncorrected,10,O6 assets ($),O,0.26993,0.187995,0.275327,-0.26017,0.0903185,0.0795466,3.46121,3.17007,3.80626,0.263702,0.287118,0.155,0.145,0.191754,0.53,0.968935,1.36325,1.02
0.5,100,4,vfl_bc,0,intercept,R,0,,0.076911,0.00896891,0.0765779,0.078906,0.974716,0.852058,1.12137,0.0695622,0.0839791,0.965,0.965,,,,,
0.5,100,4,vfl_bc,1,R1 score,R,0.449883,3003.95,0.424782,-0.418173,0.0748271,0.0736902,5.76443,5.16408,6.54439,0.41439,0.435208,0,0,2836.35,0.62,0.929122,1.1314,0.944206
0.5,100,4,vfl_bc,2,R2 binary,R,-0.26993,-11683.9,0.26719,0.25651,0.0749753,0.0821622,3.25199,2.94751,3.63332,0.256916,0.277672,0.085,0.085,11565.3,0.565,0.956888,1.2893,0.989852
0.5,100,4,vfl_bc,3,R3 income ($),R,0.179953,0.12585,0.187504,-0.172027,0.074781,0.0916442,2.04599,1.84593,2.30255,0.177385,0.197003,0.44,0.43,0.131131,0.525,0.961508,1.44296,1.04196
0.5,100,4,vfl_bc,4,R4 count,R,0.0899765,1310.99,0.104797,-0.0732085,0.0751742,0.0884425,1.18492,1.05216,1.35544,0.0956313,0.114366,0.865,0.865,1526.93,0.59,,,
0.5,100,4,vfl_bc,5,O1 income ($),O,0.359906,0.25067,0.352805,-0.344089,0.0781317,0.0843107,4.18458,3.82804,4.65215,0.341453,0.3637,0.015,0.015,0.245724,0.575,0.954476,1.2431,0.980269
0.5,100,4,vfl_bc,6,O2 age (yr),O,-0.224941,-251.346,0.222695,0.208214,0.0791918,0.0802179,2.77612,2.48879,3.13633,0.212543,0.232816,0.25,0.25,248.836,0.595,0.920088,1.35406,0.990013
0.5,100,4,vfl_bc,7,O3 binary,O,0.134965,5845.05,0.148746,-0.128235,0.0755613,0.0799346,1.86084,1.66854,2.08868,0.138615,0.158713,0.65,0.65,6441.87,0.51,0.972749,1.63931,1.10211
0.5,100,4,vfl_bc,8,O4 count,O,0.0449883,656.704,0.0788353,-0.0386826,0.0688648,0.0842447,0.935789,0.832958,1.0707,0.0719593,0.0858914,0.965,0.965,1150.78,0.51,,,
0.5,100,4,vfl_bc,9,O5 score,O,-0.0899765,-600.266,0.117922,0.0922568,0.0736293,0.0843483,1.39803,1.24872,1.59032,0.108108,0.12725,0.825,0.83,786.697,0.515,,,
0.5,100,4,vfl_bc,10,O6 assets ($),O,0.26993,0.187995,0.270319,-0.260849,0.0711023,0.0795466,3.39825,3.10886,3.76698,0.261058,0.280168,0.085,0.08,0.188266,0.56,0.965027,1.27665,1.00144
0.5,100,4,vfl_uncorrected,0,intercept,R,0,,0.0801991,0.00920319,0.0798692,0.078906,1.01639,0.889004,1.16913,0.0725368,0.0875831,0.955,0.955,,,,,
0.5,100,4,vfl_uncorrected,1,R1 score,R,0.449883,3003.95,0.42426,-0.417034,0.0781628,0.0736902,5.75735,5.15673,6.53632,0.413499,0.435037,0,0,2832.86,0.615,0.928363,1.13778,0.943046
0.5,100,4,vfl_uncorrected,2,R2 binary,R,-0.26993,-11683.9,0.267496,0.255938,0.0779757,0.0821622,3.2557,2.95012,3.64011,0.256866,0.27835,0.095,0.095,11578.5,0.56,0.954848,1.2975,0.990983
0.5,100,4,vfl_uncorrected,3,R3 income ($),R,0.179953,0.12585,0.188464,-0.171751,0.0777856,0.0916442,2.05648,1.85478,2.31642,0.177945,0.19826,0.44,0.435,0.131803,0.52,0.962121,1.4594,1.0473
0.5,100,4,vfl_uncorrected,4,R4 count,R,0.0899765,1310.99,0.106698,-0.0726094,0.0783776,0.0884425,1.20641,1.06763,1.38241,0.0973058,0.116621,0.865,0.865,1554.63,0.585,,,
0.5,100,4,vfl_uncorrected,5,O1 income ($),O,0.359906,0.25067,0.353271,-0.343089,0.084418,0.0843107,4.19011,3.83014,4.65559,0.341043,0.364879,0.015,0.02,0.246049,0.585,0.951785,1.27167,0.981566
0.5,100,4,vfl_uncorrected,6,O2 age (yr),O,-0.224941,-251.346,0.223593,0.206803,0.0852217,0.0802179,2.78732,2.49636,3.15148,0.212734,0.234381,0.26,0.26,249.84,0.595,0.910753,1.38774,0.994007
0.5,100,4,vfl_uncorrected,7,O3 binary,O,0.134965,5845.05,0.151473,-0.127859,0.0814204,0.0799346,1.89496,1.69334,2.13014,0.140648,0.162172,0.645,0.645,6559.99,0.515,0.970065,1.69783,1.12232
0.5,100,4,vfl_uncorrected,8,O4 count,O,0.0449883,656.704,0.0834344,-0.0383743,0.0742717,0.0842447,0.990381,0.880311,1.13444,0.0759928,0.0909608,0.945,0.95,1217.91,0.515,,,
0.5,100,4,vfl_uncorrected,9,O5 score,O,-0.0899765,-600.266,0.121567,0.0922888,0.0793273,0.0843483,1.44125,1.28561,1.64446,0.111108,0.131548,0.815,0.815,811.019,0.515,,,
0.5,100,4,vfl_uncorrected,10,O6 assets ($),O,0.26993,0.187995,0.271318,-0.260333,0.0766129,0.0795466,3.4108,3.11856,3.78231,0.261433,0.281768,0.1,0.1,0.188962,0.555,0.96153,1.30844,1.00514
0.5,100,8,vfl_bc,0,intercept,R,0,,0.0758689,-0.00530632,0.075873,0.078906,0.961509,0.836029,1.11959,0.067542,0.0841698,0.955,0.955,,,,,
0.5,100,8,vfl_bc,1,R1 score,R,0.449883,3003.95,0.406725,-0.400476,0.0712038,0.0736902,5.5194,4.9689,6.22818,0.396633,0.417169,0,0,2715.78,0.755,0.879513,1.10017,0.90407
0.5,100,8,vfl_bc,2,R2 binary,R,-0.26993,-11683.9,0.257505,0.246607,0.0743062,0.0821622,3.13411,2.85504,3.48899,0.247427,0.267565,0.12,0.12,11146.1,0.6,0.914473,1.28015,0.953972
0.5,100,8,vfl_bc,3,R3 income ($),R,0.179953,0.12585,0.170557,-0.15622,0.0686201,0.0916442,1.86108,1.6789,2.09275,0.161776,0.179161,0.455,0.445,0.119279,0.625,0.872277,1.33496,0.947788
0.5,100,8,vfl_bc,4,R4 count,R,0.0899765,1310.99,0.0943771,-0.0656121,0.068009,0.0884425,1.0671,0.941854,1.21441,0.0863033,0.102642,0.92,0.92,1375.11,0.63,,,
0.5,100,8,vfl_bc,5,O1 income ($),O,0.359906,0.25067,0.326944,-0.317265,0.0791622,0.0843107,3.87785,3.54391,4.31028,0.315678,0.337529,0.02,0.02,0.227712,0.71,0.886703,1.1796,0.908416
0.5,100,8,vfl_bc,6,O2 age (yr),O,-0.224941,-251.346,0.219639,0.208324,0.0697618,0.0802179,2.73804,2.45203,3.08556,0.210276,0.229597,0.255,0.255,245.422,0.61,0.904358,1.30494,0.97643
0.5,100,8,vfl_bc,7,O3 binary,O,0.134965,5845.05,0.142776,-0.123611,0.0716306,0.0799346,1.78616,1.60377,2.01138,0.133083,0.151587,0.66,0.66,6183.35,0.55,0.903397,1.55773,1.05788
0.5,100,8,vfl_bc,8,O4 count,O,0.0449883,656.704,0.081206,-0.0349156,0.0735006,0.0842447,0.96393,0.852763,1.10213,0.0736862,0.0889635,0.97,0.965,1185.38,0.56,,,
0.5,100,8,vfl_bc,9,O5 score,O,-0.0899765,-600.266,0.122866,0.0981439,0.0741031,0.0843483,1.45665,1.30411,1.63664,0.113165,0.132005,0.78,0.78,819.683,0.45,,,
0.5,100,8,vfl_bc,10,O6 assets ($),O,0.26993,0.187995,0.254523,-0.243352,0.0747664,0.0795466,3.19967,2.90191,3.5327,0.243935,0.264784,0.105,0.105,0.177265,0.67,0.895216,1.27351,0.942924
0.5,100,8,vfl_uncorrected,0,intercept,R,0,,0.0786693,-0.00545265,0.078677,0.078906,0.997,0.867217,1.15906,0.0701296,0.087216,0.95,0.95,,,,,
0.5,100,8,vfl_uncorrected,1,R1 score,R,0.449883,3003.95,0.405577,-0.39879,0.0740724,0.0736902,5.50381,4.95443,6.21794,0.395105,0.416387,0,0,2708.11,0.755,0.878296,1.10488,0.901517
0.5,100,8,vfl_uncorrected,2,R2 binary,R,-0.26993,-11683.9,0.257449,0.245606,0.0773802,0.0821622,3.13343,2.85205,3.49145,0.247026,0.267903,0.125,0.125,11143.7,0.605,0.908373,1.29272,0.953765
0.5,100,8,vfl_uncorrected,3,R3 income ($),R,0.179953,0.12585,0.171005,-0.155428,0.0714866,0.0916442,1.86596,1.6814,2.0993,0.161828,0.179968,0.46,0.445,0.119592,0.625,0.864727,1.3536,0.950274
0.5,100,8,vfl_uncorrected,4,R4 count,R,0.0899765,1310.99,0.095982,-0.0649107,0.0708822,0.0884425,1.08525,0.955983,1.23633,0.0875911,0.104511,0.91,0.91,1398.49,0.635,,,
0.5,100,8,vfl_uncorrected,5,O1 income ($),O,0.359906,0.25067,0.325553,-0.314349,0.0848868,0.0843107,3.86135,3.528,4.29672,0.313469,0.336887,0.045,0.045,0.226743,0.71,0.880264,1.19293,0.904551
0.5,100,8,vfl_uncorrected,6,O2 age (yr),O,-0.224941,-251.346,0.219907,0.206817,0.0749245,0.0802179,2.74137,2.44972,3.09071,0.209643,0.230543,0.27,0.275,245.72,0.61,0.895802,1.31572,0.977618
0.5,100,8,vfl_uncorrected,7,O3 binary,O,0.134965,5845.05,0.145003,-0.122984,0.0770097,0.0799346,1.81402,1.62406,2.04669,0.134584,0.154513,0.655,0.655,6279.78,0.545,0.891364,1.60027,1.07438
0.5,100,8,vfl_uncorrected,8,O4 count,O,0.0449883,656.704,0.0859572,-0.0344108,0.0789666,0.0842447,1.02033,0.90401,1.16608,0.0779716,0.0941034,0.955,0.95,1254.74,0.56,,,
0.5,100,8,vfl_uncorrected,9,O5 score,O,-0.0899765,-600.266,0.1266,0.0984703,0.0797684,0.0843483,1.50092,1.34126,1.68997,0.116196,0.136387,0.775,0.775,844.595,0.45,,,
0.5,100,8,vfl_uncorrected,10,O6 assets ($),O,0.26993,0.187995,0.254521,-0.241589,0.0803004,0.0795466,3.19965,2.89628,3.54042,0.243186,0.265571,0.115,0.11,0.177264,0.67,0.887204,1.29526,0.942918
0.5,250,,ols,0,intercept,R,0,,0.0463726,-0.00219979,0.0464366,0.0464366,0.998621,0.997501,1.01543,0.0419211,0.0509532,0.955,0.96,,,,,
0.5,250,,ols,1,R1 score,R,0.449883,3003.95,0.0479558,0.00224786,0.0480233,0.0480233,0.998594,0.997502,1.01526,0.0440171,0.0517536,0.955,0.955,320.21,1,0.0782698,0.163759,0.106596
0.5,250,,ols,2,R2 binary,R,-0.26993,-11683.9,0.0516664,-0.000571834,0.0517929,0.0517929,0.997558,0.9975,1.01035,0.0463917,0.057009,0.915,0.915,2236.37,1,0.125429,0.339808,0.191407
0.5,250,,ols,3,R3 income ($),R,0.179953,0.12585,0.0496238,0.0102144,0.048683,0.048683,1.01932,1.00047,1.05706,0.0442137,0.0553082,0.96,0.96,0.0347044,1,0.18306,0.436879,0.27576
0.5,250,,ols,4,R4 count,R,0.0899765,1310.99,0.0474551,-0.00413031,0.0473936,0.0473936,1.0013,0.997509,1.02335,0.0426278,0.0524541,0.96,0.96,691.438,0.955,,,
0.5,250,,ols,5,O1 income ($),O,0.359906,0.25067,0.0489485,0.00507024,0.0488074,0.0488074,1.00289,0.997518,1.02613,0.0439564,0.0538324,0.96,0.955,0.034092,1,0.0840452,0.236315,0.136004
0.5,250,,ols,6,O2 age (yr),O,-0.224941,-251.346,0.0490669,0.00124857,0.0491741,0.0491741,0.99782,0.9975,1.01192,0.0444988,0.0535177,0.95,0.95,54.8266,1,0.140071,0.358404,0.218132
0.5,250,,ols,7,O3 binary,O,0.134965,5845.05,0.0463641,-0.00339929,0.0463554,0.0463554,1.00019,0.997505,1.01923,0.0416034,0.0506834,0.945,0.945,2007.94,1,0.231176,0.554806,0.343528
0.5,250,,ols,8,O4 count,O,0.0449883,656.704,0.0513354,0.0013848,0.0514455,0.0514455,0.99786,0.997502,1.01232,0.0466255,0.0560918,0.935,0.93,749.354,0.81,,,
0.5,250,,ols,9,O5 score,O,-0.0899765,-600.266,0.049185,-0.00433794,0.0491163,0.0491163,1.0014,0.997504,1.02378,0.0446725,0.0533291,0.94,0.94,328.131,0.97,,,
0.5,250,,ols,10,O6 assets ($),O,0.26993,0.187995,0.0489219,0.00113223,0.0490316,0.0490316,0.997764,0.997501,1.01059,0.0442828,0.0534327,0.93,0.935,0.0340722,1,0.120374,0.313527,0.18124
0.5,250,,ols_unclipped,0,intercept,R,0,,0.0466099,-0.00324597,0.0466134,0.0464366,1.00373,0.993707,1.02566,0.0421518,0.0510424,,,,,,,
0.5,250,,ols_unclipped,1,R1 score,R,0.449883,3003.95,0.0486593,0.00444376,0.0485775,0.0480233,1.01324,1.00253,1.03767,0.0446094,0.0526155,,,324.907,1,0.0770841,0.165907,0.10816
0.5,250,,ols_unclipped,2,R2 binary,R,-0.26993,-11683.9,0.0513825,-0.00137251,0.0514931,0.0517929,0.992076,0.984933,1.0073,0.0461101,0.0567147,,,2224.08,1,0.132659,0.332798,0.190355
0.5,250,,ols_unclipped,3,R3 income ($),R,0.179953,0.12585,0.0499528,0.00684308,0.049606,0.048683,1.02608,0.994441,1.06897,0.0444073,0.0560056,,,0.0349345,1,0.183748,0.439505,0.277588
0.5,250,,ols_unclipped,4,R4 count,R,0.0899765,1310.99,0.0468144,-0.00434303,0.0467295,0.0473936,0.987778,0.963871,1.01866,0.0419922,0.0520168,,,682.103,0.955,,,
0.5,250,,ols_unclipped,5,O1 income ($),O,0.359906,0.25067,0.0503335,0.00603136,0.0500962,0.0488074,1.03127,1.00187,1.06989,0.0449751,0.055759,,,0.0350566,1,0.0873458,0.226679,0.139852
0.5,250,,ols_unclipped,6,O2 age (yr),O,-0.224941,-251.346,0.0498479,0.000546769,0.04997,0.0491741,1.0137,1.00588,1.02969,0.0452348,0.0543922,,,55.6993,1,0.141926,0.367455,0.221604
0.5,250,,ols_unclipped,7,O3 binary,O,0.134965,5845.05,0.0465805,-0.00269891,0.0466189,0.0463554,1.00486,0.997214,1.02317,0.0418767,0.0508969,,,2017.31,1,0.224584,0.551387,0.345131
0.5,250,,ols_unclipped,8,O4 count,O,0.0449883,656.704,0.0513735,0.00163002,0.0514765,0.0514455,0.998601,0.987965,1.01684,0.0467538,0.0560705,,,749.911,0.8,,,
0.5,250,,ols_unclipped,9,O5 score,O,-0.0899765,-600.266,0.0495191,-0.00446334,0.0494413,0.0491163,1.0082,0.998388,1.03216,0.0449843,0.0536756,,,330.36,0.97,,,
0.5,250,,ols_unclipped,10,O6 assets ($),O,0.26993,0.187995,0.0487218,-0.000255267,0.0488434,0.0490316,0.993683,0.967319,1.02758,0.0437119,0.0537906,,,0.0339328,1,0.115149,0.31564,0.180498
0.5,250,0.5,vfl_bc,0,intercept,R,0,,0.0713622,0.00877604,0.0709982,0.0464366,1.53677,1.34873,1.77307,0.0645777,0.0782795,0.965,0.975,,,,,
0.5,250,0.5,vfl_bc,1,R1 score,R,0.449883,3003.95,0.445423,-0.439669,0.0715405,0.0480233,9.27514,8.5909,10.1584,0.435753,0.455107,0,0,2974.17,0.545,0.980619,1.18586,0.990087
0.5,250,0.5,vfl_bc,2,R2 binary,R,-0.26993,-11683.9,0.276674,0.266434,0.0747632,0.0517929,5.34194,4.85581,5.99788,0.266823,0.28686,0.05,0.05,11975.8,0.52,0.992659,1.31275,1.02499
0.5,250,0.5,vfl_bc,3,R3 income ($),R,0.179953,0.12585,0.18855,-0.175352,0.0694743,0.048683,3.87301,3.44419,4.40672,0.179003,0.197257,0.405,0.38,0.131862,0.535,0.953856,1.43712,1.04777
0.5,250,0.5,vfl_bc,4,R4 count,R,0.0899765,1310.99,0.111976,-0.0799374,0.0786097,0.0473936,2.36268,2.0627,2.69666,0.103041,0.120192,0.805,0.805,1631.53,0.58,,,
0.5,250,0.5,vfl_bc,5,O1 income ($),O,0.359906,0.25067,0.361104,-0.354918,0.0667188,0.0488074,7.39855,6.71579,8.27407,0.351996,0.369649,0.005,0.005,0.251504,0.525,0.9799,1.23182,1.00333
0.5,250,0.5,vfl_bc,6,O2 age (yr),O,-0.224941,-251.346,0.224661,0.211191,0.0768145,0.0491741,4.56868,4.14175,5.10042,0.213714,0.234972,0.305,0.305,251.032,0.575,0.936114,1.40721,0.998753
0.5,250,0.5,vfl_bc,7,O3 binary,O,0.134965,5845.05,0.16106,-0.139062,0.0814585,0.0463554,3.47447,3.09923,3.96316,0.150539,0.171384,0.605,0.605,6975.2,0.485,1.03947,1.71306,1.19335
0.5,250,0.5,vfl_bc,8,O4 count,O,0.0449883,656.704,0.0837293,-0.0401873,0.0736389,0.0514455,1.62753,1.41899,1.85923,0.0755594,0.0914395,0.965,0.965,1222.22,0.545,,,
0.5,250,0.5,vfl_bc,9,O5 score,O,-0.0899765,-600.266,0.125589,0.0971689,0.0797655,0.0491163,2.55697,2.26956,2.90678,0.115184,0.13591,0.815,0.815,837.847,0.44,,,
0.5,250,0.5,vfl_bc,10,O6 assets ($),O,0.26993,0.187995,0.268046,-0.255204,0.0821777,0.0490316,5.46681,4.95459,6.1033,0.257109,0.279504,0.15,0.14,0.186683,0.595,0.921103,1.32914,0.993022
0.5,250,0.5,vfl_uncorrected,0,intercept,R,0,,0.074554,0.00921588,0.0741678,0.0464366,1.6055,1.40655,1.8536,0.0673866,0.0818008,0.965,0.965,,,,,
0.5,250,0.5,vfl_uncorrected,1,R1 score,R,0.449883,3003.95,0.445552,-0.439277,0.0747024,0.0480233,9.27784,8.59298,10.1625,0.435449,0.455615,0,0,2975.04,0.555,0.981193,1.19136,0.990375
0.5,250,0.5,vfl_uncorrected,2,R2 binary,R,-0.26993,-11683.9,0.27744,0.266258,0.0781703,0.0517929,5.35673,4.86573,6.01853,0.267177,0.288083,0.065,0.065,12009,0.515,0.992454,1.33042,1.02783
0.5,250,0.5,vfl_uncorrected,3,R3 income ($),R,0.179953,0.12585,0.189563,-0.175142,0.0727034,0.048683,3.89382,3.4593,4.43407,0.179713,0.198559,0.41,0.4,0.132571,0.535,0.951068,1.45878,1.0534
0.5,250,0.5,vfl_uncorrected,4,R4 count,R,0.0899765,1310.99,0.114094,-0.0794657,0.0820744,0.0473936,2.40736,2.09727,2.7496,0.104819,0.12264,0.805,0.805,1662.38,0.585,,,
0.5,250,0.5,vfl_uncorrected,5,O1 income ($),O,0.359906,0.25067,0.36171,-0.354385,0.0726064,0.0488074,7.41096,6.71605,8.29796,0.35192,0.370896,0.01,0.01,0.251926,0.535,0.975184,1.24839,1.00501
0.5,250,0.5,vfl_uncorrected,6,O2 age (yr),O,-0.224941,-251.346,0.225999,0.210204,0.0832148,0.0491741,4.5959,4.15207,5.13183,0.214056,0.237101,0.32,0.32,252.528,0.58,0.934959,1.44325,1.0047
0.5,250,0.5,vfl_uncorrected,7,O3 binary,O,0.134965,5845.05,0.165006,-0.139561,0.0882528,0.0463554,3.55958,3.17232,4.06979,0.15363,0.176175,0.6,0.61,7146.06,0.49,1.04346,1.76091,1.22258
0.5,250,0.5,vfl_uncorrected,8,O4 count,O,0.0449883,656.704,0.0890276,-0.0397417,0.0798649,0.0514455,1.73052,1.50528,1.97638,0.0801395,0.0973484,0.945,0.945,1299.56,0.545,,,
0.5,250,0.5,vfl_uncorrected,9,O5 score,O,-0.0899765,-600.266,0.130514,0.0977289,0.086722,0.0491163,2.65725,2.35236,3.0283,0.119352,0.141748,0.81,0.81,870.709,0.435,,,
0.5,250,0.5,vfl_uncorrected,10,O6 assets ($),O,0.26993,0.187995,0.2692,-0.254088,0.0891508,0.0490316,5.49035,4.9669,6.13276,0.257445,0.281647,0.17,0.17,0.187487,0.595,0.914221,1.36084,0.997298
0.5,250,1,vfl_bc,0,intercept,R,0,,0.0753436,0.00372367,0.0754404,0.0464366,1.6225,1.42101,1.86237,0.0686833,0.0821763,0.96,0.96,,,,,
0.5,250,1,vfl_bc,1,R1 score,R,0.449883,3003.95,0.44482,-0.438314,0.0759898,0.0480233,9.26259,8.5593,10.1537,0.434621,0.454775,0,0,2970.15,0.57,0.969661,1.18564,0.988747
0.5,250,1,vfl_bc,2,R2 binary,R,-0.26993,-11683.9,0.273614,0.262566,0.0771604,0.0517929,5.28285,4.74724,5.96376,0.262302,0.283439,0.085,0.085,11843.3,0.555,0.95303,1.35783,1.01365
0.5,250,1,vfl_bc,3,R3 income ($),R,0.179953,0.12585,0.190542,-0.175618,0.0741073,0.048683,3.91393,3.48132,4.46643,0.180611,0.200444,0.365,0.35,0.133256,0.485,1.00746,1.4433,1.05884
0.5,250,1,vfl_bc,4,R4 count,R,0.0899765,1310.99,0.111024,-0.0773414,0.0798529,0.0473936,2.34259,2.04557,2.67824,0.101947,0.120116,0.805,0.805,1617.66,0.555,,,
0.5,250,1,vfl_bc,5,O1 income ($),O,0.359906,0.25067,0.348748,-0.340269,0.0766256,0.0488074,7.14538,6.4561,8.02511,0.338587,0.358925,0.015,0.02,0.242898,0.61,0.944102,1.19943,0.968996
0.5,250,1,vfl_bc,6,O2 age (yr),O,-0.224941,-251.346,0.224175,0.210541,0.0771785,0.0491741,4.5588,4.1592,5.08778,0.213812,0.234746,0.295,0.295,250.49,0.595,0.932128,1.36877,0.996593
0.5,250,1,vfl_bc,7,O3 binary,O,0.134965,5845.05,0.161595,-0.143747,0.074009,0.0463554,3.48601,3.13712,3.94116,0.152088,0.170835,0.555,0.56,6998.36,0.4,1.11196,1.71631,1.19731
0.5,250,1,vfl_bc,8,O4 count,O,0.0449883,656.704,0.0804885,-0.0422713,0.0686666,0.0514455,1.56454,1.38887,1.77943,0.0739503,0.0871658,0.955,0.955,1174.91,0.485,,,
0.5,250,1,vfl_bc,9,O5 score,O,-0.0899765,-600.266,0.109125,0.085844,0.0675412,0.0491163,2.22176,2.00487,2.47983,0.100566,0.117648,0.88,0.88,728.01,0.52,,,
0.5,250,1,vfl_bc,10,O6 assets ($),O,0.26993,0.187995,0.258788,-0.249166,0.0700859,0.0490316,5.27799,4.77983,5.92869,0.248672,0.268414,0.125,0.11,0.180235,0.615,0.912726,1.24482,0.958724
0.5,250,1,vfl_uncorrected,0,intercept,R,0,,0.0786835,0.00401937,0.078778,0.0464366,1.69443,1.48249,1.94371,0.071792,0.0857866,0.94,0.94,,,,,
0.5,250,1,vfl_uncorrected,1,R1 score,R,0.449883,3003.95,0.444966,-0.437875,0.0793209,0.0480233,9.26563,8.55964,10.1612,0.434416,0.455398,0,0,2971.12,0.57,0.966478,1.19701,0.989071
0.5,250,1,vfl_uncorrected,2,R2 binary,R,-0.26993,-11683.9,0.274215,0.262161,0.0806113,0.0517929,5.29445,4.75273,5.98275,0.262442,0.28455,0.095,0.09,11869.4,0.555,0.947139,1.38946,1.01588
0.5,250,1,vfl_uncorrected,3,R3 income ($),R,0.179953,0.12585,0.19168,-0.175428,0.0774353,0.048683,3.93731,3.49987,4.49629,0.181353,0.202014,0.37,0.35,0.134052,0.485,1.00865,1.46656,1.06517
0.5,250,1,vfl_uncorrected,4,R4 count,R,0.0899765,1310.99,0.113448,-0.0770787,0.0834509,0.0473936,2.39373,2.08891,2.74315,0.10392,0.122928,0.795,0.8,1652.97,0.55,,,
0.5,250,1,vfl_uncorrected,5,O1 income ($),O,0.359906,0.25067,0.348544,-0.338603,0.0828567,0.0488074,7.14121,6.44938,8.02236,0.337611,0.35948,0.03,0.03,0.242756,0.615,0.938579,1.21784,0.968431
0.5,250,1,vfl_uncorrected,6,O2 age (yr),O,-0.224941,-251.346,0.225337,0.209223,0.0838904,0.0491741,4.58242,4.17573,5.1213,0.214057,0.236771,0.31,0.31,251.788,0.595,0.925645,1.3965,1.00176
0.5,250,1,vfl_uncorrected,7,O3 binary,O,0.134965,5845.05,0.16493,-0.144362,0.0799595,0.0463554,3.55795,3.19731,4.02068,0.15488,0.17481,0.545,0.545,7142.79,0.405,1.12343,1.76445,1.22202
0.5,250,1,vfl_uncorrected,8,O4 count,O,0.0449883,656.704,0.0851983,-0.0421313,0.0742379,0.0514455,1.65609,1.47056,1.88561,0.0782266,0.092293,0.94,0.94,1243.66,0.48,,,
0.5,250,1,vfl_uncorrected,9,O5 score,O,-0.0899765,-600.266,0.112272,0.0854005,0.0730649,0.0491163,2.28584,2.05811,2.55776,0.10321,0.121376,0.85,0.85,749.008,0.52,,,
0.5,250,1,vfl_uncorrected,10,O6 assets ($),O,0.26993,0.187995,0.2589,-0.247628,0.0757513,0.0490316,5.28027,4.77167,5.94484,0.248004,0.269245,0.175,0.175,0.180313,0.62,0.907255,1.25834,0.959139
0.5,250,2,vfl_bc,0,intercept,R,0,,0.0722797,0.00165544,0.0724421,0.0464366,1.55653,1.36854,1.77621,0.0659031,0.0786284,0.965,0.965,,,,,
0.5,250,2,vfl_bc,1,R1 score,R,0.449883,3003.95,0.416866,-0.410137,0.0747842,0.0480233,8.6805,8.03568,9.49927,0.406313,0.426773,0,0,2783.49,0.71,0.916758,1.12945,0.926611
0.5,250,2,vfl_bc,2,R2 binary,R,-0.26993,-11683.9,0.274535,0.262975,0.0790243,0.0517929,5.30062,4.77239,5.98478,0.264144,0.285987,0.095,0.09,11883.2,0.505,0.99292,1.33295,1.01706
0.5,250,2,vfl_bc,3,R3 income ($),R,0.179953,0.12585,0.179332,-0.165404,0.0694678,0.048683,3.68368,3.29835,4.18274,0.170232,0.188477,0.38,0.375,0.125416,0.55,0.957129,1.41009,0.996552
0.5,250,2,vfl_bc,4,R4 count,R,0.0899765,1310.99,0.111541,-0.0794592,0.0784751,0.0473936,2.35349,2.05736,2.70455,0.100791,0.122482,0.82,0.82,1625.19,0.61,,,
0.5,250,2,vfl_bc,5,O1 income ($),O,0.359906,0.25067,0.340083,-0.331566,0.0758207,0.0488074,6.96785,6.31153,7.78548,0.329263,0.350219,0.01,0.01,0.236863,0.65,0.925648,1.16975,0.94492
0.5,250,2,vfl_bc,6,O2 age (yr),O,-0.224941,-251.346,0.216305,0.204631,0.0702737,0.0491741,4.39875,3.98047,4.92634,0.206453,0.225536,0.25,0.25,241.695,0.595,0.920337,1.27519,0.961605
0.5,250,2,vfl_bc,7,O3 binary,O,0.134965,5845.05,0.140644,-0.120683,0.0724043,0.0463554,3.03403,2.70666,3.47322,0.130457,0.150314,0.685,0.685,6090.99,0.575,0.861323,1.5334,1.04208
0.5,250,2,vfl_bc,8,O4 count,O,0.0449883,656.704,0.0807806,-0.0358656,0.0725637,0.0514455,1.57022,1.36151,1.81174,0.0723258,0.0896278,0.94,0.94,1179.17,0.58,,,
0.5,250,2,vfl_bc,9,O5 score,O,-0.0899765,-600.266,0.119035,0.0932403,0.0741824,0.0491163,2.42353,2.16806,2.73204,0.109516,0.127513,0.8,0.8,794.124,0.475,,,
0.5,250,2,vfl_bc,10,O6 assets ($),O,0.26993,0.187995,0.258563,-0.246534,0.0781447,0.0490316,5.2734,4.81152,5.8854,0.247597,0.269175,0.145,0.145,0.180079,0.605,0.900777,1.28218,0.957891
0.5,250,2,vfl_uncorrected,0,intercept,R,0,,0.0753333,0.00171905,0.0755027,0.0464366,1.62228,1.4267,1.85387,0.0687849,0.0819234,0.96,0.96,,,,,
0.5,250,2,vfl_uncorrected,1,R1 score,R,0.449883,3003.95,0.415984,-0.408654,0.0779466,0.0480233,8.66214,8.0172,9.48565,0.405001,0.426303,0,0,2777.61,0.71,0.912708,1.13679,0.924651
0.5,250,2,vfl_uncorrected,2,R2 binary,R,-0.26993,-11683.9,0.275182,0.262617,0.0824088,0.0517929,5.31312,4.78467,6.00313,0.264409,0.287053,0.105,0.105,11911.2,0.51,0.99312,1.35423,1.01946
0.5,250,2,vfl_uncorrected,3,R3 income ($),R,0.179953,0.12585,0.180135,-0.165036,0.0723734,0.048683,3.70016,3.31476,4.20896,0.170729,0.189637,0.385,0.375,0.125978,0.56,0.958595,1.41985,1.00101
0.5,250,2,vfl_uncorrected,4,R4 count,R,0.0899765,1310.99,0.113601,-0.0790697,0.0817718,0.0473936,2.39697,2.09566,2.75564,0.102447,0.125074,0.81,0.81,1655.21,0.61,,,
0.5,250,2,vfl_uncorrected,5,O1 income ($),O,0.359906,0.25067,0.339637,-0.329704,0.0817424,0.0488074,6.95871,6.30464,7.79514,0.328045,0.35062,0.015,0.02,0.236552,0.655,0.918707,1.17823,0.943682
0.5,250,2,vfl_uncorrected,6,O2 age (yr),O,-0.224941,-251.346,0.216807,0.203191,0.07581,0.0491741,4.40896,3.98396,4.94855,0.206198,0.226842,0.28,0.28,242.257,0.595,0.913123,1.29216,0.963838
0.5,250,2,vfl_uncorrected,7,O3 binary,O,0.134965,5845.05,0.142782,-0.119607,0.0781751,0.0463554,3.08015,2.73606,3.5371,0.13187,0.153105,0.68,0.68,6183.58,0.58,0.854648,1.57147,1.05792
0.5,250,2,vfl_uncorrected,8,O4 count,O,0.0449883,656.704,0.0856174,-0.0352197,0.0782337,0.0514455,1.66423,1.43914,1.92043,0.0765191,0.095094,0.93,0.93,1249.78,0.585,,,
0.5,250,2,vfl_uncorrected,9,O5 score,O,-0.0899765,-600.266,0.122765,0.0933451,0.0799368,0.0491163,2.49948,2.22986,2.81918,0.11268,0.13181,0.78,0.78,819.01,0.475,,,
0.5,250,2,vfl_uncorrected,10,O6 assets ($),O,0.26993,0.187995,0.258814,-0.244888,0.0839632,0.0490316,5.27853,4.80877,5.90354,0.24719,0.270232,0.16,0.16,0.180254,0.61,0.896407,1.30587,0.958822
0.5,250,4,vfl_bc,0,intercept,R,0,,0.0715168,-0.00813539,0.0712309,0.0464366,1.5401,1.34576,1.77751,0.0650496,0.0783804,0.96,0.965,,,,,
0.5,250,4,vfl_bc,1,R1 score,R,0.449883,3003.95,0.387864,-0.381055,0.0725366,0.0480233,8.07657,7.43953,8.85195,0.378197,0.398362,0,0,2589.84,0.815,0.837461,1.05433,0.862144
0.5,250,4,vfl_bc,2,R2 binary,R,-0.26993,-11683.9,0.252112,0.242251,0.0699953,0.0517929,4.8677,4.40231,5.44725,0.242582,0.261297,0.095,0.095,10912.6,0.64,0.890796,1.21143,0.933993
0.5,250,4,vfl_bc,3,R3 income ($),R,0.179953,0.12585,0.158459,-0.142077,0.0703428,0.048683,3.25492,2.94353,3.65678,0.149362,0.167806,0.495,0.47,0.110819,0.705,0.814811,1.25371,0.880558
0.5,250,4,vfl_bc,4,R4 count,R,0.0899765,1310.99,0.0891805,-0.0529574,0.0719344,0.0473936,1.8817,1.65431,2.15582,0.0809384,0.0975795,0.91,0.91,1299.39,0.665,,,
0.5,250,4,vfl_bc,5,O1 income ($),O,0.359906,0.25067,0.314476,-0.305791,0.0735824,0.0488074,6.44321,5.8541,7.21232,0.305376,0.324533,0.025,0.025,0.219029,0.79,0.866047,1.07797,0.873774
0.5,250,4,vfl_bc,6,O2 age (yr),O,-0.224941,-251.346,0.212495,0.199658,0.0729202,0.0491741,4.32128,3.91512,4.82432,0.203147,0.221806,0.27,0.27,237.439,0.645,0.898166,1.2964,0.944669
0.5,250,4,vfl_bc,7,O3 binary,O,0.134965,5845.05,0.138091,-0.115216,0.0763118,0.0463554,2.97896,2.66863,3.36663,0.128381,0.147331,0.705,0.705,5980.43,0.585,0.816154,1.62533,1.02316
0.5,250,4,vfl_bc,8,O4 count,O,0.0449883,656.704,0.0823685,-0.0263556,0.078234,0.0514455,1.60108,1.40246,1.82925,0.0746458,0.0902282,0.94,0.94,1202.35,0.595,,,
0.5,250,4,vfl_bc,9,O5 score,O,-0.0899765,-600.266,0.114656,0.0890477,0.0724071,0.0491163,2.33438,2.10065,2.6199,0.106185,0.123182,0.805,0.805,764.914,0.49,,,
0.5,250,4,vfl_bc,10,O6 assets ($),O,0.26993,0.187995,0.243496,-0.233331,0.0697929,0.0490316,4.9661,4.53959,5.54779,0.234029,0.253381,0.14,0.135,0.169585,0.71,0.821353,1.21716,0.902071
0.5,250,4,vfl_uncorrected,0,intercept,R,0,,0.0742641,-0.00844717,0.0739673,0.0464366,1.59926,1.39695,1.84606,0.0675597,0.0813011,0.955,0.95,,,,,
0.5,250,4,vfl_uncorrected,1,R1 score,R,0.449883,3003.95,0.386127,-0.378781,0.0751436,0.0480233,8.0404,7.40253,8.82336,0.376049,0.39699,0,0,2578.24,0.82,0.831756,1.05987,0.858283
0.5,250,4,vfl_uncorrected,2,R2 binary,R,-0.26993,-11683.9,0.251916,0.241273,0.0726313,0.0517929,4.8639,4.39703,5.44493,0.242065,0.261385,0.115,0.115,10904.1,0.64,0.885702,1.22339,0.933264
0.5,250,4,vfl_uncorrected,3,R3 income ($),R,0.179953,0.12585,0.158653,-0.140983,0.0729467,0.048683,3.2589,2.94481,3.66056,0.149349,0.168369,0.495,0.485,0.110954,0.71,0.811817,1.26063,0.881637
0.5,250,4,vfl_uncorrected,4,R4 count,R,0.0899765,1310.99,0.0907977,-0.0519164,0.0746779,0.0473936,1.91582,1.68509,2.19601,0.0822735,0.0994255,0.905,0.905,1322.95,0.66,,,
0.5,250,4,vfl_uncorrected,5,O1 income ($),O,0.359906,0.25067,0.312305,-0.302254,0.0787915,0.0488074,6.39873,5.80642,7.16802,0.302617,0.323092,0.04,0.045,0.217516,0.775,0.858992,1.08175,0.867741
0.5,250,4,vfl_uncorrected,6,O2 age (yr),O,-0.224941,-251.346,0.212571,0.197806,0.0780345,0.0491741,4.32281,3.91451,4.83355,0.202652,0.222404,0.28,0.28,237.523,0.645,0.887424,1.31482,0.945005
0.5,250,4,vfl_uncorrected,7,O3 binary,O,0.134965,5845.05,0.139961,-0.113892,0.0815534,0.0463554,3.01931,2.6977,3.41091,0.12974,0.149726,0.7,0.7,6061.44,0.585,0.813632,1.66898,1.03702
0.5,250,4,vfl_uncorrected,8,O4 count,O,0.0449883,656.704,0.0872726,-0.0252081,0.0837624,0.0514455,1.69641,1.4835,1.94306,0.0789833,0.0954332,0.935,0.935,1273.94,0.595,,,
0.5,250,4,vfl_uncorrected,9,O5 score,O,-0.0899765,-600.266,0.117718,0.0887742,0.0775023,0.0491163,2.39671,2.15132,2.69357,0.108936,0.126676,0.81,0.81,785.337,0.49,,,
0.5,250,4,vfl_uncorrected,10,O6 assets ($),O,0.26993,0.187995,0.242873,-0.231106,0.0748678,0.0490316,4.9534,4.5205,5.53973,0.232725,0.25353,0.175,0.175,0.169151,0.71,0.814186,1.23249,0.899764
0.5,250,8,vfl_bc,0,intercept,R,0,,0.0712095,-0.0170722,0.0693062,0.0464366,1.53348,1.35042,1.74608,0.0637403,0.0783299,0.92,0.92,,,,,
0.5,250,8,vfl_bc,1,R1 score,R,0.449883,3003.95,0.327839,-0.320762,0.0679204,0.0480233,6.82666,6.27542,7.5378,0.318306,0.3377,0.005,0.005,2189.04,0.965,0.713896,0.906674,0.728721
0.5,250,8,vfl_bc,2,R2 binary,R,-0.26993,-11683.9,0.227515,0.217984,0.0653243,0.0517929,4.39277,3.94351,4.94539,0.218644,0.235799,0.12,0.12,9847.94,0.77,0.821123,1.10672,0.842867
0.5,250,8,vfl_bc,3,R3 income ($),R,0.179953,0.12585,0.132659,-0.11545,0.0655067,0.048683,2.72495,2.40911,3.09942,0.124752,0.140737,0.64,0.63,0.092775,0.83,0.654557,1.10809,0.737185
0.5,250,8,vfl_bc,4,R4 count,R,0.0899765,1310.99,0.0752419,-0.0349235,0.0668133,0.0473936,1.5876,1.38186,1.83839,0.0677169,0.0826696,0.94,0.94,1096.3,0.795,,,
0.5,250,8,vfl_bc,5,O1 income ($),O,0.359906,0.25067,0.273129,-0.261846,0.0778849,0.0488074,5.59605,5.0577,6.28646,0.263045,0.283129,0.09,0.09,0.19023,0.91,0.731707,0.980044,0.758889
0.5,250,8,vfl_bc,6,O2 age (yr),O,-0.224941,-251.346,0.202156,0.188455,0.0733394,0.0491741,4.11103,3.72435,4.5866,0.191156,0.212243,0.285,0.285,225.886,0.715,0.826746,1.24417,0.898707
0.5,250,8,vfl_bc,7,O3 binary,O,0.134965,5845.05,0.132578,-0.113164,0.0692441,0.0463554,2.86003,2.57209,3.26073,0.124277,0.141192,0.685,0.685,5741.67,0.63,0.877209,1.46367,0.982313
0.5,250,8,vfl_bc,8,O4 count,O,0.0449883,656.704,0.0773016,-0.026367,0.0728481,0.0514455,1.50259,1.32225,1.70686,0.0694093,0.0851773,0.94,0.94,1128.39,0.6,,,
0.5,250,8,vfl_bc,9,O5 score,O,-0.0899765,-600.266,0.0998401,0.0737584,0.0674574,0.0491163,2.03273,1.83246,2.29112,0.0926696,0.107408,0.84,0.84,666.07,0.575,,,
0.5,250,8,vfl_bc,10,O6 assets ($),O,0.26993,0.187995,0.202371,-0.190179,0.069354,0.0490316,4.12736,3.76717,4.60329,0.193393,0.211407,0.3,0.29,0.140943,0.85,0.711037,1.0474,0.749717
0.5,250,8,vfl_uncorrected,0,intercept,R,0,,0.0734652,-0.0176325,0.0714968,0.0464366,1.58205,1.39265,1.80019,0.0657777,0.0807844,0.915,0.915,,,,,
0.5,250,8,vfl_uncorrected,1,R1 score,R,0.449883,3003.95,0.32465,-0.316989,0.0702847,0.0480233,6.76026,6.21169,7.47236,0.314829,0.334851,0.005,0.005,2167.75,0.96,0.706809,0.902442,0.721632
0.5,250,8,vfl_uncorrected,2,R2 binary,R,-0.26993,-11683.9,0.226309,0.21605,0.0675369,0.0517929,4.3695,3.91522,4.91718,0.217092,0.234856,0.14,0.14,9795.76,0.77,0.814045,1.10819,0.838401
0.5,250,8,vfl_uncorrected,3,R3 income ($),R,0.179953,0.12585,0.13214,-0.11356,0.0677354,0.048683,2.7143,2.39492,3.08957,0.1239,0.140471,0.65,0.63,0.0924124,0.83,0.643456,1.10844,0.734304
0.5,250,8,vfl_uncorrected,4,R4 count,R,0.0899765,1310.99,0.0768075,-0.0338168,0.0691355,0.0473936,1.62063,1.40861,1.87758,0.0690664,0.0844487,0.93,0.93,1119.11,0.79,,,
0.5,250,8,vfl_uncorrected,5,O1 income ($),O,0.359906,0.25067,0.269426,-0.256427,0.082887,0.0488074,5.52019,4.98149,6.21265,0.258736,0.280059,0.115,0.115,0.187652,0.91,0.714385,0.982681,0.748602
0.5,250,8,vfl_uncorrected,6,O2 age (yr),O,-0.224941,-251.346,0.201438,0.185773,0.0780766,0.0491741,4.09642,3.70466,4.57693,0.189777,0.212088,0.31,0.31,225.084,0.715,0.81814,1.2517,0.895514
0.5,250,8,vfl_uncorrected,7,O3 binary,O,0.134965,5845.05,0.133962,-0.111918,0.0738069,0.0463554,2.88989,2.59579,3.30113,0.125191,0.143045,0.69,0.69,5801.61,0.625,0.864364,1.50051,0.992569
0.5,250,8,vfl_uncorrected,8,O4 count,O,0.0449883,656.704,0.0812276,-0.0253598,0.077361,0.0514455,1.57891,1.39003,1.79321,0.0730359,0.089408,0.93,0.93,1185.7,0.6,,,
0.5,250,8,vfl_uncorrected,9,O5 score,O,-0.0899765,-600.266,0.101876,0.0723325,0.0719203,0.0491163,2.07417,1.86796,2.34174,0.0943687,0.110016,0.83,0.83,679.65,0.57,,,
0.5,250,8,vfl_uncorrected,10,O6 assets ($),O,0.26993,0.187995,0.199552,-0.185435,0.0739071,0.0490316,4.06987,3.70633,4.5416,0.190102,0.208949,0.335,0.335,0.13898,0.85,0.693624,1.04904,0.739274
0.5,500,,ols,0,intercept,R,0,,0.0306176,0.00180322,0.0306412,0.0306412,0.999231,0.997501,1.01744,0.0277235,0.0334841,0.955,0.96,,,,,
0.5,500,,ols,1,R1 score,R,0.449883,3003.95,0.0321026,0.00136636,0.032154,0.032154,0.998402,0.997499,1.01433,0.0292452,0.034866,0.97,0.965,214.355,1,0.0479363,0.122053,0.0713577
0.5,500,,ols,2,R2 binary,R,-0.26993,-11683.9,0.031704,8.43087e-05,0.0317835,0.0317835,0.9975,0.997501,1.01062,0.028847,0.0345216,0.975,0.975,1372.3,1,0.0821497,0.189765,0.117453
0.5,500,,ols,3,R3 income ($),R,0.179953,0.12585,0.0369974,0.00444476,0.0368216,0.0368216,1.00477,0.997557,1.03524,0.0338635,0.0400694,0.96,0.965,0.0258742,1,0.146028,0.323854,0.205595
0.5,500,,ols,4,R4 count,R,0.0899765,1310.99,0.0361703,-9.92878e-05,0.0362609,0.0362609,0.997501,0.9975,1.01124,0.0331728,0.039196,0.955,0.955,527.014,1,,,
0.5,500,,ols,5,O1 income ($),O,0.359906,0.25067,0.0345494,-0.00410605,0.0343906,0.0343906,1.00462,0.997534,1.03128,0.0310341,0.037961,0.94,0.935,0.0240632,1,0.0612204,0.155706,0.0959956
0.5,500,,ols,6,O2 age (yr),O,-0.224941,-251.346,0.0316904,0.00109307,0.031751,0.031751,0.998091,0.9975,1.01214,0.0278939,0.0353688,0.96,0.96,35.4104,1,0.0846525,0.236693,0.140883
0.5,500,,ols,7,O3 binary,O,0.134965,5845.05,0.0342115,-0.00477743,0.0339613,0.0339613,1.00737,0.99761,1.03752,0.0308583,0.0374552,0.925,0.925,1481.63,1,0.174428,0.429639,0.253485
0.5,500,,ols,8,O4 count,O,0.0449883,656.704,0.034157,0.00091494,0.0342305,0.0342305,0.997855,0.997499,1.01189,0.0306723,0.0377618,0.95,0.95,498.598,0.91,,,
0.5,500,,ols,9,O5 score,O,-0.0899765,-600.266,0.0349823,0.00106084,0.035054,0.035054,0.997956,0.9975,1.01154,0.0313268,0.0384243,0.94,0.945,233.38,0.995,,,
0.5,500,,ols,10,O6 assets ($),O,0.26993,0.187995,0.0322928,-0.00400491,0.0321239,0.0321239,1.00526,0.997547,1.03226,0.0291517,0.0353772,0.97,0.97,0.0224906,1,0.0843471,0.194446,0.119634
0.5,500,,ols_unclipped,0,intercept,R,0,,0.0306138,0.00088389,0.0306778,0.0306412,0.999106,0.992455,1.01507,0.0277787,0.033466,,,,,,,
0.5,500,,ols_unclipped,1,R1 score,R,0.449883,3003.95,0.0322337,0.00345907,0.032128,0.032154,1.00248,0.989666,1.02854,0.0293198,0.0350013,,,215.231,1,0.051618,0.124948,0.0716492
0.5,500,,ols_unclipped,2,R2 binary,R,-0.26993,-11683.9,0.0317681,-0.000821534,0.0318371,0.0317835,0.999516,0.990355,1.01722,0.0289313,0.0345261,,,1375.08,1,0.0833479,0.188465,0.11769
0.5,500,,ols_unclipped,3,R3 income ($),R,0.179953,0.12585,0.03631,0.00181787,0.0363555,0.0368216,0.986106,0.96694,1.01566,0.0331723,0.0394092,,,0.0253935,1,0.141645,0.320569,0.201775
0.5,500,,ols_unclipped,4,R4 count,R,0.0899765,1310.99,0.0356479,-0.000470738,0.0357342,0.0362609,0.983094,0.970124,1.00266,0.0326712,0.0385834,,,519.403,1,,,
0.5,500,,ols_unclipped,5,O1 income ($),O,0.359906,0.25067,0.03371,-0.00348715,0.0336132,0.0343906,0.980208,0.950761,1.01786,0.0302399,0.0369741,,,0.0234785,1,0.0633827,0.150262,0.0936632
0.5,500,,ols_unclipped,6,O2 age (yr),O,-0.224941,-251.346,0.0319156,0.000400776,0.0319932,0.031751,1.00518,0.995164,1.02192,0.0281094,0.0355994,,,35.662,1,0.0850478,0.241584,0.141884
0.5,500,,ols_unclipped,7,O3 binary,O,0.134965,5845.05,0.0341696,-0.00424359,0.0339901,0.0339613,1.00613,0.994625,1.03448,0.0308331,0.037416,,,1479.82,1,0.170633,0.425721,0.253174
0.5,500,,ols_unclipped,8,O4 count,O,0.0449883,656.704,0.0340826,0.000679821,0.0341613,0.0342305,0.99568,0.984675,1.01343,0.0305781,0.0376498,,,497.511,0.915,,,
0.5,500,,ols_unclipped,9,O5 score,O,-0.0899765,-600.266,0.035397,0.000842235,0.0354757,0.035054,1.00978,1.00106,1.02499,0.0316638,0.0389687,,,236.146,0.995,,,
0.5,500,,ols_unclipped,10,O6 assets ($),O,0.26993,0.187995,0.0324876,-0.00429741,0.0322829,0.0321239,1.01132,0.991714,1.04006,0.0292181,0.0357719,,,0.0226263,1,0.0818373,0.189484,0.120356
0.5,500,0.5,vfl_bc,0,intercept,R,0,,0.0753219,-0.000148544,0.0755108,0.0306412,2.45819,2.1588,2.82034,0.0678117,0.0834342,0.965,0.965,,,,,
0.5,500,0.5,vfl_bc,1,R1 score,R,0.449883,3003.95,0.438111,-0.432795,0.0682141,0.032154,13.6254,12.5085,15.0366,0.429053,0.447704,0,0,2925.35,0.59,0.959426,1.16129,0.973834
0.5,500,0.5,vfl_bc,2,R2 binary,R,-0.26993,-11683.9,0.275882,0.264672,0.0780399,0.0317835,8.68006,7.90314,9.57733,0.264377,0.286189,0.06,0.06,11941.5,0.53,0.972715,1.38291,1.02205
0.5,500,0.5,vfl_bc,3,R3 income ($),R,0.179953,0.12585,0.188298,-0.168329,0.0846002,0.0368216,5.11379,4.63726,5.7541,0.176989,0.199246,0.46,0.445,0.131687,0.555,0.912124,1.54417,1.04637
0.5,500,0.5,vfl_bc,4,R4 count,R,0.0899765,1310.99,0.105303,-0.0780824,0.07083,0.0362609,2.90403,2.61995,3.2374,0.0977318,0.112702,0.865,0.865,1534.3,0.52,,,
0.5,500,0.5,vfl_bc,5,O1 income ($),O,0.359906,0.25067,0.342078,-0.334198,0.073186,0.0343906,9.94685,9.06948,11.1832,0.332642,0.351682,0.025,0.025,0.238253,0.625,0.950189,1.1487,0.950466
0.5,500,0.5,vfl_bc,6,O2 age (yr),O,-0.224941,-251.346,0.236348,0.223019,0.0784463,0.031751,7.4438,6.62294,8.52392,0.226465,0.246603,0.275,0.28,264.092,0.49,1.0051,1.43999,1.05071
0.5,500,0.5,vfl_bc,7,O3 binary,O,0.134965,5845.05,0.149234,-0.13099,0.0716809,0.0339613,4.39424,3.91824,4.99058,0.139536,0.159074,0.66,0.66,6463.04,0.515,0.977499,1.69352,1.10573
0.5,500,0.5,vfl_bc,8,O4 count,O,0.0449883,656.704,0.0770491,-0.0307706,0.0708153,0.0342305,2.25089,1.96764,2.58587,0.0703117,0.0833738,0.97,0.97,1124.7,0.58,,,
0.5,500,0.5,vfl_bc,9,O5 score,O,-0.0899765,-600.266,0.112716,0.0891918,0.0690912,0.035054,3.2155,2.85171,3.68489,0.103119,0.121736,0.885,0.885,751.969,0.485,,,
0.5,500,0.5,vfl_bc,10,O6 assets ($),O,0.26993,0.187995,0.267509,-0.257328,0.073281,0.0321239,8.32742,7.54436,9.34568,0.258033,0.27717,0.085,0.08,0.186309,0.57,0.962995,1.31408,0.991032
0.5,500,0.5,vfl_uncorrected,0,intercept,R,0,,0.0784655,-6.43642e-05,0.0786624,0.0306412,2.56079,2.25173,2.93441,0.0706613,0.0868639,0.96,0.96,,,,,
0.5,500,0.5,vfl_uncorrected,1,R1 score,R,0.449883,3003.95,0.4378,-0.432025,0.0710575,0.032154,13.6157,12.4842,15.0322,0.428401,0.447753,0,0,2923.28,0.595,0.956927,1.16888,0.973144
0.5,500,0.5,vfl_uncorrected,2,R2 binary,R,-0.26993,-11683.9,0.276496,0.264315,0.0813673,0.0317835,8.69938,7.91724,9.60068,0.26447,0.287335,0.07,0.07,11968.1,0.53,0.970981,1.39961,1.02433
0.5,500,0.5,vfl_uncorrected,3,R3 income ($),R,0.179953,0.12585,0.189488,-0.167804,0.0882407,0.0368216,5.1461,4.66128,5.79694,0.17775,0.200916,0.475,0.455,0.132518,0.545,0.908043,1.57056,1.05298
0.5,500,0.5,vfl_uncorrected,4,R4 count,R,0.0899765,1310.99,0.107002,-0.0776183,0.0738385,0.0362609,2.9509,2.66072,3.29533,0.0990946,0.114676,0.855,0.855,1559.06,0.51,,,
0.5,500,0.5,vfl_uncorrected,5,O1 income ($),O,0.359906,0.25067,0.34147,-0.332209,0.0791862,0.0343906,9.92917,9.04166,11.18,0.331404,0.35185,0.04,0.04,0.237829,0.63,0.944902,1.15765,0.948775
0.5,500,0.5,vfl_uncorrected,6,O2 age (yr),O,-0.224941,-251.346,0.238189,0.222735,0.084611,0.031751,7.50177,6.6629,8.59792,0.227527,0.249176,0.29,0.29,266.149,0.49,1.00786,1.47341,1.05889
0.5,500,0.5,vfl_uncorrected,7,O3 binary,O,0.134965,5845.05,0.151746,-0.130677,0.0773318,0.0339613,4.46819,3.97657,5.08182,0.141511,0.162285,0.66,0.66,6571.79,0.51,0.9731,1.74912,1.12433
0.5,500,0.5,vfl_uncorrected,8,O4 count,O,0.0449883,656.704,0.081805,-0.0296765,0.0764236,0.0342305,2.38983,2.09337,2.74218,0.0746129,0.088585,0.97,0.97,1194.13,0.58,,,
0.5,500,0.5,vfl_uncorrected,9,O5 score,O,-0.0899765,-600.266,0.116172,0.0890437,0.0748012,0.035054,3.3141,2.93353,3.80147,0.106085,0.125837,0.855,0.86,775.028,0.48,,,
0.5,500,0.5,vfl_uncorrected,10,O6 assets ($),O,0.26993,0.187995,0.268224,-0.256311,0.0792459,0.0321239,8.34967,7.54889,9.38341,0.257988,0.27854,0.115,0.115,0.186807,0.565,0.953361,1.33821,0.993681
0.5,500,1,vfl_bc,0,intercept,R,0,,0.0741082,0.0108753,0.0734898,0.0306412,2.41858,2.13,2.77004,0.0673873,0.0809268,0.97,0.97,,,,,
0.5,500,1,vfl_bc,1,R1 score,R,0.449883,3003.95,0.405385,-0.399349,0.0698663,0.032154,12.6076,11.587,13.9097,0.395912,0.41462,0,0,2706.83,0.73,0.884497,1.09915,0.90109
0.5,500,1,vfl_bc,2,R2 binary,R,-0.26993,-11683.9,0.25699,0.248462,0.0658205,0.0317835,8.08565,7.39354,8.96807,0.247952,0.265903,0.075,0.075,11123.8,0.65,0.9157,1.24178,0.952063
0.5,500,1,vfl_bc,3,R3 income ($),R,0.179953,0.12585,0.177176,-0.161016,0.0741124,0.0368216,4.81172,4.3662,5.35869,0.166788,0.187432,0.45,0.445,0.123908,0.59,0.884132,1.39007,0.984566
0.5,500,1,vfl_bc,4,R4 count,R,0.0899765,1310.99,0.105679,-0.0700922,0.0792876,0.0362609,2.9144,2.56123,3.31545,0.0955831,0.116015,0.865,0.87,1539.78,0.605,,,
0.5,500,1,vfl_bc,5,O1 income ($),O,0.359906,0.25067,0.334407,-0.326581,0.0721065,0.0343906,9.7238,8.81788,10.8913,0.324505,0.344185,0.02,0.02,0.23291,0.69,0.915066,1.14649,0.929152
0.5,500,1,vfl_bc,6,O2 age (yr),O,-0.224941,-251.346,0.229443,0.215543,0.0788433,0.031751,7.22632,6.38335,8.33582,0.218821,0.239603,0.235,0.235,256.376,0.535,0.94362,1.37106,1.02001
0.5,500,1,vfl_bc,7,O3 binary,O,0.134965,5845.05,0.1453,-0.125757,0.0729636,0.0339613,4.27838,3.85407,4.83861,0.136126,0.154802,0.655,0.655,6292.63,0.555,0.927436,1.69211,1.07657
0.5,500,1,vfl_bc,8,O4 count,O,0.0449883,656.704,0.0832911,-0.0379907,0.0743083,0.0342305,2.43325,2.10281,2.81272,0.0754171,0.09068,0.96,0.96,1215.82,0.525,,,
0.5,500,1,vfl_bc,9,O5 score,O,-0.0899765,-600.266,0.110361,0.0843759,0.0713133,0.035054,3.1483,2.81103,3.55689,0.101659,0.11931,0.865,0.865,736.255,0.52,,,
0.5,500,1,vfl_bc,10,O6 assets ($),O,0.26993,0.187995,0.254346,-0.244768,0.0693146,0.0321239,7.91766,7.18633,8.84307,0.244804,0.26322,0.115,0.115,0.177142,0.625,0.936932,1.21583,0.942268
0.5,500,1,vfl_uncorrected,0,intercept,R,0,,0.0770745,0.0112166,0.0764453,0.0306412,2.51539,2.21372,2.88164,0.0700311,0.0842402,0.955,0.95,,,,,
0.5,500,1,vfl_uncorrected,1,R1 score,R,0.449883,3003.95,0.404019,-0.397474,0.0726112,0.032154,12.5651,11.5465,13.8759,0.394096,0.413637,0,0,2697.71,0.735,0.876305,1.10719,0.898055
0.5,500,1,vfl_uncorrected,2,R2 binary,R,-0.26993,-11683.9,0.256679,0.247426,0.068468,0.0317835,8.07586,7.38161,8.95946,0.247351,0.265927,0.085,0.085,11110.3,0.65,0.912654,1.25197,0.95091
0.5,500,1,vfl_uncorrected,3,R3 income ($),R,0.179953,0.12585,0.177837,-0.160353,0.0770872,0.0368216,4.82969,4.37996,5.38614,0.167006,0.188528,0.455,0.445,0.124371,0.59,0.881231,1.40269,0.988241
0.5,500,1,vfl_uncorrected,4,R4 count,R,0.0899765,1310.99,0.107654,-0.069343,0.0825526,0.0362609,2.96886,2.60205,3.38497,0.0970716,0.118463,0.865,0.865,1568.55,0.605,,,
0.5,500,1,vfl_uncorrected,5,O1 income ($),O,0.359906,0.25067,0.333375,-0.324268,0.0775865,0.0343906,9.6938,8.77583,10.8703,0.322686,0.34389,0.02,0.02,0.232191,0.675,0.908133,1.15909,0.926285
0.5,500,1,vfl_uncorrected,6,O2 age (yr),O,-0.224941,-251.346,0.230767,0.214686,0.0848484,0.031751,7.26801,6.41583,8.39858,0.219418,0.241688,0.26,0.26,257.855,0.54,0.936995,1.39356,1.0259
0.5,500,1,vfl_uncorrected,7,O3 binary,O,0.134965,5845.05,0.147627,-0.125079,0.0786127,0.0339613,4.34693,3.90573,4.91427,0.137916,0.15781,0.655,0.655,6393.44,0.56,0.922695,1.74875,1.09382
0.5,500,1,vfl_uncorrected,8,O4 count,O,0.0449883,656.704,0.0881569,-0.0375874,0.0799424,0.0342305,2.57539,2.23284,2.98105,0.0797151,0.0961295,0.92,0.92,1286.85,0.525,,,
0.5,500,1,vfl_uncorrected,9,O5 score,O,-0.0899765,-600.266,0.11374,0.0838952,0.0769942,0.035054,3.24472,2.89651,3.66924,0.104302,0.123254,0.85,0.85,758.803,0.52,,,
0.5,500,1,vfl_uncorrected,10,O6 assets ($),O,0.26993,0.187995,0.25411,-0.242964,0.0746182,0.0321239,7.91031,7.16737,8.84406,0.243846,0.26359,0.16,0.155,0.176977,0.625,0.931066,1.23729,0.941393
0.5,500,2,vfl_bc,0,intercept,R,0,,0.0682156,-0.00195146,0.0683588,0.0306412,2.22627,1.96404,2.54235,0.0626352,0.0737864,0.97,0.975,,,,,
0.5,500,2,vfl_bc,1,R1 score,R,0.449883,3003.95,0.372553,-0.364777,0.0759105,0.032154,11.5865,10.6479,12.7831,0.361945,0.383036,0,0,2487.61,0.86,0.811734,1.02372,0.828112
0.5,500,2,vfl_bc,2,R2 binary,R,-0.26993,-11683.9,0.24599,0.236884,0.0664771,0.0317835,7.73957,7.06103,8.5492,0.236581,0.25422,0.08,0.08,10647.7,0.69,0.8854,1.19952,0.911313
0.5,500,2,vfl_bc,3,R3 income ($),R,0.179953,0.12585,0.149431,-0.132213,0.0698121,0.0368216,4.05824,3.6825,4.52967,0.140421,0.159018,0.56,0.54,0.104505,0.745,0.733529,1.2069,0.83039
0.5,500,2,vfl_bc,4,R4 count,R,0.0899765,1310.99,0.0876519,-0.0577492,0.066104,0.0362609,2.41726,2.13587,2.75743,0.0796945,0.0953468,0.915,0.92,1277.12,0.665,,,
0.5,500,2,vfl_bc,5,O1 income ($),O,0.359906,0.25067,0.302608,-0.293592,0.0735024,0.0343906,8.79915,8.03359,9.85772,0.293327,0.312215,0.03,0.04,0.210762,0.835,0.813242,1.09448,0.840798
0.5,500,2,vfl_bc,6,O2 age (yr),O,-0.224941,-251.346,0.209569,0.197514,0.0702272,0.031751,6.60037,5.85636,7.56324,0.199692,0.219775,0.26,0.26,234.169,0.66,0.879736,1.26775,0.931659
0.5,500,2,vfl_bc,7,O3 binary,O,0.134965,5845.05,0.131168,-0.111053,0.0699772,0.0339613,3.86228,3.4545,4.39524,0.122768,0.139148,0.69,0.69,5680.63,0.635,0.845954,1.48143,0.97187
0.5,500,2,vfl_bc,8,O4 count,O,0.0449883,656.704,0.0758903,-0.0275297,0.0708984,0.0342305,2.21704,1.92957,2.5762,0.0679523,0.0840627,0.955,0.955,1107.79,0.615,,,
0.5,500,2,vfl_bc,9,O5 score,O,-0.0899765,-600.266,0.111283,0.0869571,0.0696173,0.035054,3.17461,2.76618,3.65949,0.102164,0.120192,0.82,0.82,742.408,0.55,,,
0.5,500,2,vfl_bc,10,O6 assets ($),O,0.26993,0.187995,0.235691,-0.225587,0.0684423,0.0321239,7.33695,6.60974,8.20594,0.22625,0.244879,0.17,0.165,0.164149,0.725,0.842765,1.14254,0.873158
0.5,500,2,vfl_uncorrected,0,intercept,R,0,,0.0707334,-0.00201951,0.070882,0.0306412,2.30845,2.03626,2.63649,0.0649685,0.0764688,0.96,0.955,,,,,
0.5,500,2,vfl_uncorrected,1,R1 score,R,0.449883,3003.95,0.370284,-0.361864,0.0787091,0.032154,11.5159,10.5776,12.7101,0.359326,0.381151,0.005,0.005,2472.45,0.865,0.805711,1.02459,0.823067
0.5,500,2,vfl_uncorrected,2,R2 binary,R,-0.26993,-11683.9,0.245493,0.235616,0.0691068,0.0317835,7.72392,7.04108,8.53841,0.235803,0.254017,0.08,0.08,10626.1,0.695,0.876584,1.20689,0.909471
0.5,500,2,vfl_uncorrected,3,R3 income ($),R,0.179953,0.12585,0.149287,-0.130682,0.0723536,0.0368216,4.05433,3.67358,4.53112,0.140003,0.159219,0.585,0.545,0.104404,0.74,0.72309,1.22347,0.82959
0.5,500,2,vfl_uncorrected,4,R4 count,R,0.0899765,1310.99,0.0888386,-0.0568503,0.068438,0.0362609,2.44998,2.16366,2.79382,0.0806462,0.0967642,0.915,0.915,1294.41,0.66,,,
0.5,500,2,vfl_uncorrected,5,O1 income ($),O,0.359906,0.25067,0.299714,-0.289263,0.0786557,0.0343906,8.71501,7.95116,9.7728,0.289764,0.309968,0.06,0.06,0.208747,0.83,0.799177,1.10194,0.832757
0.5,500,2,vfl_uncorrected,6,O2 age (yr),O,-0.224941,-251.346,0.209133,0.19529,0.07501,0.031751,6.58665,5.84347,7.5583,0.198677,0.220033,0.28,0.285,233.682,0.665,0.871166,1.28263,0.929723
0.5,500,2,vfl_uncorrected,7,O3 binary,O,0.134965,5845.05,0.132565,-0.109659,0.0746757,0.0339613,3.90342,3.48009,4.44924,0.123564,0.140874,0.69,0.695,5741.14,0.64,0.833063,1.51754,0.982222
0.5,500,2,vfl_uncorrected,8,O4 count,O,0.0449883,656.704,0.0801695,-0.026437,0.075875,0.0342305,2.34205,2.03745,2.72173,0.0717695,0.0887874,0.945,0.945,1170.25,0.61,,,
0.5,500,2,vfl_uncorrected,9,O5 score,O,-0.0899765,-600.266,0.114139,0.0866171,0.0745181,0.035054,3.25609,2.8276,3.76262,0.104475,0.123462,0.805,0.805,761.462,0.545,,,
0.5,500,2,vfl_uncorrected,10,O6 assets ($),O,0.26993,0.187995,0.234356,-0.222744,0.0730378,0.0321239,7.29538,6.56659,8.16829,0.224324,0.244175,0.2,0.195,0.163219,0.74,0.830841,1.14991,0.868211
0.5,500,4,vfl_bc,0,intercept,R,0,,0.0626529,-0.0046594,0.0626362,0.0306412,2.04473,1.79051,2.33716,0.0564122,0.0686157,0.96,0.955,,,,,
0.5,500,4,vfl_bc,1,R1 score,R,0.449883,3003.95,0.315654,-0.309876,0.0602706,0.032154,9.81695,9.09545,10.8357,0.307959,0.323817,0,0,2107.68,0.995,0.696574,0.859068,0.701636
0.5,500,4,vfl_bc,2,R2 binary,R,-0.26993,-11683.9,0.219888,0.211443,0.0605054,0.0317835,6.91832,6.2982,7.71169,0.211375,0.228356,0.12,0.12,9517.83,0.87,0.793369,1.0567,0.814613
0.5,500,4,vfl_bc,3,R3 income ($),R,0.179953,0.12585,0.15032,-0.133647,0.068982,0.0368216,4.08239,3.68708,4.57961,0.14101,0.159349,0.51,0.51,0.105127,0.75,0.754256,1.22128,0.83533
0.5,500,4,vfl_bc,4,R4 count,R,0.0899765,1310.99,0.0692943,-0.0288825,0.0631461,0.0362609,1.91099,1.68018,2.15664,0.0627348,0.0754027,0.945,0.945,1009.64,0.83,,,
0.5,500,4,vfl_bc,5,O1 income ($),O,0.359906,0.25067,0.267115,-0.258294,0.0682493,0.0343906,7.76708,7.0825,8.67996,0.258049,0.275834,0.06,0.06,0.186042,0.945,0.729984,0.95998,0.742179
0.5,500,4,vfl_bc,6,O2 age (yr),O,-0.224941,-251.346,0.191407,0.179712,0.0660457,0.031751,6.02838,5.37997,6.8679,0.182879,0.199806,0.265,0.265,213.876,0.77,0.821392,1.12167,0.850921
0.5,500,4,vfl_bc,7,O3 binary,O,0.134965,5845.05,0.118507,-0.0963263,0.069203,0.0339613,3.48946,3.10457,3.95692,0.109426,0.126945,0.745,0.75,5132.29,0.715,0.738937,1.3547,0.878057
0.5,500,4,vfl_bc,8,O4 count,O,0.0449883,656.704,0.0784359,-0.027042,0.0738116,0.0342305,2.29141,1.99438,2.64904,0.0712663,0.0858816,0.925,0.925,1144.95,0.62,,,
0.5,500,4,vfl_bc,9,O5 score,O,-0.0899765,-600.266,0.106336,0.0806937,0.0694268,0.035054,3.03351,2.67572,3.50453,0.0972403,0.115635,0.845,0.85,709.409,0.58,,,
0.5,500,4,vfl_bc,10,O6 assets ($),O,0.26993,0.187995,0.201554,-0.189004,0.0701868,0.0321239,6.27428,5.67117,7.04283,0.192436,0.211098,0.28,0.26,0.140374,0.855,0.70121,1.0495,0.746692
0.5,500,4,vfl_uncorrected,0,intercept,R,0,,0.064454,-0.00479088,0.064437,0.0306412,2.10351,1.83891,2.40346,0.0579873,0.0706392,0.955,0.955,,,,,
0.5,500,4,vfl_uncorrected,1,R1 score,R,0.449883,3003.95,0.311982,-0.305748,0.0622115,0.032154,9.70274,8.9889,10.7086,0.304004,0.320421,0,0,2083.16,0.995,0.68896,0.856038,0.693474
0.5,500,4,vfl_uncorrected,2,R2 binary,R,-0.26993,-11683.9,0.218381,0.209318,0.0624145,0.0317835,6.87089,6.25156,7.66305,0.209597,0.227065,0.125,0.12,9452.57,0.87,0.783493,1.05174,0.809028
0.5,500,4,vfl_uncorrected,3,R3 income ($),R,0.179953,0.12585,0.150515,-0.132567,0.0714582,0.0368216,4.08769,3.68896,4.59008,0.140924,0.159925,0.515,0.505,0.105263,0.75,0.748221,1.22952,0.836415
0.5,500,4,vfl_uncorrected,4,R4 count,R,0.0899765,1310.99,0.0706498,-0.0276433,0.0651804,0.0362609,1.94837,1.71605,2.19984,0.063907,0.0767921,0.93,0.93,1029.39,0.83,,,
0.5,500,4,vfl_uncorrected,5,O1 income ($),O,0.359906,0.25067,0.262924,-0.252864,0.0722159,0.0343906,7.64524,6.96332,8.54921,0.253343,0.272202,0.085,0.085,0.183123,0.94,0.715641,0.958339,0.730536
0.5,500,4,vfl_uncorrected,6,O2 age (yr),O,-0.224941,-251.346,0.189868,0.176605,0.0698929,0.031751,5.97991,5.32717,6.81027,0.180916,0.198665,0.29,0.29,212.156,0.77,0.809428,1.1286,0.844079
0.5,500,4,vfl_uncorrected,7,O3 binary,O,0.134965,5845.05,0.119423,-0.094225,0.0735571,0.0339613,3.51645,3.11954,3.99149,0.109943,0.12835,0.745,0.75,5171.99,0.715,0.728612,1.37248,0.884849
0.5,500,4,vfl_uncorrected,8,O4 count,O,0.0449883,656.704,0.082418,-0.0261796,0.0783457,0.0342305,2.40774,2.09447,2.78592,0.0747874,0.0902692,0.895,0.89,1203.07,0.62,,,
0.5,500,4,vfl_uncorrected,9,O5 score,O,-0.0899765,-600.266,0.108336,0.0795306,0.0737482,0.035054,3.09055,2.72195,3.57623,0.0988186,0.118038,0.835,0.835,722.75,0.575,,,
0.5,500,4,vfl_uncorrected,10,O6 assets ($),O,0.26993,0.187995,0.198855,-0.184426,0.0745552,0.0321239,6.19027,5.5849,6.95348,0.189219,0.208968,0.305,0.295,0.138495,0.855,0.680282,1.05238,0.736694
0.5,500,8,vfl_bc,0,intercept,R,0,,0.0601589,0.00176596,0.0602839,0.0306412,1.96334,1.696,2.2759,0.0533974,0.0668124,0.96,0.955,,,,,
0.5,500,8,vfl_bc,1,R1 score,R,0.449883,3003.95,0.231549,-0.224459,0.0570028,0.032154,7.20125,6.61855,7.97334,0.223408,0.239422,0.015,0.02,1546.1,1,0.484255,0.663338,0.514688
0.5,500,8,vfl_bc,2,R2 binary,R,-0.26993,-11683.9,0.184335,0.172075,0.0662702,0.0317835,5.79973,5.29532,6.44445,0.175557,0.193255,0.245,0.24,7978.93,0.91,0.635236,0.974154,0.682902
0.5,500,8,vfl_bc,3,R3 income ($),R,0.179953,0.12585,0.111859,-0.0894812,0.0672925,0.0368216,3.03787,2.74654,3.40161,0.103478,0.120618,0.77,0.75,0.078229,0.905,0.506922,0.969212,0.621603
0.5,500,8,vfl_bc,4,R4 count,R,0.0899765,1310.99,0.0681297,-0.0124411,0.0671522,0.0362609,1.87887,1.66619,2.13256,0.0615792,0.0746195,0.96,0.96,992.674,0.86,,,
0.5,500,8,vfl_bc,5,O1 income ($),O,0.359906,0.25067,0.198917,-0.187731,0.0659281,0.0343906,5.78404,5.2175,6.51915,0.190017,0.207929,0.24,0.245,0.138543,1,0.512208,0.7622,0.552691
0.5,500,8,vfl_bc,6,O2 age (yr),O,-0.224941,-251.346,0.159172,0.145596,0.0644851,0.031751,5.01313,4.44365,5.76771,0.150255,0.16797,0.41,0.41,177.856,0.895,0.654012,1.00811,0.707615
0.5,500,8,vfl_bc,7,O3 binary,O,0.134965,5845.05,0.106779,-0.0821731,0.0683567,0.0339613,3.14413,2.80116,3.60998,0.0984001,0.11514,0.78,0.78,4624.37,0.785,0.653523,1.24386,0.79116
0.5,500,8,vfl_bc,8,O4 count,O,0.0449883,656.704,0.0670142,-0.0209128,0.0638274,0.0342305,1.95774,1.74116,2.2195,0.0611377,0.0726236,0.965,0.965,978.222,0.64,,,
0.5,500,8,vfl_bc,9,O5 score,O,-0.0899765,-600.266,0.0964543,0.0699054,0.0666248,0.035054,2.75159,2.43573,3.18812,0.08901,0.103321,0.82,0.82,643.482,0.615,,,
0.5,500,8,vfl_bc,10,O6 assets ($),O,0.26993,0.187995,0.158025,-0.144659,0.0637672,0.0321239,4.91925,4.42353,5.50227,0.148672,0.166407,0.45,0.44,0.110058,0.985,0.51996,0.858947,0.585432
0.5,500,8,vfl_uncorrected,0,intercept,R,0,,0.0616477,0.00181792,0.0617756,0.0306412,2.01193,1.73793,2.33316,0.0547271,0.0684455,0.955,0.95,,,,,
0.5,500,8,vfl_uncorrected,1,R1 score,R,0.449883,3003.95,0.226894,-0.219239,0.0585863,0.032154,7.05647,6.48159,7.82559,0.21847,0.234937,0.035,0.045,1515.01,1,0.472418,0.657334,0.50434
0.5,500,8,vfl_uncorrected,2,R2 binary,R,-0.26993,-11683.9,0.182221,0.169062,0.0681604,0.0317835,5.7332,5.22751,6.37666,0.17324,0.191352,0.265,0.265,7887.41,0.915,0.623909,0.972054,0.675069
0.5,500,8,vfl_uncorrected,3,R3 income ($),R,0.179953,0.12585,0.11153,-0.0876139,0.0691859,0.0368216,3.02893,2.73225,3.39347,0.102997,0.120515,0.77,0.755,0.0779987,0.905,0.497583,0.972885,0.619773
0.5,500,8,vfl_uncorrected,4,R4 count,R,0.0899765,1310.99,0.0699245,-0.0120068,0.0690588,0.0362609,1.92837,1.71106,2.18817,0.0632014,0.0765349,0.96,0.96,1018.83,0.855,,,
0.5,500,8,vfl_uncorrected,5,O1 income ($),O,0.359906,0.25067,0.192772,-0.179907,0.0694166,0.0343906,5.60537,5.0513,6.32407,0.18346,0.202226,0.31,0.32,0.134263,1,0.490127,0.755818,0.535617
0.5,500,8,vfl_uncorrected,6,O2 age (yr),O,-0.224941,-251.346,0.155976,0.140505,0.0678978,0.031751,4.91248,4.35184,5.65668,0.146789,0.165125,0.485,0.485,174.285,0.895,0.628968,1.00426,0.693409
0.5,500,8,vfl_uncorrected,7,O3 binary,O,0.134965,5845.05,0.107337,-0.0798586,0.0719009,0.0339613,3.16057,2.81139,3.63225,0.098596,0.115953,0.79,0.79,4648.56,0.785,0.64606,1.26738,0.795298
0.5,500,8,vfl_uncorrected,8,O4 count,O,0.0449883,656.704,0.069846,-0.0199002,0.0671191,0.0342305,2.04046,1.81328,2.30977,0.0636963,0.075769,0.955,0.955,1019.56,0.64,,,
0.5,500,8,vfl_uncorrected,9,O5 score,O,-0.0899765,-600.266,0.0975207,0.0678039,0.0702682,0.035054,2.78201,2.46111,3.22511,0.0898451,0.104651,0.815,0.815,650.596,0.62,,,
0.5,500,8,vfl_uncorrected,10,O6 assets ($),O,0.26993,0.187995,0.154503,-0.139137,0.06734,0.0321239,4.80959,4.31522,5.38513,0.144783,0.163315,0.485,0.48,0.107605,0.98,0.495448,0.859224,0.572382
0.5,1000,,ols,0,intercept,R,0,,0.0244998,0.00270974,0.0244106,0.0244106,1.00365,0.997532,1.02866,0.0221169,0.0268187,0.89,0.895,,,,,
0.5,1000,,ols,1,R1 score,R,0.449883,3003.95,0.0233515,-0.00201893,0.0233225,0.0233225,1.00125,0.997509,1.02258,0.0212787,0.0253089,0.95,0.945,155.922,1,0.0373942,0.0851509,0.0519058
0.5,1000,,ols,2,R2 binary,R,-0.26993,-11683.9,0.0244065,-0.00119116,0.0244386,0.0244386,0.998687,0.997501,1.01519,0.0225711,0.0263337,0.965,0.965,1056.43,1,0.0693131,0.142597,0.0904181
0.5,1000,,ols,3,R3 income ($),R,0.179953,0.12585,0.0268659,0.00666002,0.0260926,0.0260926,1.02964,1.00449,1.07587,0.0246304,0.028935,0.94,0.95,0.0187887,1,0.11516,0.239651,0.149294
0.5,1000,,ols,4,R4 count,R,0.0899765,1310.99,0.0256632,0.000687752,0.0257184,0.0257184,0.997855,0.9975,1.01117,0.0231646,0.0281728,0.925,0.925,373.922,1,,,
0.5,1000,,ols,5,O1 income ($),O,0.359906,0.25067,0.0246121,-0.000698335,0.024664,0.024664,0.997899,0.997501,1.01036,0.0224965,0.0267784,0.955,0.955,0.017142,1,0.0514586,0.104723,0.0683849
0.5,1000,,ols,6,O2 age (yr),O,-0.224941,-251.346,0.0241383,0.00028564,0.0241972,0.0241972,0.997567,0.997499,1.01048,0.0220131,0.0261408,0.955,0.955,26.9717,1,0.0812215,0.168996,0.107309
0.5,1000,,ols,7,O3 binary,O,0.134965,5845.05,0.0230638,0.00298709,0.022927,0.022927,1.00597,0.997567,1.03137,0.0205014,0.0255888,0.93,0.935,998.847,1,0.0987621,0.257941,0.170888
0.5,1000,,ols,8,O4 count,O,0.0449883,656.704,0.0239273,0.00031188,0.0239853,0.0239853,0.997582,0.9975,1.01056,0.0214472,0.0264889,0.955,0.955,349.272,0.965,,,
0.5,1000,,ols,9,O5 score,O,-0.0899765,-600.266,0.0239779,-0.00136098,0.0239993,0.0239993,0.999108,0.997505,1.01814,0.021588,0.0266388,0.97,0.97,159.965,1,,,
0.5,1000,,ols,10,O6 assets ($),O,0.26993,0.187995,0.0225121,0.00246702,0.0224327,0.0224327,1.00354,0.997548,1.03151,0.020538,0.0244871,0.965,0.96,0.0156788,1,0.0587742,0.146263,0.0834
0.5,1000,,ols_unclipped,0,intercept,R,0,,0.0245127,0.00153674,0.0245258,0.0244106,1.00418,0.996345,1.02367,0.0221496,0.0268142,,,,,,,
0.5,1000,,ols_unclipped,1,R1 score,R,0.449883,3003.95,0.0234793,8.95033e-05,0.0235381,0.0233225,1.00673,0.996154,1.02395,0.0213262,0.0254741,,,156.776,1,0.0389324,0.0879071,0.0521899
0.5,1000,,ols_unclipped,2,R2 binary,R,-0.26993,-11683.9,0.0244448,-0.00221622,0.0244052,0.0244386,1.00025,0.988951,1.02482,0.0225073,0.0264444,,,1058.09,1,0.0692636,0.142087,0.0905598
0.5,1000,,ols_unclipped,3,R3 income ($),R,0.179953,0.12585,0.0254791,0.00388903,0.0252438,0.0260926,0.976489,0.950721,1.01293,0.0232737,0.0275502,,,0.0178189,1,0.106358,0.227885,0.141588
0.5,1000,,ols_unclipped,4,R4 count,R,0.0899765,1310.99,0.0254164,0.000293839,0.0254784,0.0257184,0.988258,0.972535,1.01089,0.0229963,0.0279386,,,370.325,1,,,
0.5,1000,,ols_unclipped,5,O1 income ($),O,0.359906,0.25067,0.0241787,2.86866e-05,0.0242394,0.024664,0.980326,0.945229,1.01904,0.0220292,0.0263827,,,0.0168402,1,0.0464618,0.104772,0.0671807
0.5,1000,,ols_unclipped,6,O2 age (yr),O,-0.224941,-251.346,0.0240984,-0.000559645,0.0241524,0.0241972,0.99592,0.986191,1.01395,0.0219327,0.0260928,,,26.9272,1,0.0805492,0.16755,0.107132
0.5,1000,,ols_unclipped,7,O3 binary,O,0.134965,5845.05,0.023178,0.00342968,0.0229804,0.022927,1.01095,0.99449,1.04307,0.0205685,0.0257406,,,1003.79,1,0.103197,0.279084,0.171734
0.5,1000,,ols_unclipped,8,O4 count,O,0.0449883,656.704,0.0238286,-0.000115964,0.0238881,0.0239853,0.993467,0.982514,1.01096,0.0213297,0.0263924,,,347.831,0.965,,,
0.5,1000,,ols_unclipped,9,O5 score,O,-0.0899765,-600.266,0.0240575,-0.00150386,0.0240707,0.0239993,1.00243,0.991253,1.02473,0.0216188,0.0268481,,,160.496,1,,,
0.5,1000,,ols_unclipped,10,O6 assets ($),O,0.26993,0.187995,0.0224638,0.0012801,0.0224836,0.0224327,1.00139,0.974686,1.03787,0.0204564,0.0244432,,,0.0156452,1,0.0534306,0.137767,0.0832211
0.5,1000,0.5,vfl_bc,0,intercept,R,0,,0.0709552,-0.00322931,0.0710596,0.0244106,2.90673,2.54143,3.34718,0.0642421,0.0772633,0.965,0.97,,,,,
0.5,1000,0.5,vfl_bc,1,R1 score,R,0.449883,3003.95,0.409579,-0.402896,0.0738703,0.0233225,17.5616,16.1081,19.4908,0.399191,0.419546,0,0,2734.84,0.74,0.883427,1.12749,0.910413
0.5,1000,0.5,vfl_bc,2,R2 binary,R,-0.26993,-11683.9,0.261506,0.2513,0.0725274,0.0244386,10.7005,9.86315,11.6884,0.251897,0.270723,0.09,0.085,11319.3,0.565,0.964745,1.25934,0.968794
0.5,1000,0.5,vfl_bc,3,R3 income ($),R,0.179953,0.12585,0.167394,-0.151892,0.0705297,0.0260926,6.4154,5.81571,7.16385,0.15764,0.177429,0.465,0.455,0.117067,0.685,0.868875,1.3135,0.930212
0.5,1000,0.5,vfl_bc,4,R4 count,R,0.0899765,1310.99,0.104443,-0.0710104,0.0767817,0.0257184,4.06105,3.57268,4.62797,0.0959462,0.112433,0.84,0.84,1521.78,0.555,,,
0.5,1000,0.5,vfl_bc,5,O1 income ($),O,0.359906,0.25067,0.32917,-0.321386,0.0713403,0.024664,13.3462,12.1747,14.7345,0.319415,0.338389,0.025,0.025,0.229263,0.685,0.892814,1.14486,0.9146
0.5,1000,0.5,vfl_bc,6,O2 age (yr),O,-0.224941,-251.346,0.237282,0.225717,0.0733571,0.0241972,9.80618,8.95887,10.9067,0.227325,0.246516,0.175,0.175,265.135,0.5,1.0013,1.44554,1.05486
0.5,1000,0.5,vfl_bc,7,O3 binary,O,0.134965,5845.05,0.13708,-0.118793,0.068575,0.022927,5.97898,5.27845,6.90525,0.127852,0.146115,0.72,0.72,5936.64,0.62,0.873601,1.52186,1.01567
0.5,1000,0.5,vfl_bc,8,O4 count,O,0.0449883,656.704,0.0920265,-0.0481628,0.0786138,0.0239853,3.83679,3.36123,4.46973,0.0827859,0.101171,0.915,0.915,1343.33,0.505,,,
0.5,1000,0.5,vfl_bc,9,O5 score,O,-0.0899765,-600.266,0.118406,0.0911384,0.0757792,0.0239993,4.93373,4.31,5.65983,0.108883,0.127029,0.815,0.815,789.929,0.51,,,
0.5,1000,0.5,vfl_bc,10,O6 assets ($),O,0.26993,0.187995,0.253195,-0.241465,0.0763641,0.0224327,11.2869,10.3406,12.4464,0.24287,0.262734,0.145,0.145,0.17634,0.675,0.923199,1.27043,0.938003
0.5,1000,0.5,vfl_uncorrected,0,intercept,R,0,,0.0740206,-0.00340889,0.0741276,0.0244106,3.03231,2.65217,3.48982,0.0670206,0.0806043,0.955,0.955,,,,,
0.5,1000,0.5,vfl_uncorrected,1,R1 score,R,0.449883,3003.95,0.408317,-0.401018,0.0770523,0.0233225,17.5075,16.0575,19.4329,0.397497,0.418723,0,0,2726.41,0.745,0.877539,1.12781,0.907608
0.5,1000,0.5,vfl_uncorrected,2,R2 binary,R,-0.26993,-11683.9,0.261586,0.250487,0.0755793,0.0244386,10.7038,9.86828,11.6929,0.251597,0.271168,0.1,0.1,11322.7,0.57,0.963209,1.27901,0.969091
0.5,1000,0.5,vfl_uncorrected,3,R3 income ($),R,0.179953,0.12585,0.167654,-0.150779,0.0734895,0.0260926,6.42536,5.8168,7.1801,0.157466,0.177978,0.465,0.46,0.117249,0.685,0.861185,1.32498,0.931655
0.5,1000,0.5,vfl_uncorrected,4,R4 count,R,0.0899765,1310.99,0.106374,-0.070504,0.0798532,0.0257184,4.13612,3.64025,4.71373,0.0977311,0.114635,0.835,0.835,1549.91,0.555,,,
0.5,1000,0.5,vfl_uncorrected,5,O1 income ($),O,0.359906,0.25067,0.327691,-0.318583,0.0769149,0.024664,13.2862,12.1093,14.6754,0.317169,0.337493,0.03,0.03,0.228233,0.68,0.887594,1.15857,0.910491
0.5,1000,0.5,vfl_uncorrected,6,O2 age (yr),O,-0.224941,-251.346,0.239184,0.225757,0.0792109,0.0241972,9.88481,9.00945,11.0171,0.228371,0.249049,0.19,0.19,267.261,0.5,1.00034,1.48353,1.06332
0.5,1000,0.5,vfl_uncorrected,7,O3 binary,O,0.134965,5845.05,0.138653,-0.117407,0.0739424,0.022927,6.04758,5.3288,6.99987,0.128833,0.148402,0.71,0.72,6004.76,0.625,0.866911,1.55918,1.02732
0.5,1000,0.5,vfl_uncorrected,8,O4 count,O,0.0449883,656.704,0.0973999,-0.0484624,0.0846995,0.0239853,4.06082,3.55354,4.72901,0.0875079,0.107135,0.89,0.89,1421.77,0.51,,,
0.5,1000,0.5,vfl_uncorrected,9,O5 score,O,-0.0899765,-600.266,0.122179,0.0912336,0.08147,0.0239993,5.09095,4.4391,5.84264,0.112062,0.131292,0.805,0.805,815.101,0.51,,,
0.5,1000,0.5,vfl_uncorrected,10,O6 assets ($),O,0.26993,0.187995,0.253008,-0.239345,0.0822245,0.0224327,11.2785,10.3194,12.4459,0.241966,0.263239,0.165,0.16,0.17621,0.67,0.919713,1.29239,0.937313
0.5,1000,1,vfl_bc,0,intercept,R,0,,0.0694516,-0.00686116,0.0692853,0.0244106,2.84514,2.45862,3.30587,0.0624702,0.0768616,0.955,0.955,,,,,
0.5,1000,1,vfl_bc,1,R1 score,R,0.449883,3003.95,0.367804,-0.361745,0.0666533,0.0233225,15.7704,14.556,17.4687,0.358428,0.377038,0,0,2455.9,0.91,0.811617,0.997072,0.817555
0.5,1000,1,vfl_bc,2,R2 binary,R,-0.26993,-11683.9,0.253324,0.244429,0.0667064,0.0244386,10.3657,9.54077,11.3835,0.24448,0.262339,0.06,0.06,10965.1,0.625,0.900397,1.20235,0.938483
0.5,1000,1,vfl_bc,3,R3 income ($),R,0.179953,0.12585,0.158974,-0.144314,0.0668459,0.0260926,6.09268,5.51797,6.78385,0.150172,0.167827,0.495,0.475,0.111178,0.73,0.803131,1.31028,0.883417
0.5,1000,1,vfl_bc,4,R4 count,R,0.0899765,1310.99,0.090935,-0.0611136,0.0675063,0.0257184,3.5358,3.1337,3.99324,0.0834915,0.0985337,0.865,0.865,1324.96,0.67,,,
0.5,1000,1,vfl_bc,5,O1 income ($),O,0.359906,0.25067,0.304821,-0.297481,0.0666584,0.024664,12.359,11.3014,13.6096,0.296056,0.313935,0.03,0.03,0.212304,0.82,0.824031,1.07756,0.846946
0.5,1000,1,vfl_bc,6,O2 age (yr),O,-0.224941,-251.346,0.215974,0.203036,0.0738149,0.0241972,8.92561,8.11023,9.9269,0.206594,0.2257,0.245,0.245,241.326,0.625,0.909247,1.28031,0.960137
0.5,1000,1,vfl_bc,7,O3 binary,O,0.134965,5845.05,0.125393,-0.104708,0.0691628,0.022927,5.46922,4.80645,6.29789,0.116432,0.133918,0.74,0.74,5430.49,0.67,0.740545,1.41295,0.929076
0.5,1000,1,vfl_bc,8,O4 count,O,0.0449883,656.704,0.081217,-0.0425667,0.069342,0.0239853,3.38612,2.94022,3.90765,0.0729938,0.0895149,0.935,0.935,1185.54,0.54,,,
0.5,1000,1,vfl_bc,9,O5 score,O,-0.0899765,-600.266,0.111644,0.0907911,0.0651349,0.0239993,4.65197,4.08598,5.32043,0.103513,0.120074,0.785,0.785,744.817,0.49,,,
0.5,1000,1,vfl_bc,10,O6 assets ($),O,0.26993,0.187995,0.234505,-0.222607,0.0739332,0.0224327,10.4537,9.47423,11.6847,0.224592,0.244604,0.155,0.145,0.163323,0.71,0.796044,1.18101,0.868764
0.5,1000,1,vfl_uncorrected,0,intercept,R,0,,0.0718712,-0.00713121,0.071696,0.0244106,2.94426,2.54192,3.41813,0.0646235,0.0795596,0.94,0.945,,,,,
0.5,1000,1,vfl_uncorrected,1,R1 score,R,0.449883,3003.95,0.3654,-0.358868,0.0689524,0.0233225,15.6673,14.4547,17.3471,0.355725,0.374943,0,0,2439.84,0.91,0.80455,0.998389,0.812212
0.5,1000,1,vfl_uncorrected,2,R2 binary,R,-0.26993,-11683.9,0.252973,0.2434,0.0691065,0.0244386,10.3514,9.51889,11.363,0.243794,0.262288,0.06,0.06,10949.9,0.625,0.895563,1.2109,0.937183
0.5,1000,1,vfl_uncorrected,3,R3 income ($),R,0.179953,0.12585,0.159013,-0.143215,0.0692718,0.0260926,6.09417,5.51559,6.78727,0.149911,0.1682,0.51,0.485,0.111206,0.725,0.800413,1.32546,0.883634
0.5,1000,1,vfl_uncorrected,4,R4 count,R,0.0899765,1310.99,0.0923321,-0.0604677,0.0699524,0.0257184,3.59013,3.18,4.05759,0.0847179,0.100034,0.86,0.865,1345.31,0.67,,,
0.5,1000,1,vfl_uncorrected,5,O1 income ($),O,0.359906,0.25067,0.302054,-0.293581,0.0712184,0.024664,12.2468,11.1839,13.508,0.292772,0.311743,0.035,0.035,0.210376,0.82,0.814163,1.08327,0.839257
0.5,1000,1,vfl_uncorrected,6,O2 age (yr),O,-0.224941,-251.346,0.216035,0.20118,0.0789228,0.0241972,8.92812,8.1087,9.94535,0.206148,0.226405,0.25,0.25,241.394,0.625,0.901414,1.30127,0.960407
0.5,1000,1,vfl_uncorrected,7,O3 binary,O,0.134965,5845.05,0.126511,-0.102755,0.0739854,0.022927,5.518,4.8328,6.36187,0.117233,0.135482,0.74,0.74,5478.93,0.665,0.727672,1.43698,0.937363
0.5,1000,1,vfl_uncorrected,8,O4 count,O,0.0449883,656.704,0.0852794,-0.0426316,0.0740442,0.0239853,3.55549,3.08539,4.10286,0.0766256,0.094036,0.93,0.93,1244.84,0.545,,,
0.5,1000,1,vfl_uncorrected,9,O5 score,O,-0.0899765,-600.266,0.114081,0.0906564,0.0694255,0.0239993,4.7535,4.16858,5.4431,0.105452,0.12305,0.76,0.765,761.073,0.5,,,
0.5,1000,1,vfl_uncorrected,10,O6 assets ($),O,0.26993,0.187995,0.233313,-0.219684,0.0787737,0.0224327,10.4006,9.41493,11.6539,0.222669,0.244118,0.175,0.17,0.162493,0.71,0.785573,1.19078,0.86435
0.5,1000,2,vfl_bc,0,intercept,R,0,,0.0594018,0.000294206,0.0595501,0.0244106,2.43344,2.10196,2.83352,0.0534284,0.0659334,0.98,0.98,,,,,
0.5,1000,2,vfl_bc,1,R1 score,R,0.449883,3003.95,0.308367,-0.302072,0.0621437,0.0233225,13.2219,12.168,14.6414,0.300173,0.316872,0.01,0.01,2059.03,0.995,0.67253,0.847366,0.685439
0.5,1000,2,vfl_bc,2,R2 binary,R,-0.26993,-11683.9,0.215551,0.20606,0.0634163,0.0244386,8.8201,8.0981,9.72004,0.206221,0.224595,0.12,0.12,9330.09,0.86,0.751763,1.03458,0.798545
0.5,1000,2,vfl_bc,3,R3 income ($),R,0.179953,0.12585,0.136684,-0.119435,0.0666338,0.0260926,5.23842,4.76222,5.8054,0.127344,0.14515,0.57,0.55,0.0955901,0.805,0.679226,1.09921,0.759553
0.5,1000,2,vfl_bc,4,R4 count,R,0.0899765,1310.99,0.0725586,-0.0281406,0.0670473,0.0257184,2.82128,2.47282,3.24741,0.066115,0.0785878,0.96,0.96,1057.21,0.815,,,
0.5,1000,2,vfl_bc,5,O1 income ($),O,0.359906,0.25067,0.252277,-0.240376,0.0767619,0.024664,10.2285,9.39885,11.2897,0.241849,0.262468,0.105,0.11,0.175707,0.935,0.667971,0.952618,0.700951
0.5,1000,2,vfl_bc,6,O2 age (yr),O,-0.224941,-251.346,0.185894,0.173164,0.0677755,0.0241972,7.68246,6.97666,8.58154,0.176629,0.194708,0.325,0.325,207.715,0.81,0.775295,1.10412,0.82641
0.5,1000,2,vfl_bc,7,O3 binary,O,0.134965,5845.05,0.113335,-0.0932129,0.0646298,0.022927,4.9433,4.33549,5.6824,0.104619,0.121717,0.755,0.755,4908.3,0.745,0.686848,1.30594,0.839736
0.5,1000,2,vfl_bc,8,O4 count,O,0.0449883,656.704,0.0784114,-0.0359768,0.0698456,0.0239853,3.26915,2.85807,3.76374,0.0707028,0.0863355,0.925,0.925,1144.59,0.59,,,
0.5,1000,2,vfl_bc,9,O5 score,O,-0.0899765,-600.266,0.106954,0.0811079,0.0698928,0.0239993,4.45654,3.96761,5.0711,0.0970895,0.116246,0.785,0.785,713.526,0.565,,,
0.5,1000,2,vfl_bc,10,O6 assets ($),O,0.26993,0.187995,0.193917,-0.182285,0.0663175,0.0224327,8.64437,7.82006,9.67043,0.18496,0.202862,0.27,0.27,0.135055,0.91,0.669452,0.981077,0.718397
0.5,1000,2,vfl_uncorrected,0,intercept,R,0,,0.0610755,0.000292121,0.061228,0.0244106,2.502,2.16245,2.91751,0.0549295,0.0677941,0.98,0.98,,,,,
0.5,1000,2,vfl_uncorrected,1,R1 score,R,0.449883,3003.95,0.304741,-0.297945,0.0641585,0.0233225,13.0664,12.0163,14.4751,0.296406,0.313423,0.01,0.01,2034.81,0.995,0.663859,0.842902,0.677378
0.5,1000,2,vfl_uncorrected,2,R2 binary,R,-0.26993,-11683.9,0.213973,0.203774,0.0654371,0.0244386,8.75552,8.03136,9.65256,0.204313,0.223359,0.13,0.13,9261.78,0.86,0.742882,1.03369,0.792698
0.5,1000,2,vfl_uncorrected,3,R3 income ($),R,0.179953,0.12585,0.136507,-0.117963,0.0688673,0.0260926,5.23165,4.74669,5.80127,0.126931,0.145224,0.585,0.57,0.0954665,0.805,0.669237,1.10372,0.758571
0.5,1000,2,vfl_uncorrected,4,R4 count,R,0.0899765,1310.99,0.0743189,-0.027086,0.0693809,0.0257184,2.88972,2.53062,3.32219,0.0677571,0.080553,0.955,0.955,1082.85,0.815,,,
0.5,1000,2,vfl_uncorrected,5,O1 income ($),O,0.359906,0.25067,0.247756,-0.234018,0.0815599,0.024664,10.0453,9.21724,11.106,0.236524,0.258522,0.135,0.135,0.172559,0.935,0.647753,0.95127,0.688391
0.5,1000,2,vfl_uncorrected,6,O2 age (yr),O,-0.224941,-251.346,0.184,0.169437,0.071925,0.0241972,7.60421,6.89419,8.51081,0.174218,0.193338,0.34,0.34,205.599,0.805,0.759268,1.11025,0.817993
0.5,1000,2,vfl_uncorrected,7,O3 binary,O,0.134965,5845.05,0.113633,-0.090964,0.0682743,0.022927,4.95632,4.34093,5.71209,0.10451,0.122459,0.755,0.755,4921.23,0.745,0.669668,1.3387,0.841948
0.5,1000,2,vfl_uncorrected,8,O4 count,O,0.0449883,656.704,0.082169,-0.0356728,0.0742073,0.0239853,3.42581,2.99803,3.94537,0.0740469,0.0906104,0.915,0.915,1199.44,0.59,,,
0.5,1000,2,vfl_uncorrected,9,O5 score,O,-0.0899765,-600.266,0.10896,0.0801141,0.0740364,0.0239993,4.54013,4.03659,5.169,0.0987721,0.118779,0.78,0.78,726.911,0.57,,,
0.5,1000,2,vfl_uncorrected,10,O6 assets ($),O,0.26993,0.187995,0.191031,-0.177678,0.070344,0.0224327,8.51576,7.69708,9.53744,0.18156,0.200404,0.3,0.29,0.133046,0.91,0.657628,0.985129,0.707709
0.5,1000,4,vfl_bc,0,intercept,R,0,,0.0584868,-0.0048203,0.0584341,0.0244106,2.39595,2.09345,2.75312,0.0525392,0.0645629,0.945,0.945,,,,,
0.5,1000,4,vfl_bc,1,R1 score,R,0.449883,3003.95,0.223761,-0.215755,0.0594675,0.0233225,9.59423,8.76136,10.6395,0.215887,0.231258,0.045,0.05,1494.09,1,0.464173,0.6466,0.497376
0.5,1000,4,vfl_bc,2,R2 binary,R,-0.26993,-11683.9,0.158627,0.145908,0.0623909,0.0244386,6.49083,5.95977,7.12107,0.150593,0.166891,0.3,0.3,6866.13,0.98,0.539749,0.811924,0.58766
0.5,1000,4,vfl_bc,3,R3 income ($),R,0.179953,0.12585,0.104346,-0.0788002,0.0685725,0.0260926,3.99908,3.57821,4.53096,0.0950936,0.11397,0.775,0.77,0.0729747,0.905,0.392238,0.971508,0.579853
0.5,1000,4,vfl_bc,4,R4 count,R,0.0899765,1310.99,0.0638044,-0.00507212,0.0637621,0.0257184,2.48089,2.14971,2.86668,0.0575037,0.0699322,0.95,0.95,929.654,0.89,,,
0.5,1000,4,vfl_bc,5,O1 income ($),O,0.359906,0.25067,0.185265,-0.170834,0.0718654,0.024664,7.51156,6.84044,8.30038,0.175685,0.194903,0.32,0.33,0.129034,1,0.466799,0.723421,0.514759
0.5,1000,4,vfl_bc,6,O2 age (yr),O,-0.224941,-251.346,0.155601,0.14138,0.0651503,0.0241972,6.43053,5.82511,7.22925,0.146825,0.164787,0.45,0.45,173.866,0.885,0.626391,1.03297,0.691738
0.5,1000,4,vfl_bc,7,O3 binary,O,0.134965,5845.05,0.0936406,-0.0733335,0.0583763,0.022927,4.0843,3.57319,4.69996,0.0862832,0.101266,0.835,0.835,4055.38,0.875,0.581064,1.04362,0.693815
0.5,1000,4,vfl_bc,8,O4 count,O,0.0449883,656.704,0.0669869,-0.0190504,0.0643821,0.0239853,2.79283,2.44862,3.19869,0.0607386,0.0732428,0.97,0.97,977.822,0.665,,,
0.5,1000,4,vfl_bc,9,O5 score,O,-0.0899765,-600.266,0.0987956,0.0738309,0.065812,0.0239993,4.11661,3.62464,4.70229,0.0907963,0.106609,0.845,0.845,659.101,0.575,,,
0.5,1000,4,vfl_bc,10,O6 assets ($),O,0.26993,0.187995,0.144789,-0.129757,0.0644038,0.0224327,6.45438,5.83706,7.19968,0.135386,0.153377,0.55,0.54,0.10084,0.97,0.45999,0.818728,0.536396
0.5,1000,4,vfl_uncorrected,0,intercept,R,0,,0.0598671,-0.00490083,0.0598159,0.0244106,2.4525,2.14285,2.81748,0.0538252,0.0660934,0.945,0.945,,,,,
0.5,1000,4,vfl_uncorrected,1,R1 score,R,0.449883,3003.95,0.219134,-0.210483,0.0611185,0.0233225,9.39586,8.56565,10.4272,0.211035,0.226842,0.06,0.06,1463.2,1,0.452787,0.640214,0.487093
0.5,1000,4,vfl_uncorrected,2,R2 binary,R,-0.26993,-11683.9,0.155881,0.142147,0.0641372,0.0244386,6.37847,5.84012,7.00536,0.147638,0.164342,0.335,0.335,6747.28,0.98,0.528428,0.809245,0.577487
0.5,1000,4,vfl_uncorrected,3,R3 income ($),R,0.179953,0.12585,0.104092,-0.0767331,0.0705124,0.0260926,3.98933,3.56649,4.52663,0.0945579,0.113963,0.785,0.77,0.0727968,0.905,0.380507,0.974576,0.578439
0.5,1000,4,vfl_uncorrected,4,R4 count,R,0.0899765,1310.99,0.0657221,-0.00457401,0.0657272,0.0257184,2.55545,2.212,2.95441,0.0592087,0.072124,0.94,0.94,957.594,0.885,,,
0.5,1000,4,vfl_uncorrected,5,O1 income ($),O,0.359906,0.25067,0.179301,-0.162644,0.0756598,0.024664,7.26974,6.60356,8.03814,0.169332,0.189416,0.355,0.365,0.124881,0.995,0.442784,0.71416,0.498188
0.5,1000,4,vfl_uncorrected,6,O2 age (yr),O,-0.224941,-251.346,0.152371,0.13609,0.0687018,0.0241972,6.29705,5.69229,7.09665,0.143229,0.161948,0.485,0.485,170.257,0.885,0.599515,1.03892,0.67738
0.5,1000,4,vfl_uncorrected,7,O3 binary,O,0.134965,5845.05,0.0934498,-0.0706255,0.0613492,0.022927,4.07598,3.56068,4.69845,0.0858414,0.101349,0.835,0.835,4047.12,0.87,0.557336,1.07492,0.692402
0.5,1000,4,vfl_uncorrected,8,O4 count,O,0.0449883,656.704,0.0699421,-0.0182485,0.067689,0.0239853,2.91604,2.55848,3.34498,0.0634271,0.076425,0.96,0.955,1020.96,0.665,,,
0.5,1000,4,vfl_uncorrected,9,O5 score,O,-0.0899765,-600.266,0.0998819,0.0719551,0.0694476,0.0239993,4.16187,3.66101,4.75896,0.0915681,0.108164,0.845,0.845,666.348,0.585,,,
0.5,1000,4,vfl_uncorrected,10,O6 assets ($),O,0.26993,0.187995,0.141131,-0.123976,0.0676083,0.0224327,6.29131,5.67883,7.0362,0.131281,0.150159,0.59,0.585,0.0982921,0.97,0.436551,0.811068,0.522844
0.5,1000,8,vfl_bc,0,intercept,R,0,,0.0520039,0.00424494,0.0519604,0.0244106,2.13038,1.90093,2.40314,0.0474169,0.0564485,0.95,0.955,,,,,
0.5,1000,8,vfl_bc,1,R1 score,R,0.449883,3003.95,0.100545,-0.0858437,0.0524786,0.0233225,4.3111,3.91845,4.81781,0.0940495,0.106936,0.64,0.665,671.361,1,0.207296,0.312871,0.223493
0.5,1000,8,vfl_bc,2,R2 binary,R,-0.26993,-11683.9,0.084604,0.0661657,0.0528574,0.0244386,3.4619,3.08898,3.86314,0.0780374,0.0910165,0.835,0.835,3662.07,1,0.265422,0.505387,0.31343
0.5,1000,8,vfl_bc,3,R3 income ($),R,0.179953,0.12585,0.069086,-0.0309225,0.0619343,0.0260926,2.64773,2.34367,2.94916,0.0618481,0.0761982,0.935,0.935,0.0483154,0.995,0.26927,0.582833,0.383911
0.5,1000,8,vfl_bc,4,R4 count,R,0.0899765,1310.99,0.0621663,0.00350238,0.0622233,0.0257184,2.4172,2.1291,2.74221,0.0559298,0.0678991,0.945,0.945,905.786,0.94,,,
0.5,1000,8,vfl_bc,5,O1 income ($),O,0.359906,0.25067,0.0984606,-0.0748817,0.0640918,0.024664,3.99208,3.54838,4.48838,0.0905326,0.106517,0.785,0.785,0.0685764,1,0.216393,0.420188,0.273573
0.5,1000,8,vfl_bc,6,O2 age (yr),O,-0.224941,-251.346,0.0855268,0.0648171,0.0559395,0.0241972,3.53458,3.15436,4.02835,0.0783012,0.0925579,0.86,0.86,95.5663,0.995,0.294844,0.605612,0.380218
0.5,1000,8,vfl_bc,7,O3 binary,O,0.134965,5845.05,0.0689053,-0.0203655,0.0659921,0.022927,3.00543,2.65094,3.43654,0.0625841,0.0755239,0.92,0.92,2984.15,0.97,0.381026,0.829045,0.510543
0.5,1000,8,vfl_bc,8,O4 count,O,0.0449883,656.704,0.0677734,-0.0122705,0.0668206,0.0239853,2.82562,2.50553,3.2163,0.0609947,0.0746851,0.94,0.94,989.303,0.675,,,
0.5,1000,8,vfl_bc,9,O5 score,O,-0.0899765,-600.266,0.0773215,0.0329546,0.0701227,0.0239993,3.22183,2.85817,3.6336,0.06954,0.0854953,0.895,0.895,515.84,0.795,,,
0.5,1000,8,vfl_bc,10,O6 assets ($),O,0.26993,0.187995,0.0791438,-0.046046,0.0645317,0.0224327,3.52806,3.16508,3.96867,0.0724733,0.0857876,0.89,0.875,0.0551205,1,0.205428,0.469416,0.293202
0.5,1000,8,vfl_uncorrected,0,intercept,R,0,,0.0530707,0.0043922,0.0530214,0.0244106,2.17408,1.93988,2.45269,0.0483622,0.0576214,0.95,0.95,,,,,
0.5,1000,8,vfl_uncorrected,1,R1 score,R,0.449883,3003.95,0.0962759,-0.0800646,0.053601,0.0233225,4.12803,3.7473,4.6181,0.0898645,0.102626,0.7,0.715,642.852,1,0.194058,0.304665,0.214002
0.5,1000,8,vfl_uncorrected,2,R2 binary,R,-0.26993,-11683.9,0.0818503,0.0615558,0.0540832,0.0244386,3.34922,2.97687,3.74468,0.0751672,0.0882802,0.855,0.855,3542.88,1,0.248939,0.495092,0.303229
0.5,1000,8,vfl_uncorrected,3,R3 income ($),R,0.179953,0.12585,0.0693557,-0.0284438,0.0634135,0.0260926,2.65806,2.34749,2.96322,0.0620054,0.0764972,0.935,0.935,0.048504,0.995,0.267201,0.578078,0.38541
0.5,1000,8,vfl_uncorrected,4,R4 count,R,0.0899765,1310.99,0.0636909,0.0026426,0.0637957,0.0257184,2.47648,2.17883,2.81193,0.0573346,0.0696389,0.94,0.94,927.999,0.935,,,
0.5,1000,8,vfl_uncorrected,5,O1 income ($),O,0.359906,0.25067,0.0933808,-0.0654972,0.066726,0.024664,3.78612,3.35483,4.2738,0.0853543,0.101488,0.835,0.84,0.0650385,1,0.195017,0.402803,0.259459
0.5,1000,8,vfl_uncorrected,6,O2 age (yr),O,-0.224941,-251.346,0.0818868,0.0574897,0.0584592,0.0241972,3.38415,3.00814,3.8623,0.0745499,0.0889078,0.87,0.875,91.4991,0.995,0.267614,0.586173,0.364036
0.5,1000,8,vfl_uncorrected,7,O3 binary,O,0.134965,5845.05,0.0703764,-0.016375,0.0686166,0.022927,3.06959,2.70379,3.50208,0.0637655,0.0771506,0.92,0.925,3047.86,0.97,0.386543,0.828579,0.521443
0.5,1000,8,vfl_uncorrected,8,O4 count,O,0.0449883,656.704,0.0703865,-0.011516,0.0696123,0.0239853,2.93457,2.59935,3.3425,0.0633647,0.0776175,0.93,0.93,1027.45,0.67,,,
0.5,1000,8,vfl_uncorrected,9,O5 score,O,-0.0899765,-600.266,0.0785495,0.0294372,0.0730077,0.0239993,3.27299,2.89876,3.69567,0.0705247,0.0870234,0.885,0.885,524.032,0.8,,,
0.5,1000,8,vfl_uncorrected,10,O6 assets ($),O,0.26993,0.187995,0.0775057,-0.0390514,0.0671167,0.0224327,3.45503,3.08473,3.88935,0.0705527,0.0842955,0.9,0.895,0.0539796,1,0.192939,0.455,0.287133
0.5,2500,,ols,0,intercept,R,0,,0.0137408,0.000711439,0.0137568,0.0137568,0.998837,0.997499,1.01639,0.0126096,0.0148664,0.96,0.95,,,,,
0.5,2500,,ols,1,R1 score,R,0.449883,3003.95,0.015224,-0.00123626,0.0152118,0.0152118,1.0008,0.997506,1.0218,0.0134657,0.0169541,0.91,0.915,101.653,1,0.0214764,0.0612479,0.0338399
0.5,2500,,ols,2,R2 binary,R,-0.26993,-11683.9,0.0151274,0.00104192,0.0151293,0.0151293,0.999871,0.997502,1.01943,0.0135068,0.0167206,0.94,0.945,654.787,1,0.0353002,0.091427,0.056042
0.5,2500,,ols,3,R3 income ($),R,0.179953,0.12585,0.0149362,0.000807216,0.0149518,0.0149518,0.998957,0.997501,1.01615,0.0133424,0.01674,0.96,0.945,0.0104457,1,0.0545183,0.136746,0.0830006
0.5,2500,,ols,4,R4 count,R,0.0899765,1310.99,0.0157712,0.00298093,0.0155258,0.0155258,1.01581,0.999081,1.05087,0.0141763,0.0175507,0.95,0.95,229.792,1,,,
0.5,2500,,ols,5,O1 income ($),O,0.359906,0.25067,0.0143116,-0.00111589,0.0143038,0.0143038,1.00054,0.997511,1.0211,0.0127936,0.0158782,0.955,0.96,0.00996783,1,0.0245233,0.0664661,0.0397648
0.5,2500,,ols,6,O2 age (yr),O,-0.224941,-251.346,0.015481,0.00262612,0.0152949,0.0152949,1.01217,0.998066,1.04761,0.0140642,0.0167716,0.96,0.96,17.2982,1,0.048026,0.111241,0.0688224
0.5,2500,,ols,7,O3 binary,O,0.134965,5845.05,0.0160699,-0.00298753,0.0158293,0.0158293,1.01519,0.998822,1.05407,0.0143453,0.0176752,0.925,0.92,695.953,1,0.0717202,0.194192,0.119067
0.5,2500,,ols,8,O4 count,O,0.0449883,656.704,0.0177896,0.00294325,0.0175884,0.0175884,1.01144,0.99791,1.0473,0.0161357,0.0194182,0.9,0.905,259.679,1,,,
0.5,2500,,ols,9,O5 score,O,-0.0899765,-600.266,0.0146182,-0.00167962,0.0145578,0.0145578,1.00415,0.997538,1.02936,0.0130153,0.0162966,0.96,0.96,97.523,1,,,
0.5,2500,,ols,10,O6 assets ($),O,0.26993,0.187995,0.0157059,0.00290935,0.0154728,0.0154728,1.01506,0.998641,1.05293,0.0144588,0.0169678,0.945,0.95,0.0109385,1,0.0466622,0.0934137,0.0581853
0.5,2500,,ols_unclipped,0,intercept,R,0,,0.0137,-0.000441561,0.0137272,0.0137568,0.995869,0.987495,1.01251,0.0125568,0.0148726,,,,,,,
0.5,2500,,ols_unclipped,1,R1 score,R,0.449883,3003.95,0.0152065,0.000679002,0.0152295,0.0152118,0.999654,0.98992,1.01964,0.0133705,0.0169963,,,101.537,1,0.0211249,0.0587939,0.033801
0.5,2500,,ols_unclipped,2,R2 binary,R,-0.26993,-11683.9,0.0152422,0.000209638,0.015279,0.0151293,1.00746,0.999751,1.02335,0.013627,0.0168537,,,659.756,1,0.0370534,0.0898536,0.0564673
0.5,2500,,ols_unclipped,3,R3 income ($),R,0.179953,0.12585,0.0149174,-0.00182704,0.0148423,0.0149518,0.9977,0.972314,1.02928,0.0132404,0.016724,,,0.0104325,1,0.0511648,0.134232,0.0828962
0.5,2500,,ols_unclipped,4,R4 count,R,0.0899765,1310.99,0.0155033,0.00263287,0.0153164,0.0155258,0.998548,0.975673,1.03828,0.0138845,0.0172401,,,225.888,1,,,
0.5,2500,,ols_unclipped,5,O1 income ($),O,0.359906,0.25067,0.0148533,-0.000362376,0.0148862,0.0143038,1.03842,0.997759,1.08801,0.0131997,0.0164919,,,0.0103451,1,0.0247898,0.0734589,0.04127
0.5,2500,,ols_unclipped,6,O2 age (yr),O,-0.224941,-251.346,0.0154168,0.00188592,0.0153395,0.0152949,1.00797,0.994116,1.03804,0.0140154,0.0167054,,,17.2265,1,0.0451282,0.110572,0.0685372
0.5,2500,,ols_unclipped,7,O3 binary,O,0.134965,5845.05,0.0160868,-0.00253657,0.0159254,0.0158293,1.01627,0.999351,1.05314,0.0143649,0.017696,,,696.687,1,0.0720272,0.194347,0.119193
0.5,2500,,ols_unclipped,8,O4 count,O,0.0449883,656.704,0.0177569,0.00246095,0.0176296,0.0175884,1.00958,0.993409,1.04325,0.0161158,0.0194238,,,259.201,1,,,
0.5,2500,,ols_unclipped,9,O5 score,O,-0.0899765,-600.266,0.0145536,-0.00159293,0.0145024,0.0145578,0.999711,0.98759,1.02541,0.0129871,0.0162192,,,97.0921,1,,,
0.5,2500,,ols_unclipped,10,O6 assets ($),O,0.26993,0.187995,0.0150666,0.0012868,0.0150492,0.0154728,0.973744,0.942643,1.01369,0.0137713,0.0163564,,,0.0104933,1,0.0422702,0.0881437,0.0558168
0.5,2500,0.5,vfl_bc,0,intercept,R,0,,0.0679691,-0.00292976,0.0680763,0.0137568,4.94075,4.34379,5.62671,0.0605945,0.075833,0.955,0.955,,,,,
0.5,2500,0.5,vfl_bc,1,R1 score,R,0.449883,3003.95,0.335618,-0.32925,0.0652299,0.0152118,22.063,19.8118,25.1675,0.326509,0.34443,0,0,2240.98,0.965,0.726925,0.918713,0.746012
0.5,2500,0.5,vfl_bc,2,R2 binary,R,-0.26993,-11683.9,0.237849,0.228646,0.0656861,0.0151293,15.7211,14.1321,17.6479,0.228873,0.246561,0.08,0.075,10295.3,0.75,0.854133,1.21713,0.881153
0.5,2500,0.5,vfl_bc,3,R3 income ($),R,0.179953,0.12585,0.156817,-0.135484,0.0791642,0.0149518,10.4882,9.2387,11.9384,0.147011,0.166096,0.475,0.455,0.10967,0.685,0.802297,1.27169,0.871432
0.5,2500,0.5,vfl_bc,4,R4 count,R,0.0899765,1310.99,0.0806525,-0.045717,0.0666106,0.0155258,5.19474,4.49913,6.04628,0.0729918,0.0885283,0.915,0.915,1175.14,0.765,,,
0.5,2500,0.5,vfl_bc,5,O1 income ($),O,0.359906,0.25067,0.279213,-0.271885,0.0637088,0.0143038,19.5202,17.5856,22.0147,0.269963,0.287843,0.035,0.035,0.194468,0.92,0.748492,0.963685,0.775794
0.5,2500,0.5,vfl_bc,6,O2 age (yr),O,-0.224941,-251.346,0.203648,0.193511,0.0636083,0.0152949,13.3147,12.2668,14.7037,0.195181,0.211208,0.215,0.215,227.553,0.67,0.854513,1.23053,0.905338
0.5,2500,0.5,vfl_bc,7,O3 binary,O,0.134965,5845.05,0.122617,-0.103271,0.0662711,0.0158293,7.74618,6.88809,8.87406,0.114099,0.130619,0.73,0.735,5310.29,0.675,0.773761,1.40491,0.90851
0.5,2500,0.5,vfl_bc,8,O4 count,O,0.0449883,656.704,0.079435,-0.0383817,0.0697214,0.0175884,4.51632,3.97602,5.13223,0.072418,0.0863097,0.935,0.935,1159.53,0.545,,,
0.5,2500,0.5,vfl_bc,9,O5 score,O,-0.0899765,-600.266,0.108576,0.0875117,0.0644304,0.0145578,7.4583,6.51361,8.54871,0.100605,0.117096,0.805,0.805,724.352,0.54,,,
0.5,2500,0.5,vfl_bc,10,O6 assets ($),O,0.26993,0.187995,0.217072,-0.204726,0.0723426,0.0154728,14.0292,12.8098,15.5679,0.207966,0.226806,0.215,0.21,0.151182,0.805,0.743297,1.13669,0.80418
0.5,2500,0.5,vfl_uncorrected,0,intercept,R,0,,0.0702214,-0.00290546,0.0703374,0.0137568,5.10448,4.48727,5.81487,0.0625667,0.0783739,0.955,0.955,,,,,
0.5,2500,0.5,vfl_uncorrected,1,R1 score,R,0.449883,3003.95,0.332372,-0.325492,0.0674453,0.0152118,21.8497,19.6236,24.9439,0.3229,0.341458,0,0,2219.31,0.965,0.718302,0.917291,0.738798
0.5,2500,0.5,vfl_uncorrected,2,R2 binary,R,-0.26993,-11683.9,0.236773,0.226859,0.0679697,0.0151293,15.65,14.055,17.5804,0.227628,0.245822,0.085,0.085,10248.7,0.75,0.847649,1.21483,0.877167
0.5,2500,0.5,vfl_uncorrected,3,R3 income ($),R,0.179953,0.12585,0.156986,-0.134081,0.081855,0.0149518,10.4995,9.24318,11.9641,0.146915,0.166445,0.475,0.47,0.109788,0.685,0.795665,1.27709,0.872371
0.5,2500,0.5,vfl_uncorrected,4,R4 count,R,0.0899765,1310.99,0.0821253,-0.0447723,0.0690205,0.0155258,5.28961,4.57629,6.15248,0.074303,0.090283,0.915,0.915,1196.6,0.765,,,
0.5,2500,0.5,vfl_uncorrected,5,O1 income ($),O,0.359906,0.25067,0.275036,-0.266548,0.0679709,0.0143038,19.2281,17.3163,21.7001,0.265174,0.284244,0.04,0.045,0.191559,0.92,0.73422,0.96178,0.764189
0.5,2500,0.5,vfl_uncorrected,6,O2 age (yr),O,-0.224941,-251.346,0.202583,0.190984,0.0677345,0.0152949,13.2451,12.1912,14.6261,0.193751,0.210673,0.245,0.245,226.363,0.675,0.844252,1.24963,0.900603
0.5,2500,0.5,vfl_uncorrected,7,O3 binary,O,0.134965,5845.05,0.123346,-0.101298,0.0705545,0.0158293,7.79227,6.91751,8.93758,0.11446,0.131654,0.735,0.74,5341.88,0.68,0.761524,1.42767,0.913916
0.5,2500,0.5,vfl_uncorrected,8,O4 count,O,0.0449883,656.704,0.0834002,-0.0380954,0.0743773,0.0175884,4.74176,4.16965,5.39487,0.0760562,0.090527,0.915,0.91,1217.41,0.545,,,
0.5,2500,0.5,vfl_uncorrected,9,O5 score,O,-0.0899765,-600.266,0.110705,0.086967,0.0686721,0.0145578,7.60451,6.62502,8.74038,0.102221,0.119539,0.805,0.805,738.552,0.535,,,
0.5,2500,0.5,vfl_uncorrected,10,O6 assets ($),O,0.26993,0.187995,0.214953,-0.200717,0.0771169,0.0154728,13.8922,12.6742,15.4336,0.205379,0.225228,0.265,0.26,0.149706,0.805,0.731375,1.14424,0.796328
0.5,2500,1,vfl_bc,0,intercept,R,0,,0.058425,0.00407763,0.0584288,0.0137568,4.24698,3.72267,4.85259,0.0522237,0.0646785,0.965,0.965,,,,,
0.5,2500,1,vfl_bc,1,R1 score,R,0.449883,3003.95,0.276665,-0.269472,0.0628338,0.0152118,18.1876,16.2166,20.724,0.268512,0.284612,0.01,0.01,1847.35,1,0.60896,0.779202,0.614972
0.5,2500,1,vfl_bc,2,R2 binary,R,-0.26993,-11683.9,0.200103,0.188946,0.0660485,0.0151293,13.2262,11.813,14.9601,0.191702,0.208703,0.215,0.215,8661.43,0.88,0.711663,1.01364,0.741316
0.5,2500,1,vfl_bc,3,R3 income ($),R,0.179953,0.12585,0.114135,-0.0933098,0.065892,0.0149518,7.63351,6.79021,8.63284,0.105912,0.122499,0.745,0.735,0.0798203,0.9,0.49549,0.99762,0.634248
0.5,2500,1,vfl_bc,4,R4 count,R,0.0899765,1310.99,0.0634993,-0.0143209,0.0620186,0.0155258,4.08992,3.54074,4.77261,0.0569489,0.0699707,0.94,0.94,925.208,0.91,,,
0.5,2500,1,vfl_bc,5,O1 income ($),O,0.359906,0.25067,0.224327,-0.2124,0.0723537,0.0143038,15.683,14.0913,17.6887,0.214332,0.234777,0.16,0.16,0.156241,0.965,0.573026,0.859962,0.623292
0.5,2500,1,vfl_bc,6,O2 age (yr),O,-0.224941,-251.346,0.173037,0.16067,0.0644016,0.0152949,11.3133,10.3464,12.625,0.164475,0.181176,0.31,0.31,193.348,0.86,0.716693,1.05494,0.769252
0.5,2500,1,vfl_bc,7,O3 binary,O,0.134965,5845.05,0.106075,-0.0867117,0.061252,0.0158293,6.70118,5.95727,7.62454,0.0976681,0.113916,0.785,0.785,4593.9,0.81,0.633226,1.23349,0.785948
0.5,2500,1,vfl_bc,8,O4 count,O,0.0449883,656.704,0.0649121,-0.0171615,0.0627596,0.0175884,3.69061,3.14358,4.29764,0.057655,0.0725645,0.97,0.97,947.537,0.665,,,
0.5,2500,1,vfl_bc,9,O5 score,O,-0.0899765,-600.266,0.097672,0.0744862,0.0633379,0.0145578,6.70926,5.89771,7.75059,0.0896834,0.105794,0.85,0.85,651.605,0.62,,,
0.5,2500,1,vfl_bc,10,O6 assets ($),O,0.26993,0.187995,0.175103,-0.161651,0.0674744,0.0154728,11.3168,10.2559,12.6187,0.166286,0.183374,0.36,0.355,0.121952,0.955,0.61571,0.910338,0.648699
0.5,2500,1,vfl_uncorrected,0,intercept,R,0,,0.0601798,0.00428209,0.0601779,0.0137568,4.37454,3.8332,5.00532,0.0538061,0.0665657,0.965,0.96,,,,,
0.5,2500,1,vfl_uncorrected,1,R1 score,R,0.449883,3003.95,0.27266,-0.264898,0.0647565,0.0152118,17.9243,15.9783,20.4111,0.264358,0.280848,0.015,0.015,1820.6,1,0.600461,0.774146,0.60607
0.5,2500,1,vfl_uncorrected,2,R2 binary,R,-0.26993,-11683.9,0.19814,0.18618,0.0679672,0.0151293,13.0964,11.6828,14.8131,0.189494,0.206908,0.225,0.225,8576.46,0.89,0.700485,1.01271,0.734044
0.5,2500,1,vfl_uncorrected,3,R3 income ($),R,0.179953,0.12585,0.113756,-0.0913809,0.0679197,0.0149518,7.60819,6.7551,8.60617,0.105355,0.122353,0.755,0.74,0.0795556,0.9,0.481153,0.997662,0.632144
0.5,2500,1,vfl_uncorrected,4,R4 count,R,0.0899765,1310.99,0.0652186,-0.0133354,0.0640009,0.0155258,4.20066,3.63459,4.90032,0.0584797,0.0718813,0.935,0.935,950.259,0.9,,,
0.5,2500,1,vfl_uncorrected,5,O1 income ($),O,0.359906,0.25067,0.219026,-0.205294,0.0765247,0.0143038,15.3124,13.7568,17.2862,0.208467,0.229934,0.185,0.19,0.152549,0.965,0.554674,0.858059,0.608565
0.5,2500,1,vfl_uncorrected,6,O2 age (yr),O,-0.224941,-251.346,0.170457,0.156383,0.0679943,0.0152949,11.1447,10.1955,12.4442,0.161494,0.179056,0.34,0.34,190.466,0.86,0.702166,1.05208,0.757786
0.5,2500,1,vfl_uncorrected,7,O3 binary,O,0.134965,5845.05,0.106308,-0.0845491,0.0646041,0.0158293,6.71588,5.94851,7.65632,0.0975573,0.114669,0.79,0.79,4603.98,0.795,0.622224,1.24688,0.787672
0.5,2500,1,vfl_uncorrected,8,O4 count,O,0.0449883,656.704,0.0681366,-0.0160632,0.0663823,0.0175884,3.87394,3.28985,4.5203,0.0603103,0.0764757,0.965,0.965,994.606,0.665,,,
0.5,2500,1,vfl_uncorrected,9,O5 score,O,-0.0899765,-600.266,0.0988212,0.0728755,0.0669118,0.0145578,6.78821,5.96451,7.86022,0.0904326,0.107277,0.84,0.845,659.272,0.635,,,
0.5,2500,1,vfl_uncorrected,10,O6 assets ($),O,0.26993,0.187995,0.17181,-0.156487,0.071104,0.0154728,11.1039,10.0623,12.3912,0.162643,0.180377,0.395,0.39,0.119659,0.95,0.595636,0.907111,0.636498
0.5,2500,2,vfl_bc,0,intercept,R,0,,0.0547281,0.0020936,0.0548253,0.0137568,3.97825,3.48792,4.52322,0.0489187,0.0606177,0.955,0.955,,,,,
0.5,2500,2,vfl_bc,1,R1 score,R,0.449883,3003.95,0.15522,-0.145586,0.053968,0.0152118,10.204,9.10851,11.6535,0.148366,0.162449,0.235,0.245,1036.44,1,0.3138,0.486689,0.345024
0.5,2500,2,vfl_bc,2,R2 binary,R,-0.26993,-11683.9,0.127267,0.114976,0.054703,0.0151293,8.41193,7.50883,9.4841,0.119924,0.13394,0.485,0.48,5508.73,1,0.428542,0.686412,0.471482
0.5,2500,2,vfl_bc,3,R3 income ($),R,0.179953,0.12585,0.0798556,-0.0512355,0.061406,0.0149518,5.34087,4.60242,6.16893,0.0715994,0.0877943,0.86,0.85,0.0558471,0.965,0.280002,0.713774,0.443758
0.5,2500,2,vfl_bc,4,R4 count,R,0.0899765,1310.99,0.0620733,2.88189e-05,0.062229,0.0155258,3.99807,3.47364,4.66919,0.0557305,0.0682849,0.96,0.96,904.43,0.95,,,
0.5,2500,2,vfl_bc,5,O1 income ($),O,0.359906,0.25067,0.143255,-0.127192,0.0660753,0.0143038,10.0151,8.93002,11.3554,0.134052,0.152136,0.54,0.545,0.0997748,1,0.334128,0.586119,0.398033
0.5,2500,2,vfl_bc,6,O2 age (yr),O,-0.224941,-251.346,0.116518,0.097334,0.0642109,0.0152949,7.61805,6.83059,8.62134,0.108092,0.124908,0.645,0.645,130.195,0.98,0.427064,0.797438,0.517991
0.5,2500,2,vfl_bc,7,O3 binary,O,0.134965,5845.05,0.0787139,-0.046406,0.0637391,0.0158293,4.97266,4.34739,5.70554,0.0714795,0.0857057,0.865,0.87,3408.94,0.9,0.402689,0.997818,0.583218
0.5,2500,2,vfl_bc,8,O4 count,O,0.0449883,656.704,0.0684653,-0.0108022,0.0677774,0.0175884,3.89263,3.40981,4.47184,0.0622102,0.074669,0.955,0.955,999.403,0.705,,,
0.5,2500,2,vfl_bc,9,O5 score,O,-0.0899765,-600.266,0.0856287,0.050845,0.0690718,0.0145578,5.88199,5.10396,6.83477,0.0774188,0.0942063,0.85,0.855,571.26,0.72,,,
0.5,2500,2,vfl_bc,10,O6 assets ($),O,0.26993,0.187995,0.107866,-0.0896433,0.0601443,0.0154728,6.97134,6.31992,7.7808,0.100422,0.114893,0.71,0.71,0.0751246,1,0.342444,0.632102,0.39961
0.5,2500,2,vfl_uncorrected,0,intercept,R,0,,0.0558604,0.00207403,0.055962,0.0137568,4.06056,3.56054,4.61473,0.0499695,0.0618246,0.955,0.955,,,,,
0.5,2500,2,vfl_uncorrected,1,R1 score,R,0.449883,3003.95,0.150213,-0.139796,0.0551012,0.0152118,9.87476,8.80613,11.2782,0.143153,0.157615,0.275,0.3,1003,1,0.301265,0.47716,0.333893
0.5,2500,2,vfl_uncorrected,2,R2 binary,R,-0.26993,-11683.9,0.124306,0.111015,0.0560641,0.0151293,8.2162,7.33927,9.27742,0.116889,0.131091,0.525,0.52,5380.55,1,0.414878,0.679708,0.460511
0.5,2500,2,vfl_uncorrected,3,R3 income ($),R,0.179953,0.12585,0.079734,-0.0490932,0.0629857,0.0149518,5.33273,4.58267,6.16035,0.0713611,0.0877165,0.865,0.86,0.0557621,0.965,0.271057,0.714242,0.443082
0.5,2500,2,vfl_uncorrected,4,R4 count,R,0.0899765,1310.99,0.0638549,-0.000120454,0.064015,0.0155258,4.11282,3.57011,4.80666,0.0573368,0.0702565,0.95,0.95,930.388,0.945,,,
0.5,2500,2,vfl_uncorrected,5,O1 income ($),O,0.359906,0.25067,0.137256,-0.118734,0.0690319,0.0143038,9.59578,8.54216,10.8905,0.127604,0.146416,0.59,0.59,0.0955972,1,0.310899,0.576596,0.381367
0.5,2500,2,vfl_uncorrected,6,O2 age (yr),O,-0.224941,-251.346,0.112932,0.0909877,0.0670632,0.0152949,7.38366,6.60305,8.37851,0.104382,0.121435,0.665,0.665,126.189,0.98,0.401018,0.784206,0.502053
0.5,2500,2,vfl_uncorrected,7,O3 binary,O,0.134965,5845.05,0.0791324,-0.0430277,0.0665787,0.0158293,4.9991,4.36625,5.74467,0.0716005,0.0861341,0.87,0.87,3427.06,0.895,0.384527,1.01686,0.586319
0.5,2500,2,vfl_uncorrected,8,O4 count,O,0.0449883,656.704,0.0714349,-0.00987803,0.0709262,0.0175884,4.06147,3.55226,4.67315,0.0649191,0.077868,0.95,0.95,1042.75,0.705,,,
0.5,2500,2,vfl_uncorrected,9,O5 score,O,-0.0899765,-600.266,0.086586,0.0479651,0.0722676,0.0145578,5.94775,5.15456,6.92406,0.0780753,0.0954109,0.85,0.85,577.647,0.725,,,
0.5,2500,2,vfl_uncorrected,10,O6 assets ($),O,0.26993,0.187995,0.104244,-0.0833596,0.0627507,0.0154728,6.73721,6.10141,7.53207,0.0964478,0.111316,0.75,0.745,0.0726017,1,0.322768,0.62056,0.386189
0.5,2500,4,vfl_bc,0,intercept,R,0,,0.0415412,-0.00110204,0.0416308,0.0137568,3.01968,2.67499,3.40312,0.0378414,0.0448067,0.98,0.975,,,,,
0.5,2500,4,vfl_bc,1,R1 score,R,0.449883,3003.95,0.0483158,-0.00682174,0.0479519,0.0152118,3.17622,2.74377,3.718,0.0437377,0.0527473,0.96,0.96,322.614,1,0.079025,0.173141,0.107397
0.5,2500,4,vfl_bc,2,R2 binary,R,-0.26993,-11683.9,0.0565282,0.00782576,0.0561243,0.0151293,3.73633,3.26644,4.33743,0.0512971,0.0617407,0.95,0.945,2446.81,1,0.145986,0.345125,0.209418
0.5,2500,4,vfl_bc,3,R3 income ($),R,0.179953,0.12585,0.0599162,-0.000633763,0.0600632,0.0149518,4.00729,3.46343,4.63672,0.0542496,0.0652721,0.94,0.945,0.0419025,1,0.213786,0.556644,0.332955
0.5,2500,4,vfl_bc,4,R4 count,R,0.0899765,1310.99,0.0550777,0.00871714,0.05452,0.0155258,3.5475,3.10241,4.11128,0.0498926,0.0601785,0.96,0.96,802.502,0.935,,,
0.5,2500,4,vfl_bc,5,O1 income ($),O,0.359906,0.25067,0.0637993,-0.00152333,0.0639412,0.0143038,4.4603,3.86536,5.13429,0.0580315,0.0697527,0.965,0.965,0.0444354,1,0.121587,0.268962,0.177267
0.5,2500,4,vfl_bc,6,O2 age (yr),O,-0.224941,-251.346,0.0619996,0.00448439,0.0619923,0.0152949,4.0536,3.58755,4.63934,0.0563272,0.0672758,0.96,0.96,69.2774,1,0.187044,0.481685,0.275626
0.5,2500,4,vfl_bc,7,O3 binary,O,0.134965,5845.05,0.0555214,-0.00165118,0.0556361,0.0158293,3.5075,3.09662,4.03454,0.0504922,0.0602885,0.97,0.97,2404.52,0.99,0.285283,0.66023,0.411377
0.5,2500,4,vfl_bc,8,O4 count,O,0.0449883,656.704,0.0578173,-0.00263568,0.0579021,0.0175884,3.28723,2.83225,3.79936,0.0513562,0.0639857,0.95,0.945,843.972,0.78,,,
0.5,2500,4,vfl_bc,9,O5 score,O,-0.0899765,-600.266,0.0598993,-0.00435942,0.0598903,0.0145578,4.11459,3.56502,4.76922,0.0536992,0.065818,0.98,0.98,399.61,0.955,,,
0.5,2500,4,vfl_bc,10,O6 assets ($),O,0.26993,0.187995,0.0528847,0.000176029,0.0530171,0.0154728,3.4179,2.99207,3.90897,0.0476953,0.0581195,0.98,0.975,0.0368321,1,0.116985,0.331394,0.19592
0.5,2500,4,vfl_uncorrected,0,intercept,R,0,,0.0422286,-0.00112408,0.0423196,0.0137568,3.06965,2.71811,3.46309,0.0384744,0.045555,0.975,0.975,,,,,
0.5,2500,4,vfl_uncorrected,1,R1 score,R,0.449883,3003.95,0.0488079,-0.00147461,0.048908,0.0152118,3.20856,2.77071,3.76551,0.0441073,0.0533656,0.97,0.97,325.9,1,0.07901,0.17211,0.10849
0.5,2500,4,vfl_uncorrected,2,R2 binary,R,-0.26993,-11683.9,0.0571966,0.0033697,0.0572405,0.0151293,3.78051,3.30721,4.37556,0.0518748,0.0623868,0.94,0.94,2475.74,1,0.150758,0.355259,0.211894
0.5,2500,4,vfl_uncorrected,3,R3 income ($),R,0.179953,0.12585,0.0612775,0.00171484,0.0614072,0.0149518,4.09833,3.54555,4.74108,0.0554404,0.0667862,0.935,0.935,0.0428545,1,0.221232,0.560929,0.340519
0.5,2500,4,vfl_uncorrected,4,R4 count,R,0.0899765,1310.99,0.0560778,0.00733747,0.0557352,0.0155258,3.61191,3.15569,4.19498,0.05073,0.0613327,0.96,0.96,817.074,0.935,,,
0.5,2500,4,vfl_uncorrected,5,O1 income ($),O,0.359906,0.25067,0.066738,0.00786734,0.066439,0.0143038,4.66575,4.02376,5.40828,0.0603084,0.0730394,0.955,0.955,0.0464821,1,0.13475,0.294804,0.185432
0.5,2500,4,vfl_uncorrected,6,O2 age (yr),O,-0.224941,-251.346,0.0643282,-0.0033589,0.0644017,0.0152949,4.20585,3.72154,4.80898,0.0583799,0.070036,0.955,0.955,71.8794,1,0.190997,0.486565,0.285978
0.5,2500,4,vfl_uncorrected,7,O3 binary,O,0.134965,5845.05,0.0573795,0.00211899,0.0574843,0.0158293,3.62488,3.20094,4.16167,0.052082,0.0624103,0.96,0.965,2484.99,0.99,0.288322,0.6709,0.425144
0.5,2500,4,vfl_uncorrected,8,O4 count,O,0.0449883,656.704,0.0599583,-0.00158681,0.0600877,0.0175884,3.40896,2.93434,3.94569,0.0532131,0.0664355,0.945,0.945,875.225,0.78,,,
0.5,2500,4,vfl_uncorrected,9,O5 score,O,-0.0899765,-600.266,0.0626052,-0.00854942,0.0621743,0.0145578,4.30047,3.72784,4.98021,0.0560196,0.0689129,0.97,0.97,417.662,0.96,,,
0.5,2500,4,vfl_uncorrected,10,O6 assets ($),O,0.26993,0.187995,0.0550612,0.00663062,0.0547977,0.0154728,3.55857,3.12245,4.06256,0.0497594,0.0603235,0.975,0.975,0.0383479,1,0.120706,0.357114,0.203984
0.5,2500,8,vfl_bc,0,intercept,R,0,,0.0276662,-9.02869e-05,0.0277355,0.0137568,2.01109,1.77529,2.27588,0.0247566,0.0302585,0.945,0.94,,,,,
0.5,2500,8,vfl_bc,1,R1 score,R,0.449883,3003.95,0.0303367,0.000333566,0.030411,0.0152118,1.99429,1.7447,2.28008,0.0272433,0.0332049,0.935,0.94,202.564,1,0.0454906,0.104316,0.0674325
0.5,2500,8,vfl_bc,2,R2 binary,R,-0.26993,-11683.9,0.0320864,0.000917406,0.0321538,0.0151293,2.12081,1.87625,2.42671,0.0286171,0.0356063,0.93,0.93,1388.86,1,0.0781326,0.188209,0.11887
0.5,2500,8,vfl_bc,3,R3 income ($),R,0.179953,0.12585,0.0310725,0.00103927,0.031133,0.0149518,2.07818,1.82637,2.35564,0.0282262,0.0340811,0.97,0.965,0.0217306,1,0.112702,0.288343,0.17267
0.5,2500,8,vfl_bc,4,R4 count,R,0.0899765,1310.99,0.0332053,0.0013579,0.0332608,0.0155258,2.13872,1.88016,2.44408,0.0301084,0.0362154,0.965,0.965,483.813,1,,,
0.5,2500,8,vfl_bc,5,O1 income ($),O,0.359906,0.25067,0.0361501,-0.00156634,0.0362067,0.0143038,2.5273,2.18461,2.96064,0.0324151,0.0398388,0.95,0.95,0.025178,1,0.0662766,0.157318,0.100443
0.5,2500,8,vfl_bc,6,O2 age (yr),O,-0.224941,-251.346,0.0348183,0.00295913,0.0347794,0.0152949,2.27646,2.01139,2.59777,0.0311185,0.0384903,0.945,0.945,38.9054,1,0.10392,0.25665,0.154788
0.5,2500,8,vfl_bc,7,O3 binary,O,0.134965,5845.05,0.0350192,-0.00268114,0.0350041,0.0158293,2.2123,1.98644,2.48332,0.0314588,0.0383557,0.94,0.94,1516.61,1,0.173338,0.416033,0.259469
0.5,2500,8,vfl_bc,8,O4 count,O,0.0449883,656.704,0.0384992,0.003026,0.0384764,0.0175884,2.18889,1.96172,2.44499,0.0348746,0.0419848,0.935,0.935,561.981,0.895,,,
0.5,2500,8,vfl_bc,9,O5 score,O,-0.0899765,-600.266,0.0355759,-0.00228067,0.0355918,0.0145578,2.44377,2.12912,2.80223,0.0320644,0.0390211,0.96,0.96,237.34,1,,,
0.5,2500,8,vfl_bc,10,O6 assets ($),O,0.26993,0.187995,0.0332633,0.00279673,0.0332286,0.0154728,2.14978,1.91686,2.41716,0.0301059,0.036432,0.965,0.975,0.0231665,1,0.0854846,0.206741,0.123229
0.5,2500,8,vfl_uncorrected,0,intercept,R,0,,0.0277925,-7.66892e-05,0.0278622,0.0137568,2.02027,1.78387,2.28772,0.024861,0.0304044,0.94,0.94,,,,,
0.5,2500,8,vfl_uncorrected,1,R1 score,R,0.449883,3003.95,0.0305562,0.00197204,0.030569,0.0152118,2.00872,1.76502,2.29129,0.0274591,0.0334535,0.935,0.93,204.029,1,0.0450247,0.105896,0.0679203
0.5,2500,8,vfl_uncorrected,2,R2 binary,R,-0.26993,-11683.9,0.0322527,-0.000432447,0.0323307,0.0151293,2.1318,1.88537,2.44019,0.0286931,0.0358464,0.93,0.93,1396.05,1,0.0760476,0.188177,0.119486
0.5,2500,8,vfl_uncorrected,3,R3 income ($),R,0.179953,0.12585,0.0312792,0.00174624,0.0313088,0.0149518,2.092,1.83896,2.37528,0.0283993,0.0343217,0.965,0.965,0.0218751,1,0.11457,0.292918,0.173819
0.5,2500,8,vfl_uncorrected,4,R4 count,R,0.0899765,1310.99,0.0334142,0.000899093,0.0334859,0.0155258,2.15217,1.89394,2.45978,0.0303033,0.0364011,0.965,0.965,486.856,1,,,
0.5,2500,8,vfl_uncorrected,5,O1 income ($),O,0.359906,0.25067,0.036498,0.00115014,0.0365714,0.0143038,2.55162,2.20603,2.98741,0.0327072,0.0401328,0.955,0.955,0.0254204,1,0.0693073,0.156354,0.10141
0.5,2500,8,vfl_uncorrected,6,O2 age (yr),O,-0.224941,-251.346,0.0350379,0.000724053,0.0351183,0.0152949,2.29082,2.02644,2.61127,0.0314304,0.0386925,0.935,0.935,39.1508,1,0.102115,0.266512,0.155765
0.5,2500,8,vfl_uncorrected,7,O3 binary,O,0.134965,5845.05,0.035267,-0.00162399,0.035318,0.0158293,2.22795,2.00229,2.5026,0.0316716,0.0386475,0.94,0.94,1527.34,1,0.177246,0.416402,0.261305
0.5,2500,8,vfl_uncorrected,8,O4 count,O,0.0449883,656.704,0.0389061,0.00338474,0.0388559,0.0175884,2.21203,1.98187,2.47024,0.0352173,0.0424524,0.93,0.935,567.922,0.895,,,
0.5,2500,8,vfl_uncorrected,9,O5 score,O,-0.0899765,-600.266,0.0360611,-0.00349343,0.0359816,0.0145578,2.4771,2.15752,2.8422,0.0324825,0.0395304,0.96,0.96,240.577,1,,,
0.5,2500,8,vfl_uncorrected,10,O6 assets ($),O,0.26993,0.187995,0.0337724,0.00468774,0.0335294,0.0154728,2.18269,1.94664,2.45939,0.0306021,0.0370045,0.97,0.965,0.0235211,1,0.0863738,0.203794,0.125116
0.5,5000,,ols,0,intercept,R,0,,0.00919616,0.000323814,0.00921352,0.00921352,0.998116,0.9975,1.01318,0.00819232,0.0102726,0.97,0.965,,,,,
0.5,5000,,ols,1,R1 score,R,0.449883,3003.95,0.0112555,-0.00260668,0.0109769,0.0109769,1.02537,1.00243,1.06922,0.0102383,0.0122267,0.935,0.935,75.1549,1,0.0166879,0.0430163,0.0250187
0.5,5000,,ols,2,R2 binary,R,-0.26993,-11683.9,0.0102048,0.000810589,0.0101981,0.0101981,1.00066,0.997505,1.02275,0.00914802,0.0112456,0.965,0.965,441.713,1,0.0271726,0.0610384,0.0378054
0.5,5000,,ols,3,R3 income ($),R,0.179953,0.12585,0.0125209,0.00459118,0.011678,0.011678,1.07218,1.0295,1.13516,0.0112999,0.0137748,0.895,0.935,0.00875648,1,0.0449748,0.117731,0.0695785
0.5,5000,,ols,4,R4 count,R,0.0899765,1310.99,0.0112975,0.000912393,0.0112888,0.0112888,1.00077,0.997505,1.02176,0.0102547,0.0122894,0.955,0.955,164.608,1,,,
0.5,5000,,ols,5,O1 income ($),O,0.359906,0.25067,0.0113714,-0.00165089,0.0112791,0.0112791,1.00818,0.99761,1.0416,0.0103752,0.0123427,0.955,0.945,0.00791999,1,0.022088,0.0517853,0.0315953
0.5,5000,,ols,6,O2 age (yr),O,-0.224941,-251.346,0.0113723,0.00183722,0.011251,0.011251,1.01077,0.997902,1.04567,0.0103315,0.0124598,0.945,0.94,12.7072,1,0.0380021,0.0827091,0.0505565
0.5,5000,,ols,7,O3 binary,O,0.134965,5845.05,0.0108291,-0.00127623,0.0107806,0.0107806,1.0045,0.997543,1.02983,0.00984766,0.0118634,0.94,0.945,468.987,1,0.0516597,0.124898,0.0802366
0.5,5000,,ols,8,O4 count,O,0.0449883,656.704,0.0104592,0.000620131,0.010467,0.010467,0.999255,0.997503,1.01716,0.009492,0.0114679,0.95,0.95,152.676,1,,,
0.5,5000,,ols,9,O5 score,O,-0.0899765,-600.266,0.0102673,-0.00154285,0.0101762,0.0101762,1.00895,0.997752,1.03941,0.00933597,0.0111902,0.965,0.965,68.4969,1,,,
0.5,5000,,ols,10,O6 assets ($),O,0.26993,0.187995,0.011095,0.000698579,0.0111007,0.0111007,0.99948,0.997504,1.02056,0.0100705,0.0121113,0.945,0.955,0.0077272,1,0.0297725,0.0673544,0.0411032
0.5,5000,,ols_unclipped,0,intercept,R,0,,0.00928704,-0.000962256,0.00926023,0.00921352,1.00798,0.995538,1.0328,0.00829888,0.0103239,,,,,,,
0.5,5000,,ols_unclipped,1,R1 score,R,0.449883,3003.95,0.0110769,-0.000551251,0.011091,0.0109769,1.00911,0.999005,1.02916,0.0101313,0.011983,,,73.9627,1,0.018697,0.0401884,0.0246218
0.5,5000,,ols_unclipped,2,R2 binary,R,-0.26993,-11683.9,0.0101819,4.71022e-05,0.0102074,0.0101981,0.998414,0.989112,1.01566,0.00912884,0.0112228,,,440.723,1,0.026028,0.0605832,0.0377206
0.5,5000,,ols_unclipped,3,R3 income ($),R,0.179953,0.12585,0.0113685,0.00155219,0.0112903,0.011678,0.973497,0.950068,1.00659,0.010225,0.0124686,,,0.00795055,1,0.0428596,0.103247,0.0631746
0.5,5000,,ols_unclipped,4,R4 count,R,0.0899765,1310.99,0.0111084,0.000672042,0.0111159,0.0112888,0.984022,0.968039,1.00838,0.0101031,0.0120902,,,161.854,1,,,
0.5,5000,,ols_unclipped,5,O1 income ($),O,0.359906,0.25067,0.0114231,-0.00130184,0.0113771,0.0112791,1.01276,0.976652,1.06362,0.0104495,0.0123988,,,0.00795602,1,0.023885,0.0527208,0.0317391
0.5,5000,,ols_unclipped,6,O2 age (yr),O,-0.224941,-251.346,0.0111897,0.00119152,0.011154,0.011251,0.994549,0.979651,1.0255,0.0101223,0.0122545,,,12.5032,1,0.0357823,0.0806332,0.049745
0.5,5000,,ols_unclipped,7,O3 binary,O,0.134965,5845.05,0.0107904,-0.000753,0.0107911,0.0107806,1.00091,0.991878,1.01988,0.00981541,0.0118295,,,467.312,1,0.0545771,0.12823,0.07995
0.5,5000,,ols_unclipped,8,O4 count,O,0.0449883,656.704,0.0103488,0.000248795,0.0103717,0.010467,0.9887,0.974218,1.01123,0.00935379,0.0113585,,,151.063,1,,,
0.5,5000,,ols_unclipped,9,O5 score,O,-0.0899765,-600.266,0.0101919,-0.00146801,0.0101109,0.0101762,1.00154,0.985513,1.03245,0.00926822,0.0111162,,,67.9936,1,,,
0.5,5000,,ols_unclipped,10,O6 assets ($),O,0.26993,0.187995,0.0108432,-0.000805415,0.0108404,0.0111007,0.976798,0.947116,1.01306,0.00979558,0.0118802,,,0.00755184,1,0.0260026,0.0670682,0.0401704
0.5,5000,0.5,vfl_bc,0,intercept,R,0,,0.0564995,0.00341701,0.0565376,0.00921352,6.13224,5.35121,7.01863,0.0510246,0.0615895,0.97,0.97,,,,,
0.5,5000,0.5,vfl_bc,1,R1 score,R,0.449883,3003.95,0.256353,-0.250203,0.0559555,0.0109769,23.3538,21.4879,25.6794,0.249175,0.263581,0.02,0.02,1711.72,1,0.566298,0.709529,0.569821
0.5,5000,0.5,vfl_bc,2,R2 binary,R,-0.26993,-11683.9,0.197555,0.187651,0.061922,0.0101981,19.3718,17.4258,21.9418,0.189293,0.206093,0.15,0.15,8551.14,0.9,0.688724,0.997336,0.731876
0.5,5000,0.5,vfl_bc,3,R3 income ($),R,0.179953,0.12585,0.117241,-0.0976596,0.065033,0.011678,10.0395,8.90786,11.4885,0.109193,0.125532,0.685,0.665,0.0819929,0.9,0.549622,0.996913,0.651511
0.5,5000,0.5,vfl_bc,4,R4 count,R,0.0899765,1310.99,0.0655874,-0.0138735,0.0642642,0.0112888,5.80995,5.12372,6.6496,0.0597039,0.0713172,0.965,0.965,955.632,0.855,,,
0.5,5000,0.5,vfl_bc,5,O1 income ($),O,0.359906,0.25067,0.216554,-0.207305,0.0627681,0.0112791,19.1996,17.5553,21.353,0.207835,0.225171,0.125,0.125,0.150827,0.99,0.570922,0.788664,0.601696
0.5,5000,0.5,vfl_bc,6,O2 age (yr),O,-0.224941,-251.346,0.173055,0.161021,0.0635636,0.011251,15.3812,13.7963,17.28,0.164419,0.181746,0.335,0.335,193.369,0.86,0.702129,1.08292,0.769333
0.5,5000,0.5,vfl_bc,7,O3 binary,O,0.134965,5845.05,0.104959,-0.0814132,0.0664097,0.0107806,9.73586,8.6522,10.9439,0.0966997,0.112868,0.785,0.785,4545.54,0.795,0.630489,1.20587,0.777674
0.5,5000,0.5,vfl_bc,8,O4 count,O,0.0449883,656.704,0.0714808,-0.0239942,0.0675023,0.010467,6.82913,5.91085,7.8909,0.0635171,0.0791506,0.92,0.92,1043.42,0.635,,,
0.5,5000,0.5,vfl_bc,9,O5 score,O,-0.0899765,-600.266,0.0929617,0.0684356,0.0630741,0.0101762,9.13521,8.04065,10.3957,0.0844835,0.100513,0.875,0.88,620.181,0.675,,,
0.5,5000,0.5,vfl_bc,10,O6 assets ($),O,0.26993,0.187995,0.167181,-0.154275,0.064572,0.0111007,15.0603,13.5486,16.9099,0.158965,0.175387,0.38,0.375,0.116435,0.97,0.601839,0.850252,0.619349
0.5,5000,0.5,vfl_uncorrected,0,intercept,R,0,,0.0580569,0.00358101,0.0580918,0.00921352,6.30128,5.49992,7.21162,0.052407,0.0632958,0.965,0.965,,,,,
0.5,5000,0.5,vfl_uncorrected,1,R1 score,R,0.449883,3003.95,0.251906,-0.245257,0.0576381,0.0109769,22.9486,21.1053,25.2385,0.244585,0.259388,0.025,0.025,1682.02,1,0.554749,0.704789,0.559936
0.5,5000,0.5,vfl_uncorrected,2,R2 binary,R,-0.26993,-11683.9,0.195492,0.184911,0.0636009,0.0101981,19.1695,17.2325,21.7388,0.187002,0.204299,0.17,0.17,8461.84,0.91,0.6769,0.997268,0.724233
0.5,5000,0.5,vfl_uncorrected,3,R3 income ($),R,0.179953,0.12585,0.116868,-0.0958186,0.0670775,0.011678,10.0075,8.88286,11.4673,0.108488,0.125352,0.695,0.675,0.0817317,0.9,0.549076,1.00118,0.649435
0.5,5000,0.5,vfl_uncorrected,4,R4 count,R,0.0899765,1310.99,0.0674535,-0.0131654,0.0663222,0.0112888,5.97525,5.27477,6.83583,0.0614031,0.0733565,0.965,0.965,982.822,0.85,,,
0.5,5000,0.5,vfl_uncorrected,5,O1 income ($),O,0.359906,0.25067,0.210788,-0.200163,0.0662445,0.0112791,18.6884,17.0655,20.8119,0.201549,0.219976,0.175,0.175,0.146811,0.99,0.551324,0.778739,0.585676
0.5,5000,0.5,vfl_uncorrected,6,O2 age (yr),O,-0.224941,-251.346,0.17054,0.156852,0.0671105,0.011251,15.1577,13.5633,17.0418,0.161464,0.179638,0.365,0.365,190.558,0.86,0.683318,1.08266,0.758152
0.5,5000,0.5,vfl_uncorrected,7,O3 binary,O,0.134965,5845.05,0.105366,-0.0789294,0.0699766,0.0107806,9.77368,8.67755,11.0054,0.0966933,0.113668,0.785,0.785,4563.21,0.79,0.617009,1.2159,0.780696
0.5,5000,0.5,vfl_uncorrected,8,O4 count,O,0.0449883,656.704,0.0747456,-0.0232047,0.0712307,0.010467,7.14104,6.18899,8.24524,0.0664505,0.0828541,0.92,0.92,1091.08,0.635,,,
0.5,5000,0.5,vfl_uncorrected,9,O5 score,O,-0.0899765,-600.266,0.093932,0.0664618,0.0665447,0.0101762,9.23056,8.10725,10.5363,0.0851394,0.101841,0.875,0.875,626.654,0.67,,,
0.5,5000,0.5,vfl_uncorrected,10,O6 assets ($),O,0.26993,0.187995,0.163576,-0.148812,0.0680821,0.0111007,14.7356,13.2281,16.5731,0.154944,0.172167,0.42,0.41,0.113924,0.97,0.581185,0.851057,0.605995
0.5,5000,1,vfl_bc,0,intercept,R,0,,0.053951,0.00392007,0.0539434,0.00921352,5.85564,5.03445,6.7726,0.0479681,0.059504,0.955,0.955,,,,,
0.5,5000,1,vfl_bc,1,R1 score,R,0.449883,3003.95,0.142493,-0.133447,0.0500883,0.0109769,12.9811,11.8267,14.4747,0.136369,0.149595,0.285,0.29,951.453,1,0.29982,0.441104,0.316734
0.5,5000,1,vfl_bc,2,R2 binary,R,-0.26993,-11683.9,0.123872,0.1081,0.060639,0.0101981,12.1466,10.8383,13.8502,0.116177,0.131519,0.55,0.545,5361.8,0.995,0.382313,0.682811,0.458906
0.5,5000,1,vfl_bc,3,R3 income ($),R,0.179953,0.12585,0.0769868,-0.0519965,0.0569168,0.011678,6.59248,5.75107,7.6175,0.0700222,0.0840728,0.87,0.865,0.0538408,0.985,0.302116,0.708479,0.427816
0.5,5000,1,vfl_bc,4,R4 count,R,0.0899765,1310.99,0.0558545,0.00404523,0.0558476,0.0112888,4.94778,4.37571,5.59441,0.051193,0.0604981,0.975,0.975,813.82,0.96,,,
0.5,5000,1,vfl_bc,5,O1 income ($),O,0.359906,0.25067,0.131854,-0.115492,0.0637778,0.0112791,11.6901,10.5004,13.1209,0.123534,0.139698,0.58,0.58,0.0918348,1,0.318027,0.564731,0.366358
0.5,5000,1,vfl_bc,6,O2 age (yr),O,-0.224941,-251.346,0.110865,0.0922336,0.0616679,0.011251,9.85373,8.70035,11.2024,0.102606,0.118857,0.68,0.68,123.878,0.985,0.40446,0.775694,0.49286
0.5,5000,1,vfl_bc,7,O3 binary,O,0.134965,5845.05,0.0743022,-0.0442369,0.0598483,0.0107806,6.8922,6.07345,7.86157,0.0679244,0.0808817,0.905,0.905,3217.88,0.935,0.434743,0.916616,0.55053
0.5,5000,1,vfl_bc,8,O4 count,O,0.0449883,656.704,0.0617823,-0.0184483,0.0591116,0.010467,5.90255,5.14032,6.76287,0.0550474,0.0683912,0.965,0.965,901.85,0.715,,,
0.5,5000,1,vfl_bc,9,O5 score,O,-0.0899765,-600.266,0.067186,0.0330512,0.058641,0.0101762,6.60226,5.78824,7.57623,0.0606095,0.0739336,0.95,0.955,448.222,0.845,,,
0.5,5000,1,vfl_bc,10,O6 assets ($),O,0.26993,0.187995,0.102204,-0.0820449,0.0610987,0.0111007,9.20699,8.08953,10.5066,0.0942508,0.109884,0.765,0.755,0.0711813,0.995,0.311989,0.580334,0.378634
0.5,5000,1,vfl_uncorrected,0,intercept,R,0,,0.0551331,0.00404534,0.0551225,0.00921352,5.98394,5.14044,6.92059,0.0490182,0.0608328,0.955,0.955,,,,,
0.5,5000,1,vfl_uncorrected,1,R1 score,R,0.449883,3003.95,0.137648,-0.127814,0.051221,0.0109769,12.5397,11.4165,13.9986,0.131348,0.144877,0.34,0.355,919.102,1,0.287599,0.431911,0.305964
0.5,5000,1,vfl_uncorrected,2,R2 binary,R,-0.26993,-11683.9,0.121141,0.104063,0.0621732,0.0101981,11.8788,10.5813,13.5445,0.113325,0.128857,0.57,0.57,5243.59,0.995,0.366943,0.676272,0.448789
0.5,5000,1,vfl_uncorrected,3,R3 income ($),R,0.179953,0.12585,0.0766059,-0.0498196,0.0583395,0.011678,6.55987,5.71328,7.58815,0.069515,0.0838168,0.87,0.87,0.0535745,0.985,0.291591,0.713169,0.4257
0.5,5000,1,vfl_uncorrected,4,R4 count,R,0.0899765,1310.99,0.0573673,0.00366252,0.0573939,0.0112888,5.08178,4.49846,5.74769,0.0525674,0.0622047,0.975,0.975,835.862,0.96,,,
0.5,5000,1,vfl_uncorrected,5,O1 income ($),O,0.359906,0.25067,0.125633,-0.106687,0.0665115,0.0112791,11.1386,9.98158,12.5337,0.117189,0.133639,0.62,0.62,0.0875018,1,0.290633,0.552202,0.349072
0.5,5000,1,vfl_uncorrected,6,O2 age (yr),O,-0.224941,-251.346,0.107172,0.0857607,0.0644334,0.011251,9.52551,8.37728,10.8582,0.0987061,0.115287,0.71,0.71,119.752,0.985,0.376166,0.761001,0.476444
0.5,5000,1,vfl_uncorrected,7,O3 binary,O,0.134965,5845.05,0.0745632,-0.0409661,0.0624577,0.0107806,6.91641,6.08964,7.88687,0.0680091,0.0811683,0.91,0.91,3229.18,0.935,0.429337,0.91366,0.552465
0.5,5000,1,vfl_uncorrected,8,O4 count,O,0.0449883,656.704,0.0640881,-0.0175152,0.0618029,0.010467,6.12285,5.34513,7.014,0.0570045,0.0710611,0.96,0.96,935.509,0.715,,,
0.5,5000,1,vfl_uncorrected,9,O5 score,O,-0.0899765,-600.266,0.0680165,0.0293594,0.0615076,0.0101762,6.68388,5.873,7.65787,0.0612754,0.0748751,0.95,0.95,453.763,0.85,,,
0.5,5000,1,vfl_uncorrected,10,O6 assets ($),O,0.26993,0.187995,0.0987171,-0.0754324,0.0638388,0.0111007,8.89284,7.78593,10.1754,0.0905422,0.106698,0.795,0.78,0.0687525,0.995,0.287551,0.566609,0.365714
0.5,5000,2,vfl_bc,0,intercept,R,0,,0.0399692,-0.00304983,0.0399527,0.00921352,4.3381,3.76764,4.99546,0.0361107,0.0435958,0.975,0.975,,,,,
0.5,5000,2,vfl_bc,1,R1 score,R,0.449883,3003.95,0.040991,-0.00352059,0.040942,0.0109769,3.73428,3.25908,4.27419,0.0367708,0.0453711,0.96,0.96,273.705,1,0.0639178,0.147053,0.0911149
0.5,5000,2,vfl_bc,2,R2 binary,R,-0.26993,-11683.9,0.0486673,-0.00388775,0.0486335,0.0101981,4.7722,4.13564,5.53054,0.0440817,0.0535528,0.95,0.95,2106.56,1,0.117832,0.301306,0.180296
0.5,5000,2,vfl_bc,3,R3 income ($),R,0.179953,0.12585,0.0486773,0.00912464,0.0479344,0.011678,4.1683,3.6645,4.79374,0.0439211,0.0532686,0.955,0.965,0.0340425,1,0.199154,0.426235,0.2705
0.5,5000,2,vfl_bc,4,R4 count,R,0.0899765,1310.99,0.0511754,-0.000814558,0.0512973,0.0112888,4.53329,4.00325,5.11972,0.0459017,0.0564825,0.96,0.96,745.644,0.96,,,
0.5,5000,2,vfl_bc,5,O1 income ($),O,0.359906,0.25067,0.0570745,-0.00388014,0.0570853,0.0112791,5.0602,4.44119,5.80809,0.0512112,0.0631653,0.975,0.975,0.0397516,1,0.115414,0.248335,0.158582
0.5,5000,2,vfl_bc,6,O2 age (yr),O,-0.224941,-251.346,0.0535378,0.00375644,0.0535399,0.011251,4.75848,4.14385,5.47284,0.0480308,0.0590189,0.955,0.96,59.8223,1,0.134889,0.393961,0.238008
0.5,5000,2,vfl_bc,7,O3 binary,O,0.134965,5845.05,0.0533543,-0.000420704,0.0534866,0.0107806,4.94909,4.30611,5.68847,0.0479951,0.058682,0.945,0.945,2310.67,0.99,0.258882,0.671792,0.39532
0.5,5000,2,vfl_bc,8,O4 count,O,0.0449883,656.704,0.053543,0.00630508,0.0533039,0.010467,5.11539,4.55881,5.85948,0.0486741,0.058648,0.945,0.945,781.579,0.85,,,
0.5,5000,2,vfl_bc,9,O5 score,O,-0.0899765,-600.266,0.0581142,-0.00578282,0.0579709,0.0101762,5.7108,5.01512,6.45861,0.0522984,0.0637551,0.955,0.955,387.701,0.97,,,
0.5,5000,2,vfl_bc,10,O6 assets ($),O,0.26993,0.187995,0.0574572,0.00273864,0.057536,0.0111007,5.17598,4.47818,5.94374,0.0512188,0.0636862,0.95,0.95,0.0400167,1,0.128665,0.339335,0.21286
0.5,5000,2,vfl_uncorrected,0,intercept,R,0,,0.0405701,-0.00295664,0.0405638,0.00921352,4.40332,3.82305,5.07248,0.0366607,0.04429,0.975,0.975,,,,,
0.5,5000,2,vfl_uncorrected,1,R1 score,R,0.449883,3003.95,0.0415211,0.00114561,0.0416095,0.0109769,3.78258,3.29063,4.32378,0.0370726,0.0458087,0.96,0.96,277.244,1,0.0603832,0.146444,0.0922933
0.5,5000,2,vfl_uncorrected,2,R2 binary,R,-0.26993,-11683.9,0.0499266,-0.00782689,0.049433,0.0101981,4.89568,4.25416,5.67892,0.0450538,0.0549673,0.945,0.945,2161.07,1,0.124456,0.311006,0.184962
0.5,5000,2,vfl_uncorrected,3,R3 income ($),R,0.179953,0.12585,0.0500081,0.0112448,0.0488497,0.011678,4.28226,3.76187,4.93149,0.0451485,0.0546688,0.95,0.955,0.0349732,1,0.206755,0.441592,0.277895
0.5,5000,2,vfl_uncorrected,4,R4 count,R,0.0899765,1310.99,0.0523068,-0.00219803,0.0523917,0.0112888,4.63351,4.0823,5.24026,0.0468592,0.0577333,0.96,0.96,762.128,0.945,,,
0.5,5000,2,vfl_uncorrected,5,O1 income ($),O,0.359906,0.25067,0.0588446,0.00390857,0.058862,0.0112791,5.21713,4.58594,5.97428,0.0526737,0.0651362,0.97,0.97,0.0409845,1,0.117683,0.250208,0.1635
0.5,5000,2,vfl_uncorrected,6,O2 age (yr),O,-0.224941,-251.346,0.0550859,-0.00272419,0.0551566,0.011251,4.89608,4.27416,5.63991,0.0492254,0.0608504,0.955,0.95,61.5522,1,0.141469,0.400031,0.24489
0.5,5000,2,vfl_uncorrected,7,O3 binary,O,0.134965,5845.05,0.0548445,0.00270375,0.0549153,0.0107806,5.08732,4.43168,5.83058,0.0492706,0.0601923,0.935,0.94,2375.2,0.99,0.287061,0.670712,0.406362
0.5,5000,2,vfl_uncorrected,8,O4 count,O,0.0449883,656.704,0.0552125,0.00748282,0.0548404,0.010467,5.27489,4.70481,6.03388,0.0502072,0.0604002,0.945,0.945,805.95,0.845,,,
0.5,5000,2,vfl_uncorrected,9,O5 score,O,-0.0899765,-600.266,0.060424,-0.0093646,0.0598437,0.0101762,5.93778,5.20623,6.71259,0.0543911,0.0663723,0.94,0.94,403.11,0.97,,,
0.5,5000,2,vfl_uncorrected,10,O6 assets ($),O,0.26993,0.187995,0.0597253,0.00824029,0.0593025,0.0111007,5.38029,4.63057,6.20807,0.053023,0.0662732,0.93,0.93,0.0415962,1,0.132767,0.350889,0.221262
0.5,5000,4,vfl_bc,0,intercept,R,0,,0.0216206,-0.00111595,0.0216459,0.00921352,2.34662,2.0295,2.73249,0.0193828,0.0238125,0.95,0.95,,,,,
0.5,5000,4,vfl_bc,1,R1 score,R,0.449883,3003.95,0.0255119,-0.000575178,0.0255694,0.0109769,2.32414,2.03109,2.63594,0.0226425,0.0282946,0.94,0.935,170.348,1,0.0343494,0.0921849,0.0567079
0.5,5000,4,vfl_bc,2,R2 binary,R,-0.26993,-11683.9,0.0240887,-0.00176763,0.024084,0.0101981,2.36208,2.06693,2.71654,0.0216259,0.0265512,0.96,0.96,1042.68,1,0.0545614,0.157009,0.0892407
0.5,5000,4,vfl_bc,3,R3 income ($),R,0.179953,0.12585,0.0307368,0.00647894,0.0301216,0.011678,2.63203,2.31446,3.02378,0.0279599,0.0334913,0.93,0.935,0.0214958,1,0.12481,0.265488,0.170804
0.5,5000,4,vfl_bc,4,R4 count,R,0.0899765,1310.99,0.0269565,-0.000609336,0.0270173,0.0112888,2.3879,2.09965,2.73609,0.0242799,0.029767,0.965,0.965,392.766,1,,,
0.5,5000,4,vfl_bc,5,O1 income ($),O,0.359906,0.25067,0.0308468,0.000408629,0.0309214,0.0112791,2.73486,2.40542,3.13588,0.027851,0.033804,0.955,0.955,0.0214843,1,0.0576176,0.133116,0.0857078
0.5,5000,4,vfl_bc,6,O2 age (yr),O,-0.224941,-251.346,0.0317734,-6.63969e-05,0.0318531,0.011251,2.82405,2.45938,3.23459,0.0284876,0.0350921,0.95,0.95,35.5031,1,0.0887259,0.224308,0.141252
0.5,5000,4,vfl_bc,7,O3 binary,O,0.134965,5845.05,0.0281035,-0.00165917,0.0281249,0.0107806,2.60685,2.30614,2.95768,0.025261,0.0308366,0.96,0.96,1217.11,1,0.135389,0.336666,0.208229
0.5,5000,4,vfl_bc,8,O4 count,O,0.0449883,656.704,0.0280185,0.00341714,0.0278791,0.010467,2.67683,2.32518,3.06659,0.0248007,0.0314635,0.96,0.96,408.992,0.975,,,
0.5,5000,4,vfl_bc,9,O5 score,O,-0.0899765,-600.266,0.030078,-0.00244995,0.0300533,0.0101762,2.95572,2.54542,3.40623,0.0264778,0.0336991,0.955,0.955,200.661,1,,,
0.5,5000,4,vfl_bc,10,O6 assets ($),O,0.26993,0.187995,0.02917,0.00371811,0.0290047,0.0111007,2.62775,2.30764,2.98426,0.0257024,0.0326675,0.95,0.95,0.0203157,1,0.0596264,0.179982,0.108065
0.5,5000,4,vfl_uncorrected,0,intercept,R,0,,0.0217024,-0.00109293,0.0217293,0.00921352,2.3555,2.0367,2.74339,0.0194597,0.0238928,0.95,0.95,,,,,
0.5,5000,4,vfl_uncorrected,1,R1 score,R,0.449883,3003.95,0.0256292,0.000720806,0.0256834,0.0109769,2.33482,2.04199,2.64823,0.0228036,0.028451,0.935,0.935,171.131,1,0.0347437,0.0906805,0.0569687
0.5,5000,4,vfl_uncorrected,2,R2 binary,R,-0.26993,-11683.9,0.0242989,-0.00285584,0.024191,0.0101981,2.38269,2.09029,2.73709,0.0218233,0.0267299,0.965,0.965,1051.77,1,0.0547969,0.156798,0.0900193
0.5,5000,4,vfl_uncorrected,3,R3 income ($),R,0.179953,0.12585,0.0309999,0.00706451,0.0302599,0.011678,2.65456,2.33439,3.04964,0.0281905,0.0337355,0.93,0.935,0.0216798,1,0.126787,0.269649,0.172267
0.5,5000,4,vfl_uncorrected,4,R4 count,R,0.0899765,1310.99,0.0270976,-0.000984631,0.0271476,0.0112888,2.40039,2.11098,2.75298,0.0244092,0.0299376,0.965,0.965,394.822,1,,,
0.5,5000,4,vfl_uncorrected,5,O1 income ($),O,0.359906,0.25067,0.0312158,0.00259292,0.031186,0.0112791,2.76758,2.43657,3.16875,0.0281402,0.0342437,0.95,0.95,0.0217414,1,0.0558807,0.138687,0.0867333
0.5,5000,4,vfl_uncorrected,6,O2 age (yr),O,-0.224941,-251.346,0.0320823,-0.00186817,0.0321082,0.011251,2.8515,2.48449,3.2644,0.0288157,0.035465,0.95,0.95,35.8483,1,0.0869347,0.223077,0.142625
0.5,5000,4,vfl_uncorrected,7,O3 binary,O,0.134965,5845.05,0.02827,-0.000807964,0.0283293,0.0107806,2.62229,2.31984,2.97441,0.0254109,0.0309794,0.96,0.965,1224.31,1,0.13254,0.337271,0.209462
0.5,5000,4,vfl_uncorrected,8,O4 count,O,0.0449883,656.704,0.0282804,0.00372602,0.0281042,0.010467,2.70185,2.34579,3.09616,0.0250258,0.031771,0.96,0.96,412.815,0.975,,,
0.5,5000,4,vfl_uncorrected,9,O5 score,O,-0.0899765,-600.266,0.0304338,-0.00342312,0.0303165,0.0101762,2.99068,2.57034,3.45021,0.0267091,0.0340691,0.95,0.95,203.035,1,,,
0.5,5000,4,vfl_uncorrected,10,O6 assets ($),O,0.26993,0.187995,0.0296199,0.00524464,0.029225,0.0111007,2.66828,2.3414,3.03733,0.0260653,0.0331534,0.945,0.945,0.020629,1,0.0606371,0.177816,0.109732
0.5,5000,8,vfl_bc,0,intercept,R,0,,0.0156224,-0.00105239,0.015626,0.00921352,1.6956,1.53252,1.88119,0.0140625,0.0172578,0.94,0.94,,,,,
0.5,5000,8,vfl_bc,1,R1 score,R,0.449883,3003.95,0.0164082,-0.00287263,0.0161953,0.0109769,1.49479,1.34666,1.64776,0.0145175,0.0182888,0.95,0.945,109.56,1,0.0220451,0.056223,0.0364721
0.5,5000,8,vfl_bc,2,R2 binary,R,-0.26993,-11683.9,0.0170424,0.00161806,0.0170079,0.0101981,1.67113,1.47436,1.90507,0.0154446,0.0186252,0.95,0.95,737.676,1,0.0450358,0.100363,0.0631363
0.5,5000,8,vfl_bc,3,R3 income ($),R,0.179953,0.12585,0.0188275,0.00392044,0.018461,0.011678,1.61222,1.45069,1.81196,0.0171686,0.0204505,0.955,0.945,0.013167,1,0.0784132,0.154473,0.104624
0.5,5000,8,vfl_bc,4,R4 count,R,0.0899765,1310.99,0.0197596,0.00253831,0.019645,0.0112888,1.75037,1.59402,1.93983,0.0178247,0.0217893,0.945,0.945,287.904,1,,,
0.5,5000,8,vfl_bc,5,O1 income ($),O,0.359906,0.25067,0.0200541,-0.00161981,0.0200387,0.0112791,1.77798,1.59831,1.98941,0.0182813,0.0217458,0.97,0.965,0.0139674,1,0.04222,0.0907945,0.0557203
0.5,5000,8,vfl_bc,6,O2 age (yr),O,-0.224941,-251.346,0.0197096,0.00301229,0.0195269,0.011251,1.7518,1.54756,1.9776,0.0176824,0.0217431,0.95,0.955,22.0232,1,0.0551879,0.143657,0.0876211
0.5,5000,8,vfl_bc,7,O3 binary,O,0.134965,5845.05,0.0193219,-0.00170568,0.0192947,0.0107806,1.79228,1.58948,2.02402,0.0175129,0.0210207,0.93,0.935,836.791,1,0.10315,0.239457,0.143162
0.5,5000,8,vfl_bc,8,O4 count,O,0.0449883,656.704,0.0189908,0.00133369,0.0189915,0.010467,1.81434,1.60701,2.06146,0.0169373,0.0210585,0.945,0.945,277.213,1,,,
0.5,5000,8,vfl_bc,9,O5 score,O,-0.0899765,-600.266,0.0185335,-0.00312237,0.0183144,0.0101762,1.82126,1.62502,2.05421,0.0168646,0.0203348,0.975,0.975,123.644,1,,,
0.5,5000,8,vfl_bc,10,O6 assets ($),O,0.26993,0.187995,0.0187375,0.00141632,0.0187308,0.0111007,1.68795,1.52384,1.88365,0.0169299,0.0204558,0.96,0.965,0.0130499,1,0.0466659,0.114144,0.0694164
0.5,5000,8,vfl_uncorrected,0,intercept,R,0,,0.0156358,-0.00104637,0.0156399,0.00921352,1.69705,1.53366,1.88305,0.0140744,0.0172689,0.94,0.94,,,,,
0.5,5000,8,vfl_uncorrected,1,R1 score,R,0.449883,3003.95,0.016362,-0.0024804,0.0162135,0.0109769,1.49058,1.34169,1.64662,0.0144857,0.0182339,0.95,0.945,109.252,1,0.0217006,0.0571905,0.0363694
0.5,5000,8,vfl_uncorrected,2,R2 binary,R,-0.26993,-11683.9,0.0170348,0.0012907,0.0170285,0.0101981,1.67039,1.47383,1.9032,0.0154554,0.0186057,0.95,0.95,737.349,1,0.044894,0.0995688,0.0631083
0.5,5000,8,vfl_uncorrected,3,R3 income ($),R,0.179953,0.12585,0.0188886,0.00409584,0.0184855,0.011678,1.61746,1.45542,1.81792,0.017227,0.0205102,0.955,0.945,0.0132098,1,0.0790002,0.155562,0.104964
0.5,5000,8,vfl_uncorrected,4,R4 count,R,0.0899765,1310.99,0.0197729,0.00242988,0.0196723,0.0112888,1.75155,1.59473,1.93997,0.0178331,0.0217973,0.945,0.945,288.098,1,,,
0.5,5000,8,vfl_uncorrected,5,O1 income ($),O,0.359906,0.25067,0.0200584,-0.000961272,0.0200857,0.0112791,1.77837,1.59901,1.98884,0.0182736,0.0217776,0.965,0.96,0.0139704,1,0.041133,0.0921336,0.0557325
0.5,5000,8,vfl_uncorrected,6,O2 age (yr),O,-0.224941,-251.346,0.0196789,0.0024704,0.0195722,0.011251,1.74908,1.54924,1.97668,0.0176513,0.0217015,0.945,0.945,21.9889,1,0.0564174,0.141504,0.0874847
0.5,5000,8,vfl_uncorrected,7,O3 binary,O,0.134965,5845.05,0.0193404,-0.00144561,0.0193346,0.0107806,1.79399,1.59096,2.02488,0.0175092,0.0210299,0.935,0.935,837.591,1,0.101665,0.237926,0.143299
0.5,5000,8,vfl_uncorrected,8,O4 count,O,0.0449883,656.704,0.0190415,0.00141893,0.0190362,0.010467,1.81919,1.61116,2.06679,0.0169862,0.0211178,0.935,0.945,277.953,1,,,
0.5,5000,8,vfl_uncorrected,9,O5 score,O,-0.0899765,-600.266,0.018628,-0.00341337,0.0183585,0.0101762,1.83054,1.6345,2.06355,0.0169514,0.0204392,0.975,0.975,124.274,1,,,
0.5,5000,8,vfl_uncorrected,10,O6 assets ($),O,0.26993,0.187995,0.0188184,0.00187811,0.0187714,0.0111007,1.69524,1.52954,1.89295,0.0169804,0.0205206,0.955,0.96,0.0131063,1,0.047037,0.115911,0.069716
0.5,10000,,ols,0,intercept,R,0,,0.00665111,0.0009949,0.00659278,0.00659278,1.00885,0.997725,1.03962,0.00609416,0.00719352,0.98,0.985,,,,,
0.5,10000,,ols,1,R1 score,R,0.449883,3003.95,0.007596,-0.00265945,0.00713308,0.00713308,1.0649,1.02469,1.12591,0.00692786,0.0082366,0.935,0.94,50.7199,1,0.0109968,0.028846,0.0168844
0.5,10000,,ols,2,R2 binary,R,-0.26993,-11683.9,0.00763769,0.000784517,0.00761635,0.00761635,1.0028,0.997522,1.02518,0.00686345,0.00838864,0.935,0.93,330.596,1,0.0177665,0.0481496,0.0282951
0.5,10000,,ols,3,R3 income ($),R,0.179953,0.12585,0.00880384,0.00322069,0.00821414,0.00821414,1.07179,1.02984,1.13254,0.00791617,0.00971793,0.915,0.925,0.00615698,1,0.0302175,0.0755152,0.048923
0.5,10000,,ols,4,R4 count,R,0.0899765,1310.99,0.00761271,-0.000345825,0.00762393,0.00762393,0.998528,0.997501,1.01555,0.00683035,0.0084009,0.95,0.95,110.92,1,,,
0.5,10000,,ols,5,O1 income ($),O,0.359906,0.25067,0.00767473,-0.00067029,0.00766459,0.00766459,1.00132,0.997508,1.02292,0.00691027,0.00848097,0.95,0.955,0.00534535,1,0.0153335,0.0330537,0.0213243
0.5,10000,,ols,6,O2 age (yr),O,-0.224941,-251.346,0.0078642,0.000916313,0.00783024,0.00783024,1.00434,0.997539,1.02973,0.00716121,0.00856723,0.94,0.95,8.78734,1,0.0263956,0.0585141,0.0349611
0.5,10000,,ols,7,O3 binary,O,0.134965,5845.05,0.00786,-0.00114581,0.00779555,0.00779555,1.00827,0.99776,1.037,0.00709693,0.00861236,0.915,0.91,340.401,1,0.0368404,0.0943564,0.0582374
0.5,10000,,ols,8,O4 count,O,0.0449883,656.704,0.00739731,0.000912694,0.00735921,0.00735921,1.00518,0.997531,1.03356,0.00658917,0.00823346,0.95,0.95,107.98,1,,,
0.5,10000,,ols,9,O5 score,O,-0.0899765,-600.266,0.00760738,0.000541204,0.00760715,0.00760715,1.00003,0.997503,1.01897,0.00683751,0.00836926,0.935,0.935,50.7516,1,,,
0.5,10000,,ols,10,O6 assets ($),O,0.26993,0.187995,0.00726651,0.00122256,0.0071809,0.0071809,1.01192,0.998078,1.04447,0.00662443,0.0078667,0.95,0.965,0.00506083,1,0.0199693,0.0431333,0.02692
0.5,10000,,ols_unclipped,0,intercept,R,0,,0.0065545,-0.00021902,0.00656727,0.00659278,0.994193,0.98704,1.01026,0.0059999,0.00708975,,,,,,,
0.5,10000,,ols_unclipped,1,R1 score,R,0.449883,3003.95,0.00724682,-0.000632942,0.00723724,0.00713308,1.01594,1.0021,1.04032,0.00661877,0.00784758,,,48.3884,1,0.0106168,0.0270655,0.0161082
0.5,10000,,ols_unclipped,2,R2 binary,R,-0.26993,-11683.9,0.0076533,1.25762e-05,0.0076725,0.00761635,1.00485,0.997226,1.01908,0.00683089,0.00842587,,,331.272,1,0.0178398,0.046244,0.028353
0.5,10000,,ols_unclipped,3,R3 income ($),R,0.179953,0.12585,0.00812395,0.000132934,0.00814325,0.00821414,0.98902,0.962094,1.0203,0.00732227,0.0088751,,,0.0056815,1,0.0284867,0.073744,0.0451449
0.5,10000,,ols_unclipped,4,R4 count,R,0.0899765,1310.99,0.00756386,-0.000700783,0.00755023,0.00762393,0.992121,0.971804,1.02547,0.00677282,0.00834506,,,110.208,1,,,
0.5,10000,,ols_unclipped,5,O1 income ($),O,0.359906,0.25067,0.00767422,5.67981e-05,0.00769326,0.00766459,1.00126,0.966407,1.04151,0.00685001,0.00850824,,,0.00534499,1,0.0148121,0.0351305,0.0213228
0.5,10000,,ols_unclipped,6,O2 age (yr),O,-0.224941,-251.346,0.00783856,0.000159306,0.0078566,0.00783024,1.00106,0.991356,1.01871,0.0071462,0.00854544,,,8.75869,1,0.0265656,0.0585432,0.0348471
0.5,10000,,ols_unclipped,7,O3 binary,O,0.134965,5845.05,0.00782362,-0.000491125,0.00782778,0.00779555,1.0036,0.994724,1.0232,0.00706115,0.00857309,,,338.825,1,0.0349435,0.102416,0.0579679
0.5,10000,,ols_unclipped,8,O4 count,O,0.0449883,656.704,0.00736638,0.000507897,0.00736729,0.00735921,1.00097,0.985492,1.02591,0.00651386,0.0082118,,,107.529,1,,,
0.5,10000,,ols_unclipped,9,O5 score,O,-0.0899765,-600.266,0.00759526,0.000597147,0.00759075,0.00760715,0.998437,0.988598,1.01902,0.00681912,0.00835832,,,50.6707,1,,,
0.5,10000,,ols_unclipped,10,O6 assets ($),O,0.26993,0.187995,0.0070491,-0.000198654,0.00706399,0.0071809,0.981646,0.94803,1.02066,0.00642864,0.00766752,,,0.00490942,1,0.0181012,0.0420523,0.0261146
0.5,10000,0.5,vfl_bc,0,intercept,R,0,,0.0510005,-0.000699368,0.0511237,0.00659278,7.73581,6.79677,8.81081,0.0459455,0.0563143,0.945,0.945,,,,,
0.5,10000,0.5,vfl_bc,1,R1 score,R,0.449883,3003.95,0.129473,-0.118734,0.0517579,0.00713308,18.1511,16.5515,20.1937,0.122354,0.136495,0.395,0.41,864.516,1,0.266064,0.406237,0.287793
0.5,10000,0.5,vfl_bc,2,R2 binary,R,-0.26993,-11683.9,0.104821,0.0914655,0.0513292,0.00761635,13.7626,12.3303,15.5292,0.0980297,0.111176,0.635,0.635,4537.16,1,0.331687,0.572616,0.388328
0.5,10000,0.5,vfl_bc,3,R3 income ($),R,0.179953,0.12585,0.0787931,-0.0479754,0.0626606,0.00821414,9.59238,8.37545,11.0541,0.071031,0.0866726,0.85,0.845,0.0551041,0.98,0.28078,0.72723,0.437854
0.5,10000,0.5,vfl_bc,4,R4 count,R,0.0899765,1310.99,0.0624666,-0.00226647,0.0625821,0.00762393,8.19348,7.17487,9.43238,0.0562277,0.0684753,0.92,0.92,910.16,0.925,,,
0.5,10000,0.5,vfl_bc,5,O1 income ($),O,0.359906,0.25067,0.119764,-0.0984947,0.0683054,0.00766459,15.6257,13.8219,17.9304,0.111076,0.128403,0.67,0.675,0.0834143,1,0.275592,0.511642,0.332766
0.5,10000,0.5,vfl_bc,6,O2 age (yr),O,-0.224941,-251.346,0.0975589,0.0784786,0.0581011,0.00783024,12.4593,11.181,13.9861,0.0909079,0.103995,0.745,0.745,109.011,1,0.349098,0.660523,0.433709
0.5,10000,0.5,vfl_bc,7,O3 binary,O,0.134965,5845.05,0.0735618,-0.0425948,0.0601257,0.00779555,9.43639,8.29693,10.8377,0.0672219,0.0802315,0.885,0.89,3185.81,0.95,0.387956,0.88822,0.545045
0.5,10000,0.5,vfl_bc,8,O4 count,O,0.0449883,656.704,0.0603962,-0.0113418,0.0594706,0.00735921,8.20689,7.01791,9.59712,0.053998,0.0665674,0.95,0.95,881.618,0.74,,,
0.5,10000,0.5,vfl_bc,9,O5 score,O,-0.0899765,-600.266,0.0783074,0.0457507,0.063712,0.00760715,10.2939,9.05578,11.8622,0.0714157,0.0851686,0.895,0.895,522.417,0.755,,,
0.5,10000,0.5,vfl_bc,10,O6 assets ($),O,0.26993,0.187995,0.0946958,-0.0750307,0.0579177,0.0071809,13.1872,11.699,14.8339,0.0874507,0.102458,0.76,0.755,0.0659518,0.995,0.275626,0.546454,0.350817
0.5,10000,0.5,vfl_uncorrected,0,intercept,R,0,,0.0520741,-0.000680737,0.0522003,0.00659278,7.89865,6.93275,8.99765,0.0469115,0.0574931,0.945,0.945,,,,,
0.5,10000,0.5,vfl_uncorrected,1,R1 score,R,0.449883,3003.95,0.124742,-0.11298,0.0530112,0.00713308,17.4878,15.9225,19.4877,0.117483,0.131922,0.435,0.45,832.927,1,0.251663,0.39531,0.277277
0.5,10000,0.5,vfl_uncorrected,2,R2 binary,R,-0.26993,-11683.9,0.101757,0.0872116,0.0525586,0.00761635,13.3603,11.9525,15.104,0.0948841,0.108219,0.66,0.66,4404.53,1,0.317836,0.560384,0.376976
0.5,10000,0.5,vfl_uncorrected,3,R3 income ($),R,0.179953,0.12585,0.0788099,-0.0458318,0.0642736,0.00821414,9.59442,8.37659,11.0709,0.0708924,0.0868549,0.84,0.84,0.0551158,0.975,0.274209,0.723367,0.437947
0.5,10000,0.5,vfl_uncorrected,4,R4 count,R,0.0899765,1310.99,0.064279,-0.00292544,0.0643735,0.00762393,8.43121,7.38104,9.69245,0.057945,0.0704587,0.905,0.905,936.568,0.92,,,
0.5,10000,0.5,vfl_uncorrected,5,O1 income ($),O,0.359906,0.25067,0.114343,-0.0894372,0.0714206,0.00766459,14.9184,13.16,17.1682,0.105445,0.123154,0.7,0.705,0.0796386,1,0.251301,0.500808,0.317703
0.5,10000,0.5,vfl_uncorrected,6,O2 age (yr),O,-0.224941,-251.346,0.0938132,0.0714873,0.0609017,0.00783024,11.9809,10.7288,13.4697,0.0869925,0.100192,0.78,0.795,104.825,1,0.327691,0.648234,0.417056
0.5,10000,0.5,vfl_uncorrected,7,O3 binary,O,0.134965,5845.05,0.0738183,-0.0391932,0.0627112,0.00779555,9.46929,8.33774,10.8739,0.0672423,0.0804662,0.89,0.89,3196.92,0.95,0.375111,0.894093,0.546945
0.5,10000,0.5,vfl_uncorrected,8,O4 count,O,0.0449883,656.704,0.0628275,-0.0102821,0.062136,0.00735921,8.53726,7.31059,9.98919,0.0561893,0.0692386,0.945,0.945,917.107,0.735,,,
0.5,10000,0.5,vfl_uncorrected,9,O5 score,O,-0.0899765,-600.266,0.0789978,0.0426566,0.066658,0.00760715,10.3847,9.11904,11.9816,0.0718164,0.0861521,0.885,0.89,527.023,0.76,,,
0.5,10000,0.5,vfl_uncorrected,10,O6 assets ($),O,0.26993,0.187995,0.0914541,-0.0686046,0.060627,0.0071809,12.7357,11.2636,14.3653,0.0839799,0.0995888,0.8,0.795,0.0636941,0.995,0.251351,0.534013,0.338807
0.5,10000,1,vfl_bc,0,intercept,R,0,,0.0369844,-3.49237e-05,0.0370771,0.00659278,5.60983,4.80111,6.44142,0.0322684,0.0413185,0.95,0.95,,,,,
0.5,10000,1,vfl_bc,1,R1 score,R,0.449883,3003.95,0.0414156,-0.00434855,0.04129,0.00713308,5.80613,5.13869,6.5786,0.0377787,0.0452576,0.955,0.95,276.54,1,0.068036,0.144569,0.0920587
0.5,10000,1,vfl_bc,2,R2 binary,R,-0.26993,-11683.9,0.0421844,-0.00210396,0.0422377,0.00761635,5.53867,4.78781,6.49709,0.038075,0.0465075,0.96,0.96,1825.95,1,0.10603,0.2639,0.156279
0.5,10000,1,vfl_bc,3,R3 income ($),R,0.179953,0.12585,0.0462437,0.00413419,0.0461741,0.00821414,5.62977,4.84335,6.57239,0.0409794,0.0517637,0.94,0.94,0.0323406,1,0.160897,0.40067,0.256977
0.5,10000,1,vfl_bc,4,R4 count,R,0.0899765,1310.99,0.0507149,0.00667192,0.0504003,0.00762393,6.65207,5.7924,7.67235,0.0455761,0.0556211,0.935,0.935,738.934,0.965,,,
0.5,10000,1,vfl_bc,5,O1 income ($),O,0.359906,0.25067,0.0546382,-0.00886609,0.0540494,0.00766459,7.12866,6.18087,8.254,0.0490506,0.060412,0.945,0.945,0.0380548,1,0.105415,0.251068,0.151813
0.5,10000,1,vfl_bc,6,O2 age (yr),O,-0.224941,-251.346,0.0488188,0.00915459,0.0480731,0.00783024,6.23465,5.44221,7.1966,0.0439963,0.0538466,0.945,0.945,54.5494,1,0.15537,0.364194,0.217029
0.5,10000,1,vfl_bc,7,O3 binary,O,0.134965,5845.05,0.0491215,-0.0130322,0.04748,0.00779555,6.30122,5.49386,7.29618,0.0443994,0.0538289,0.945,0.945,2127.35,0.995,0.247761,0.574061,0.363958
0.5,10000,1,vfl_bc,8,O4 count,O,0.0449883,656.704,0.0480167,-0.00242471,0.0480758,0.00735921,6.5247,5.63415,7.58026,0.0433212,0.0530413,0.97,0.97,700.911,0.82,,,
0.5,10000,1,vfl_bc,9,O5 score,O,-0.0899765,-600.266,0.0469239,0.00515706,0.0467567,0.00760715,6.16839,5.37839,7.15259,0.0418628,0.0517424,0.965,0.965,313.046,0.975,,,
0.5,10000,1,vfl_bc,10,O6 assets ($),O,0.26993,0.187995,0.0445104,-3.87704e-06,0.0446221,0.0071809,6.19844,5.42575,7.08409,0.0394727,0.0493758,0.965,0.965,0.0309997,1,0.110407,0.271903,0.164896
0.5,10000,1,vfl_uncorrected,0,intercept,R,0,,0.037452,1.19456e-06,0.037546,0.00659278,5.68076,4.86492,6.52251,0.0327384,0.0418424,0.95,0.95,,,,,
0.5,10000,1,vfl_uncorrected,1,R1 score,R,0.449883,3003.95,0.041723,-0.000428423,0.0418255,0.00713308,5.84923,5.1685,6.63687,0.0379962,0.045725,0.94,0.94,278.593,1,0.0650789,0.142258,0.0927421
0.5,10000,1,vfl_uncorrected,2,R2 binary,R,-0.26993,-11683.9,0.0430797,-0.00543169,0.0428432,0.00761635,5.65621,4.88904,6.62334,0.0388827,0.0473987,0.955,0.955,1864.7,1,0.110403,0.269334,0.159596
0.5,10000,1,vfl_uncorrected,3,R3 income ($),R,0.179953,0.12585,0.047163,0.00587828,0.0469127,0.00821414,5.74168,4.94106,6.71433,0.0417684,0.0528541,0.94,0.94,0.0329835,1,0.163591,0.415374,0.262085
0.5,10000,1,vfl_uncorrected,4,R4 count,R,0.0899765,1310.99,0.0515026,0.00560451,0.0513252,0.00762393,6.75538,5.87628,7.79616,0.0463548,0.0565062,0.935,0.935,750.411,0.96,,,
0.5,10000,1,vfl_uncorrected,5,O1 income ($),O,0.359906,0.25067,0.055414,-0.00228419,0.0555058,0.00766459,7.22987,6.25145,8.37496,0.0495305,0.061313,0.95,0.95,0.0385951,1,0.101119,0.250517,0.153968
0.5,10000,1,vfl_uncorrected,6,O2 age (yr),O,-0.224941,-251.346,0.0493478,0.00378033,0.0493263,0.00783024,6.30221,5.49304,7.28862,0.044338,0.0543793,0.965,0.965,55.1405,1,0.151974,0.35348,0.219381
0.5,10000,1,vfl_uncorrected,7,O3 binary,O,0.134965,5845.05,0.0496408,-0.010555,0.0486275,0.00779555,6.36785,5.5551,7.3707,0.0446602,0.0543896,0.94,0.94,2149.84,0.99,0.256203,0.585366,0.367806
0.5,10000,1,vfl_uncorrected,8,O4 count,O,0.0449883,656.704,0.0491667,-0.00175771,0.0492585,0.00735921,6.68097,5.76583,7.76237,0.0443597,0.0542389,0.965,0.965,717.697,0.815,,,
0.5,10000,1,vfl_uncorrected,9,O5 score,O,-0.0899765,-600.266,0.0479501,0.00238412,0.048011,0.00760715,6.3033,5.49192,7.29876,0.0427368,0.0528681,0.965,0.965,319.893,0.975,,,
0.5,10000,1,vfl_uncorrected,10,O6 assets ($),O,0.26993,0.187995,0.0458262,0.0046195,0.0457072,0.0071809,6.38168,5.55606,7.31268,0.0404733,0.0510083,0.96,0.96,0.0319161,1,0.109381,0.265651,0.169771
0.5,10000,2,vfl_bc,0,intercept,R,0,,0.0201683,-0.000109954,0.0202186,0.00659278,3.05915,2.74001,3.44173,0.0183801,0.0218624,0.955,0.955,,,,,
0.5,10000,2,vfl_bc,1,R1 score,R,0.449883,3003.95,0.021973,-0.00577682,0.0212532,0.00713308,3.08044,2.7383,3.48789,0.020036,0.0238948,0.955,0.96,146.718,1,0.0346251,0.0804315,0.0488416
0.5,10000,2,vfl_bc,2,R2 binary,R,-0.26993,-11683.9,0.0250423,0.00327814,0.0248892,0.00761635,3.28797,2.88698,3.80348,0.0227946,0.0272701,0.92,0.92,1083.95,1,0.061437,0.157707,0.0927736
0.5,10000,2,vfl_bc,3,R3 income ($),R,0.179953,0.12585,0.0261069,0.000998203,0.0261533,0.00821414,3.17828,2.80566,3.62326,0.0236879,0.0284959,0.945,0.95,0.0182579,1,0.105903,0.235217,0.145076
0.5,10000,2,vfl_bc,4,R4 count,R,0.0899765,1310.99,0.0257945,0.00234954,0.0257517,0.00762393,3.38335,2.99052,3.84186,0.0231533,0.0287343,0.96,0.96,375.834,0.995,,,
0.5,10000,2,vfl_bc,5,O1 income ($),O,0.359906,0.25067,0.0289544,-0.00348778,0.0288156,0.00766459,3.77768,3.29976,4.335,0.026231,0.0316424,0.965,0.965,0.0201663,1,0.0556706,0.135174,0.0804498
0.5,10000,2,vfl_bc,6,O2 age (yr),O,-0.224941,-251.346,0.026592,0.00183349,0.0265953,0.00783024,3.39606,3.00827,3.86127,0.0241613,0.0290165,0.95,0.95,29.7135,1,0.078512,0.209647,0.118217
0.5,10000,2,vfl_bc,7,O3 binary,O,0.134965,5845.05,0.0283286,-0.000540547,0.0283946,0.00779555,3.63395,3.20988,4.13756,0.0256007,0.030863,0.925,0.925,1226.86,1,0.14768,0.341572,0.209897
0.5,10000,2,vfl_bc,8,O4 count,O,0.0449883,656.704,0.0256971,0.00039718,0.0257585,0.00735921,3.49183,3.07253,3.99843,0.0233789,0.0279452,0.975,0.975,375.107,0.955,,,
0.5,10000,2,vfl_bc,9,O5 score,O,-0.0899765,-600.266,0.0297804,0.00332611,0.0296683,0.00760715,3.91479,3.44623,4.49954,0.0270042,0.032594,0.93,0.935,198.676,1,,,
0.5,10000,2,vfl_bc,10,O6 assets ($),O,0.26993,0.187995,0.0263267,0.0012024,0.0263652,0.0071809,3.66621,3.23654,4.15971,0.0238183,0.0287182,0.955,0.955,0.0183355,1,0.0617868,0.16417,0.0975317
0.5,10000,2,vfl_uncorrected,0,intercept,R,0,,0.0202352,-0.000103713,0.0202857,0.00659278,3.0693,2.74883,3.45376,0.0184372,0.0219355,0.955,0.955,,,,,
0.5,10000,2,vfl_uncorrected,1,R1 score,R,0.449883,3003.95,0.021792,-0.00470058,0.0213324,0.00713308,3.05506,2.71817,3.4561,0.0198107,0.0237144,0.96,0.955,145.509,1,0.0339973,0.0786055,0.0484393
0.5,10000,2,vfl_uncorrected,2,R2 binary,R,-0.26993,-11683.9,0.0250337,0.00236879,0.0249839,0.00761635,3.28683,2.88411,3.79781,0.0227453,0.0272949,0.925,0.925,1083.58,1,0.0624131,0.154386,0.0927416
0.5,10000,2,vfl_uncorrected,3,R3 income ($),R,0.179953,0.12585,0.0262309,0.00148286,0.0262546,0.00821414,3.19338,2.82053,3.64067,0.0237986,0.0286458,0.95,0.945,0.0183446,1,0.103401,0.237732,0.145765
0.5,10000,2,vfl_uncorrected,4,R4 count,R,0.0899765,1310.99,0.0258868,0.00205173,0.0258701,0.00762393,3.39546,3.00388,3.85288,0.0232314,0.0288572,0.96,0.96,377.179,0.995,,,
0.5,10000,2,vfl_uncorrected,5,O1 income ($),O,0.359906,0.25067,0.0290004,-0.00166739,0.0290251,0.00766459,3.78369,3.31143,4.33235,0.0262219,0.031602,0.96,0.96,0.0201984,1,0.0539713,0.134465,0.0805778
0.5,10000,2,vfl_uncorrected,6,O2 age (yr),O,-0.224941,-251.346,0.0267256,0.000327852,0.0267907,0.00783024,3.41313,3.01184,3.88082,0.024284,0.0291747,0.955,0.955,29.8628,1,0.0760626,0.20648,0.118811
0.5,10000,2,vfl_uncorrected,7,O3 binary,O,0.134965,5845.05,0.0285004,0.000180315,0.0285713,0.00779555,3.65598,3.22971,4.15992,0.025781,0.0310601,0.92,0.92,1234.29,1,0.144337,0.342042,0.211169
0.5,10000,2,vfl_uncorrected,8,O4 count,O,0.0449883,656.704,0.0258769,0.000616565,0.0259344,0.00735921,3.51626,3.09463,4.0249,0.0235625,0.0281305,0.975,0.975,377.731,0.955,,,
0.5,10000,2,vfl_uncorrected,9,O5 score,O,-0.0899765,-600.266,0.0299065,0.00255563,0.0298719,0.00760715,3.93136,3.46132,4.51705,0.0270706,0.0327277,0.935,0.935,199.517,1,,,
0.5,10000,2,vfl_uncorrected,10,O6 assets ($),O,0.26993,0.187995,0.0265739,0.0024701,0.0265252,0.0071809,3.70064,3.26414,4.20097,0.0240761,0.0289652,0.955,0.955,0.0185077,1,0.063374,0.1683,0.0984476
0.5,10000,4,vfl_bc,0,intercept,R,0,,0.0114698,0.00178806,0.011358,0.00659278,1.73975,1.56846,1.94806,0.0103937,0.0125008,0.965,0.965,,,,,
0.5,10000,4,vfl_bc,1,R1 score,R,0.449883,3003.95,0.01422,-0.00189341,0.0141287,0.00713308,1.99352,1.79987,2.21208,0.0129967,0.0154141,0.955,0.965,94.9493,1,0.0232674,0.0496458,0.0316081
0.5,10000,4,vfl_bc,2,R2 binary,R,-0.26993,-11683.9,0.0140356,0.00105297,0.0140312,0.00761635,1.84283,1.65154,2.09976,0.0127751,0.0153429,0.955,0.955,607.531,1,0.0340069,0.0890421,0.0519974
0.5,10000,4,vfl_bc,3,R3 income ($),R,0.179953,0.12585,0.0153323,0.00351267,0.014962,0.00821414,1.86658,1.67351,2.09996,0.0139855,0.0167246,0.955,0.95,0.0107227,1,0.0591859,0.140369,0.0852019
0.5,10000,4,vfl_bc,4,R4 count,R,0.0899765,1310.99,0.0155063,-0.00166221,0.0154557,0.00762393,2.0339,1.79701,2.30793,0.0140207,0.0168791,0.955,0.955,225.933,1,,,
0.5,10000,4,vfl_bc,5,O1 income ($),O,0.359906,0.25067,0.0158115,0.000395517,0.0158463,0.00766459,2.06293,1.83771,2.32854,0.0143299,0.0172388,0.965,0.96,0.0110125,1,0.0320907,0.0693057,0.0439324
0.5,10000,4,vfl_bc,6,O2 age (yr),O,-0.224941,-251.346,0.014797,-0.0012529,0.0147809,0.00783024,1.88973,1.72092,2.08422,0.0133687,0.0162063,0.97,0.97,16.5339,1,0.0407447,0.115786,0.0657816
0.5,10000,4,vfl_bc,7,O3 binary,O,0.134965,5845.05,0.0160208,0.00106951,0.0160252,0.00779555,2.05512,1.82826,2.32771,0.01446,0.0175588,0.955,0.955,693.829,1,0.0816231,0.184144,0.118704
0.5,10000,4,vfl_bc,8,O4 count,O,0.0449883,656.704,0.015372,0.00059685,0.015399,0.00735921,2.08881,1.85145,2.37071,0.0138886,0.016791,0.96,0.96,224.389,1,,,
0.5,10000,4,vfl_bc,9,O5 score,O,-0.0899765,-600.266,0.0150079,0.000668752,0.0150306,0.00760715,1.97287,1.73473,2.25707,0.0135091,0.0164472,0.965,0.965,100.123,1,,,
0.5,10000,4,vfl_bc,10,O6 assets ($),O,0.26993,0.187995,0.0150189,0.00120373,0.0150081,0.0071809,2.0915,1.86117,2.35892,0.0136115,0.0164053,0.955,0.96,0.01046,1,0.0371574,0.0984355,0.0556399
0.5,10000,4,vfl_uncorrected,0,intercept,R,0,,0.0114797,0.00179439,0.011367,0.00659278,1.74125,1.57001,1.9497,0.010402,0.0125106,0.965,0.965,,,,,
0.5,10000,4,vfl_uncorrected,1,R1 score,R,0.449883,3003.95,0.0141943,-0.00157556,0.014142,0.00713308,1.98993,1.80017,2.20708,0.0129657,0.0153781,0.955,0.965,94.7781,1,0.0238889,0.0491144,0.0315512
0.5,10000,4,vfl_uncorrected,2,R2 binary,R,-0.26993,-11683.9,0.0140331,0.000786073,0.0140462,0.00761635,1.84249,1.65245,2.09746,0.0127893,0.0153205,0.96,0.955,607.42,1,0.0336885,0.0881141,0.051988
0.5,10000,4,vfl_uncorrected,3,R3 income ($),R,0.179953,0.12585,0.0153829,0.00365534,0.0149798,0.00821414,1.87273,1.67803,2.10591,0.0140189,0.0167812,0.955,0.95,0.0107581,1,0.0593294,0.141296,0.0854829
0.5,10000,4,vfl_uncorrected,4,R4 count,R,0.0899765,1310.99,0.0155375,-0.00175417,0.0154769,0.00762393,2.038,1.80018,2.31478,0.0140357,0.0169119,0.955,0.955,226.388,1,,,
0.5,10000,4,vfl_uncorrected,5,O1 income ($),O,0.359906,0.25067,0.0158662,0.000933567,0.0158784,0.00766459,2.07006,1.83934,2.33885,0.0143733,0.0173025,0.96,0.96,0.0110506,1,0.0320549,0.070111,0.0440842
0.5,10000,4,vfl_uncorrected,6,O2 age (yr),O,-0.224941,-251.346,0.0148695,-0.00169803,0.0148093,0.00783024,1.89899,1.72832,2.09221,0.0134385,0.0162973,0.97,0.965,16.615,1,0.0407578,0.116934,0.066104
0.5,10000,4,vfl_uncorrected,7,O3 binary,O,0.134965,5845.05,0.0160639,0.00128562,0.0160525,0.00779555,2.06064,1.83252,2.33255,0.0144991,0.0175939,0.955,0.95,695.693,1,0.0816435,0.182835,0.119023
0.5,10000,4,vfl_uncorrected,8,O4 count,O,0.0449883,656.704,0.015403,0.000660351,0.0154275,0.00735921,2.09302,1.85526,2.37585,0.0139111,0.0168267,0.96,0.96,224.841,1,,,
0.5,10000,4,vfl_uncorrected,9,O5 score,O,-0.0899765,-600.266,0.0150306,0.00043975,0.0150619,0.00760715,1.97586,1.73708,2.25818,0.0135204,0.016482,0.965,0.965,100.275,1,,,
0.5,10000,4,vfl_uncorrected,10,O6 assets ($),O,0.26993,0.187995,0.0150799,0.00157424,0.0150352,0.0071809,2.10001,1.8707,2.36907,0.0136532,0.0164737,0.955,0.955,0.0105026,1,0.0361805,0.0996402,0.0558662
0.5,10000,8,vfl_bc,0,intercept,R,0,,0.00928507,8.13427e-05,0.00930801,0.00659278,1.40837,1.28856,1.54497,0.00840516,0.0101202,0.96,0.96,,,,,
0.5,10000,8,vfl_bc,1,R1 score,R,0.449883,3003.95,0.00936477,-0.00225197,0.00911278,0.00713308,1.31286,1.21583,1.42301,0.00852426,0.0102438,0.95,0.955,62.5303,1,0.0131536,0.0344724,0.020816
0.5,10000,8,vfl_bc,2,R2 binary,R,-0.26993,-11683.9,0.00994421,0.00110479,0.00990745,0.00761635,1.30564,1.18696,1.44667,0.00888244,0.0110028,0.94,0.945,430.434,1,0.0222145,0.0610607,0.03684
0.5,10000,8,vfl_bc,3,R3 income ($),R,0.179953,0.12585,0.0116017,0.00347089,0.0110981,0.00821414,1.4124,1.28949,1.56301,0.0104018,0.0128476,0.91,0.945,0.00811366,1,0.0417794,0.106746,0.0644707
0.5,10000,8,vfl_bc,4,R4 count,R,0.0899765,1310.99,0.0111385,-0.000790486,0.0111383,0.00762393,1.46099,1.32743,1.62082,0.0100417,0.0122718,0.945,0.945,162.292,1,,,
0.5,10000,8,vfl_bc,5,O1 income ($),O,0.359906,0.25067,0.0107559,0.000157963,0.0107817,0.00766459,1.40332,1.27486,1.55098,0.00955713,0.0119631,0.97,0.965,0.00749131,1,0.0182221,0.0475997,0.0298852
0.5,10000,8,vfl_bc,6,O2 age (yr),O,-0.224941,-251.346,0.0103127,0.00101624,0.0102883,0.00783024,1.31704,1.19577,1.46401,0.00932738,0.0113218,0.96,0.965,11.5233,1,0.0307457,0.0750954,0.0458462
0.5,10000,8,vfl_bc,7,O3 binary,O,0.134965,5845.05,0.0099142,-0.00117288,0.00986929,0.00779555,1.27178,1.16628,1.39543,0.00890626,0.0108823,0.965,0.965,429.364,1,0.0488788,0.119973,0.0734577
0.5,10000,8,vfl_bc,8,O4 count,O,0.0449883,656.704,0.0114004,0.000485523,0.0114186,0.00735921,1.54913,1.38719,1.74555,0.0104037,0.0123575,0.93,0.94,166.414,1,,,
0.5,10000,8,vfl_bc,9,O5 score,O,-0.0899765,-600.266,0.0103236,0.0005223,0.0103362,0.00760715,1.35709,1.20732,1.52279,0.00912885,0.0115016,0.96,0.96,68.8722,1,,,
0.5,10000,8,vfl_bc,10,O6 assets ($),O,0.26993,0.187995,0.0104239,0.00131947,0.010366,0.0071809,1.45161,1.32939,1.58286,0.00947615,0.0113671,0.95,0.955,0.00725982,1,0.027079,0.0639875,0.0386171
0.5,10000,8,vfl_uncorrected,0,intercept,R,0,,0.00928725,8.23163e-05,0.00931019,0.00659278,1.4087,1.28882,1.54534,0.00840737,0.010123,0.96,0.96,,,,,
0.5,10000,8,vfl_uncorrected,1,R1 score,R,0.449883,3003.95,0.00934367,-0.00215436,0.00911473,0.00713308,1.30991,1.21337,1.41896,0.00851176,0.0102179,0.95,0.955,62.3895,1,0.0130955,0.0342552,0.0207691
0.5,10000,8,vfl_uncorrected,2,R2 binary,R,-0.26993,-11683.9,0.00993836,0.00102282,0.0099104,0.00761635,1.30487,1.18695,1.44504,0.00887594,0.0110049,0.94,0.945,430.181,1,0.022222,0.0608493,0.0368184
0.5,10000,8,vfl_uncorrected,3,R3 income ($),R,0.179953,0.12585,0.0116183,0.00351456,0.0111017,0.00821414,1.41442,1.29112,1.56556,0.0104187,0.0128649,0.91,0.945,0.00812524,1,0.0416278,0.107021,0.0645627
0.5,10000,8,vfl_uncorrected,4,R4 count,R,0.0899765,1310.99,0.0111448,-0.000818395,0.0111426,0.00762393,1.46181,1.32825,1.62167,0.0100477,0.01228,0.945,0.945,162.383,1,,,
0.5,10000,8,vfl_uncorrected,5,O1 income ($),O,0.359906,0.25067,0.0107654,0.00032245,0.0107876,0.00766459,1.40456,1.27683,1.55115,0.00956885,0.0119639,0.97,0.965,0.00749796,1,0.0184068,0.0473001,0.0299117
0.5,10000,8,vfl_uncorrected,6,O2 age (yr),O,-0.224941,-251.346,0.0103059,0.000881022,0.010294,0.00783024,1.31617,1.19555,1.46313,0.00932013,0.011316,0.96,0.965,11.5157,1,0.0312057,0.0745327,0.045816
0.5,10000,8,vfl_uncorrected,7,O3 binary,O,0.134965,5845.05,0.00991136,-0.00110781,0.00987398,0.00779555,1.27141,1.16594,1.39422,0.00890119,0.0108873,0.965,0.97,429.241,1,0.0488216,0.120425,0.0734367
0.5,10000,8,vfl_uncorrected,8,O4 count,O,0.0449883,656.704,0.0114069,0.000505243,0.0114243,0.00735921,1.55001,1.3881,1.74634,0.0104114,0.0123642,0.93,0.94,166.508,1,,,
0.5,10000,8,vfl_uncorrected,9,O5 score,O,-0.0899765,-600.266,0.0103259,0.000451999,0.0103419,0.00760715,1.3574,1.20677,1.52269,0.00913509,0.0115029,0.96,0.96,68.8881,1,,,
0.5,10000,8,vfl_uncorrected,10,O6 assets ($),O,0.26993,0.187995,0.010444,0.00143329,0.0103712,0.0071809,1.45442,1.33144,1.58535,0.00949888,0.0113851,0.945,0.96,0.00727385,1,0.0273564,0.0644506,0.0386917
0.5,25000,,ols,0,intercept,R,0,,0.00441244,0.0014701,0.00417078,0.00417078,1.05794,1.01957,1.11523,0.0039818,0.00481364,0.95,0.97,,,,,
0.5,25000,,ols,1,R1 score,R,0.449883,3003.95,0.00498568,-0.00234091,0.00441299,0.00441299,1.12977,1.06976,1.21894,0.004575,0.00538817,0.94,0.965,33.2903,1,0.00854958,0.0179027,0.0110822
0.5,25000,,ols,2,R2 binary,R,-0.26993,-11683.9,0.00472279,0.000472422,0.00471089,0.00471089,1.00253,0.997515,1.02627,0.00428356,0.00516298,0.955,0.955,204.425,1,0.0132814,0.0290362,0.0174964
0.5,25000,,ols,3,R3 income ($),R,0.179953,0.12585,0.00558443,0.00280504,0.00484095,0.00484095,1.15358,1.0883,1.23811,0.00501255,0.00615209,0.915,0.965,0.00390548,1,0.0216595,0.0514007,0.0310327
0.5,25000,,ols,4,R4 count,R,0.0899765,1310.99,0.00466055,0.000551476,0.00463942,0.00463942,1.00455,0.997539,1.03038,0.00425569,0.00505907,0.95,0.945,67.9058,1,,,
0.5,25000,,ols,5,O1 income ($),O,0.359906,0.25067,0.0052139,-0.000538259,0.00519905,0.00519905,1.00286,0.997524,1.02491,0.0047139,0.00571894,0.92,0.925,0.00363141,1,0.00912341,0.0241929,0.0144868
0.5,25000,,ols,6,O2 age (yr),O,-0.224941,-251.346,0.00484993,0.000332849,0.00485064,0.00485064,0.999854,0.997504,1.01845,0.00440609,0.00527003,0.935,0.935,5.41924,1,0.0137435,0.0361934,0.0215609
0.5,25000,,ols,7,O3 binary,O,0.134965,5845.05,0.00465643,-0.00031132,0.00465767,0.00465767,0.999734,0.997502,1.02048,0.004248,0.005045,0.975,0.975,201.66,1,0.0258149,0.0548376,0.0345011
0.5,25000,,ols,8,O4 count,O,0.0449883,656.704,0.00489629,0.000371404,0.00489444,0.00489444,1.00038,0.997504,1.02034,0.00443155,0.00533898,0.95,0.945,71.4723,1,,,
0.5,25000,,ols,9,O5 score,O,-0.0899765,-600.266,0.00464057,9.13898e-05,0.00465132,0.00465132,0.99769,0.997501,1.01122,0.0041914,0.00507617,0.95,0.95,30.9589,1,,,
0.5,25000,,ols,10,O6 assets ($),O,0.26993,0.187995,0.00522746,0.00132685,0.00506895,0.00506895,1.03127,1.00383,1.07952,0.00470512,0.00572731,0.915,0.94,0.00364072,1,0.0128512,0.0331549,0.019366
0.5,25000,,ols_unclipped,0,intercept,R,0,,0.00419554,0.000285634,0.00419631,0.00417078,1.00594,0.997124,1.02775,0.00381125,0.00457084,,,,,,,
0.5,25000,,ols_unclipped,1,R1 score,R,0.449883,3003.95,0.00443592,-0.000315588,0.00443578,0.00441299,1.00519,0.992793,1.02931,0.00403182,0.00482019,,,29.6195,1,0.00691925,0.0158873,0.00986017
0.5,25000,,ols_unclipped,2,R2 binary,R,-0.26993,-11683.9,0.00475735,-0.000364435,0.00475528,0.00471089,1.00986,0.999106,1.03051,0.00429155,0.00520439,,,205.921,1,0.0121853,0.0268947,0.0176244
0.5,25000,,ols_unclipped,3,R3 income ($),R,0.179953,0.12585,0.00474038,8.72381e-05,0.00475147,0.00484095,0.979226,0.947595,1.01648,0.00424053,0.00520386,,,0.00331519,1,0.0169242,0.0436014,0.0263423
0.5,25000,,ols_unclipped,4,R4 count,R,0.0899765,1310.99,0.00456754,0.000242622,0.00457254,0.00463942,0.984508,0.965418,1.0087,0.00416948,0.00496123,,,66.5507,1,,,
0.5,25000,,ols_unclipped,5,O1 income ($),O,0.359906,0.25067,0.00504368,0.000137948,0.00505444,0.00519905,0.970114,0.937248,1.00838,0.00454158,0.00553557,,,0.00351285,1,0.00861455,0.0228136,0.0140139
0.5,25000,,ols_unclipped,6,O2 age (yr),O,-0.224941,-251.346,0.00484695,-0.000469121,0.0048363,0.00485064,0.999239,0.987627,1.02456,0.00439754,0.00528142,,,5.41591,1,0.0144002,0.0357879,0.0215476
0.5,25000,,ols_unclipped,7,O3 binary,O,0.134965,5845.05,0.00465617,0.000308039,0.00465763,0.00465767,0.999679,0.990116,1.0199,0.00425074,0.00503876,,,201.649,1,0.0266598,0.0530211,0.0344992
0.5,25000,,ols_unclipped,8,O4 count,O,0.0449883,656.704,0.00481535,-6.31438e-05,0.00482702,0.00489444,0.983841,0.971926,1.00409,0.00435915,0.00526115,,,70.2908,1,,,
0.5,25000,,ols_unclipped,9,O5 score,O,-0.0899765,-600.266,0.00466342,0.000162364,0.00467229,0.00465132,1.0026,0.991758,1.02078,0.00419753,0.00510354,,,31.1114,1,,,
0.5,25000,,ols_unclipped,10,O6 assets ($),O,0.26993,0.187995,0.0050971,-0.00028864,0.0051017,0.00506895,1.00555,0.977664,1.04184,0.00453581,0.00564273,,,0.00354993,1,0.0119956,0.0296135,0.0188831
0.5,25000,0.5,vfl_bc,0,intercept,R,0,,0.0279649,0.0016998,0.0279832,0.00417078,6.70495,5.84831,7.6949,0.025526,0.0304056,0.96,0.96,,,,,
0.5,25000,0.5,vfl_bc,1,R1 score,R,0.449883,3003.95,0.030599,-0.0013687,0.0306451,0.00441299,6.93384,5.99382,8.10684,0.0272729,0.0343103,0.96,0.96,204.315,1,0.0435355,0.10576,0.0680156
0.5,25000,0.5,vfl_bc,2,R2 binary,R,-0.26993,-11683.9,0.0350352,-0.00272911,0.0350164,0.00471089,7.43707,6.5162,8.50546,0.0310521,0.0392757,0.925,0.925,1516.5,1,0.0797328,0.205194,0.129794
0.5,25000,0.5,vfl_bc,3,R3 income ($),R,0.179953,0.12585,0.0335969,0.000107895,0.0336811,0.00484095,6.94016,5.95253,8.25539,0.0298945,0.0373223,0.955,0.955,0.0234961,1,0.124592,0.287538,0.186698
0.5,25000,0.5,vfl_bc,4,R4 count,R,0.0899765,1310.99,0.0318596,0.00162101,0.0318982,0.00463942,6.86716,5.95458,7.90917,0.0281873,0.0352701,0.95,0.95,464.206,1,,,
0.5,25000,0.5,vfl_bc,5,O1 income ($),O,0.359906,0.25067,0.0367778,-0.00220063,0.0368041,0.00519905,7.07395,6.1419,8.163,0.0331291,0.0405091,0.955,0.955,0.0256153,1,0.0704471,0.164637,0.102187
0.5,25000,0.5,vfl_bc,6,O2 age (yr),O,-0.224941,-251.346,0.0387265,0.000922031,0.0388126,0.00485064,7.98379,7.05336,9.13652,0.035276,0.0421405,0.95,0.95,43.2724,1,0.108472,0.296512,0.172163
0.5,25000,0.5,vfl_bc,7,O3 binary,O,0.134965,5845.05,0.0363369,-0.00418047,0.0361862,0.00465767,7.80152,6.93293,8.84938,0.033116,0.0394592,0.955,0.955,1573.68,1,0.177361,0.463617,0.269232
0.5,25000,0.5,vfl_bc,8,O4 count,O,0.0449883,656.704,0.0347125,0.00175875,0.034755,0.00489444,7.09224,6.20825,8.19655,0.0312388,0.0381745,0.97,0.97,506.707,0.93,,,
0.5,25000,0.5,vfl_bc,9,O5 score,O,-0.0899765,-600.266,0.0348914,-0.000324414,0.0349775,0.00465132,7.50141,6.66723,8.58378,0.031689,0.0381959,0.975,0.975,232.773,0.995,,,
0.5,25000,0.5,vfl_bc,10,O6 assets ($),O,0.26993,0.187995,0.0332754,0.000211253,0.0333582,0.00506895,6.56455,5.62094,7.72867,0.029576,0.0369694,0.955,0.955,0.023175,1,0.0804551,0.198492,0.123274
0.5,25000,0.5,vfl_uncorrected,0,intercept,R,0,,0.0281428,0.00174315,0.0281593,0.00417078,6.74761,5.88654,7.74233,0.0256884,0.030617,0.96,0.96,,,,,
0.5,25000,0.5,vfl_uncorrected,1,R1 score,R,0.449883,3003.95,0.0308123,0.000829745,0.0308784,0.00441299,6.98217,6.02663,8.1479,0.0275131,0.0346568,0.96,0.96,205.739,1,0.0448429,0.107495,0.0684896
0.5,25000,0.5,vfl_uncorrected,2,R2 binary,R,-0.26993,-11683.9,0.0355162,-0.00459407,0.0353062,0.00471089,7.53918,6.59603,8.61372,0.0314734,0.0398543,0.92,0.92,1537.32,1,0.0782001,0.210476,0.131576
0.5,25000,0.5,vfl_uncorrected,3,R3 income ($),R,0.179953,0.12585,0.0338963,0.00106593,0.0339646,0.00484095,7.002,5.99165,8.32739,0.0301628,0.0376658,0.955,0.95,0.0237054,1,0.12348,0.293419,0.188362
0.5,25000,0.5,vfl_uncorrected,4,R4 count,R,0.0899765,1310.99,0.0321155,0.0010196,0.0321798,0.00463942,6.92231,5.99939,7.9728,0.028392,0.0355762,0.945,0.945,467.934,1,,,
0.5,25000,0.5,vfl_uncorrected,5,O1 income ($),O,0.359906,0.25067,0.0372824,0.00147213,0.0373468,0.00519905,7.17099,6.23397,8.26662,0.0335849,0.0410975,0.96,0.96,0.0259667,1,0.065982,0.16254,0.103589
0.5,25000,0.5,vfl_uncorrected,6,O2 age (yr),O,-0.224941,-251.346,0.0393466,-0.00213459,0.0393873,0.00485064,8.11164,7.16959,9.30288,0.0357313,0.0429527,0.95,0.95,43.9653,1,0.11315,0.297045,0.17492
0.5,25000,0.5,vfl_uncorrected,7,O3 binary,O,0.134965,5845.05,0.0366968,-0.00274795,0.0366856,0.00465767,7.8788,7.00006,8.93845,0.0334641,0.0399168,0.955,0.955,1589.27,1,0.184194,0.476696,0.271899
0.5,25000,0.5,vfl_uncorrected,8,O4 count,O,0.0449883,656.704,0.0352174,0.00224616,0.0352339,0.00489444,7.19538,6.30242,8.31237,0.0317003,0.0387257,0.97,0.97,514.076,0.93,,,
0.5,25000,0.5,vfl_uncorrected,9,O5 score,O,-0.0899765,-600.266,0.0354586,-0.00192945,0.0354949,0.00465132,7.62334,6.77805,8.71298,0.0322281,0.0388467,0.97,0.965,236.557,0.995,,,
0.5,25000,0.5,vfl_uncorrected,10,O6 assets ($),O,0.26993,0.187995,0.0338362,0.00276011,0.0338081,0.00506895,6.67519,5.71619,7.86129,0.0301863,0.0376885,0.96,0.955,0.0235656,1,0.0786073,0.201018,0.125352
0.5,25000,1,vfl_bc,0,intercept,R,0,,0.0163996,0.000287178,0.0164383,0.00417078,3.93203,3.51768,4.42621,0.0149214,0.0178079,0.915,0.915,,,,,
0.5,25000,1,vfl_bc,1,R1 score,R,0.449883,3003.95,0.0180476,-0.00259947,0.0179042,0.00441299,4.08965,3.5755,4.6862,0.0160995,0.0199628,0.9,0.9,120.507,1,0.0231509,0.0702632,0.0401162
0.5,25000,1,vfl_bc,2,R2 binary,R,-0.26993,-11683.9,0.0166937,-0.000334748,0.0167322,0.00471089,3.54363,3.11134,4.07238,0.0151805,0.0181873,0.975,0.975,722.582,1,0.0422456,0.102951,0.0618445
0.5,25000,1,vfl_bc,3,R3 income ($),R,0.179953,0.12585,0.0181216,0.00293874,0.0179266,0.00484095,3.7434,3.2406,4.33275,0.0161966,0.0198103,0.95,0.955,0.0126734,1,0.060739,0.16265,0.100702
0.5,25000,1,vfl_bc,4,R4 count,R,0.0899765,1310.99,0.0179866,-0.0011626,0.017994,0.00463942,3.8769,3.4368,4.39508,0.01619,0.0197781,0.96,0.96,262.071,1,,,
0.5,25000,1,vfl_bc,5,O1 income ($),O,0.359906,0.25067,0.0192061,0.000749046,0.0192397,0.00519905,3.69415,3.27438,4.16477,0.0176132,0.0207717,0.985,0.985,0.0133768,1,0.037628,0.0850721,0.0533642
0.5,25000,1,vfl_bc,6,O2 age (yr),O,-0.224941,-251.346,0.0193145,0.00162299,0.0192945,0.00485064,3.98184,3.55117,4.51657,0.0176674,0.0210197,0.955,0.95,21.5817,1,0.064218,0.139127,0.0858645
0.5,25000,1,vfl_bc,7,O3 binary,O,0.134965,5845.05,0.0202722,-0.000696485,0.0203111,0.00465767,4.35244,3.87932,4.90143,0.0181558,0.0224661,0.935,0.93,877.949,1,0.0931516,0.256305,0.150204
0.5,25000,1,vfl_bc,8,O4 count,O,0.0449883,656.704,0.0237297,-0.00151211,0.0237409,0.00489444,4.8483,4.25892,5.57258,0.0213651,0.0260304,0.93,0.93,346.388,0.965,,,
0.5,25000,1,vfl_bc,9,O5 score,O,-0.0899765,-600.266,0.0203318,0.00161162,0.0203186,0.00465132,4.37118,3.88575,4.95894,0.0185317,0.0221085,0.95,0.955,135.641,1,,,
0.5,25000,1,vfl_bc,10,O6 assets ($),O,0.26993,0.187995,0.0203959,-0.000919848,0.0204263,0.00506895,4.0237,3.52755,4.66821,0.018502,0.0222872,0.935,0.93,0.0142049,1,0.0537474,0.12702,0.0755602
0.5,25000,1,vfl_uncorrected,0,intercept,R,0,,0.0164295,0.000295282,0.016468,0.00417078,3.93918,3.52408,4.43387,0.0149465,0.0178394,0.915,0.915,,,,,
0.5,25000,1,vfl_uncorrected,1,R1 score,R,0.449883,3003.95,0.0180085,-0.00199296,0.0179428,0.00441299,4.0808,3.56474,4.68809,0.0160551,0.019962,0.905,0.9,120.246,1,0.0242552,0.0695754,0.0400294
0.5,25000,1,vfl_uncorrected,2,R2 binary,R,-0.26993,-11683.9,0.0167508,-0.000849423,0.0167712,0.00471089,3.55576,3.12123,4.08188,0.0152481,0.0182336,0.965,0.97,725.056,1,0.0425619,0.102479,0.0620562
0.5,25000,1,vfl_uncorrected,3,R3 income ($),R,0.179953,0.12585,0.018208,0.00321118,0.0179676,0.00484095,3.76124,3.25794,4.35574,0.0162842,0.0198959,0.95,0.955,0.0127338,1,0.0608275,0.164434,0.101182
0.5,25000,1,vfl_uncorrected,4,R4 count,R,0.0899765,1310.99,0.0180457,-0.00133742,0.0180412,0.00463942,3.88965,3.44611,4.4105,0.0162553,0.0198646,0.955,0.96,262.933,1,,,
0.5,25000,1,vfl_uncorrected,5,O1 income ($),O,0.359906,0.25067,0.0193519,0.00177446,0.0193188,0.00519905,3.7222,3.3012,4.19634,0.0177493,0.0209315,0.985,0.985,0.0134783,1,0.0378257,0.086111,0.0537694
0.5,25000,1,vfl_uncorrected,6,O2 age (yr),O,-0.224941,-251.346,0.0193343,0.000782557,0.019367,0.00485064,3.98594,3.55032,4.5223,0.017676,0.0210276,0.955,0.955,21.6039,1,0.0612668,0.135677,0.0859529
0.5,25000,1,vfl_uncorrected,7,O3 binary,O,0.134965,5845.05,0.0203341,-0.00028954,0.0203831,0.00465767,4.36573,3.89641,4.91424,0.0182356,0.0225286,0.93,0.93,880.63,1,0.0916751,0.25823,0.150663
0.5,25000,1,vfl_uncorrected,8,O4 count,O,0.0449883,656.704,0.0238096,-0.00139793,0.0238282,0.00489444,4.86463,4.27313,5.58815,0.0214326,0.0261271,0.93,0.93,347.554,0.965,,,
0.5,25000,1,vfl_uncorrected,9,O5 score,O,-0.0899765,-600.266,0.020383,0.00118189,0.0203997,0.00465132,4.38219,3.89912,4.96853,0.0185936,0.0221402,0.955,0.955,135.982,1,,,
0.5,25000,1,vfl_uncorrected,10,O6 assets ($),O,0.26993,0.187995,0.0204504,-0.000223293,0.0205005,0.00506895,4.03444,3.53706,4.68456,0.0185529,0.0223917,0.935,0.93,0.0142429,1,0.0533815,0.125018,0.075762
0.5,25000,2,vfl_bc,0,intercept,R,0,,0.00834885,0.00116708,0.00828762,0.00417078,2.00175,1.79547,2.26229,0.00756995,0.00916212,0.96,0.97,,,,,
0.5,25000,2,vfl_bc,1,R1 score,R,0.449883,3003.95,0.00893052,-0.00185393,0.00875789,0.00441299,2.02369,1.83657,2.27981,0.00815222,0.00969052,0.97,0.97,59.6307,1,0.0143603,0.0317193,0.0198508
0.5,25000,2,vfl_bc,2,R2 binary,R,-0.26993,-11683.9,0.00973483,0.000199041,0.00975721,0.00471089,2.06645,1.81156,2.35187,0.00879228,0.0106441,0.97,0.97,421.371,1,0.0221924,0.0572951,0.0360643
0.5,25000,2,vfl_bc,3,R3 income ($),R,0.179953,0.12585,0.0114766,0.0026591,0.0111924,0.00484095,2.37074,2.09537,2.71228,0.0103891,0.0125538,0.93,0.955,0.00802621,1,0.0463721,0.105321,0.0637758
0.5,25000,2,vfl_bc,4,R4 count,R,0.0899765,1310.99,0.0102118,7.97302e-05,0.0102372,0.00463942,2.20111,1.95365,2.48295,0.0093243,0.0110592,0.975,0.975,148.79,1,,,
0.5,25000,2,vfl_bc,5,O1 income ($),O,0.359906,0.25067,0.0120027,-0.00145844,0.0119437,0.00519905,2.30864,2.03106,2.64836,0.0108616,0.0131603,0.945,0.95,0.00835974,1,0.0228582,0.0546541,0.0333496
0.5,25000,2,vfl_bc,6,O2 age (yr),O,-0.224941,-251.346,0.0117457,0.00190597,0.0116191,0.00485064,2.42148,2.16425,2.72464,0.0107241,0.0128082,0.94,0.945,13.1245,1,0.038664,0.0861074,0.0522169
0.5,25000,2,vfl_bc,7,O3 binary,O,0.134965,5845.05,0.0115351,-0.000400604,0.0115571,0.00465767,2.47659,2.19754,2.79078,0.0104773,0.0125929,0.935,0.935,499.562,1,0.0588662,0.13827,0.0854676
0.5,25000,2,vfl_bc,8,O4 count,O,0.0449883,656.704,0.0113697,-0.000624673,0.011381,0.00489444,2.32298,2.06425,2.61708,0.0102026,0.0124296,0.945,0.945,165.966,1,,,
0.5,25000,2,vfl_bc,9,O5 score,O,-0.0899765,-600.266,0.0123026,0.000596093,0.0123189,0.00465132,2.64496,2.34401,3.02312,0.0111877,0.0133461,0.945,0.945,82.0748,1,,,
0.5,25000,2,vfl_bc,10,O6 assets ($),O,0.26993,0.187995,0.011737,0.00190147,0.0116111,0.00506895,2.31548,2.04907,2.64848,0.0105816,0.012934,0.93,0.935,0.00817437,1,0.0289894,0.0707589,0.0434819
0.5,25000,2,vfl_uncorrected,0,intercept,R,0,,0.0083533,0.00116954,0.00829178,0.00417078,2.00281,1.79636,2.26349,0.00757368,0.00916728,0.96,0.97,,,,,
0.5,25000,2,vfl_uncorrected,1,R1 score,R,0.449883,3003.95,0.00890056,-0.00168189,0.00876214,0.00441299,2.0169,1.83314,2.26939,0.00812896,0.0096617,0.97,0.97,59.4307,1,0.0141712,0.0317195,0.0197842
0.5,25000,2,vfl_uncorrected,2,R2 binary,R,-0.26993,-11683.9,0.00973896,5.46532e-05,0.00976325,0.00471089,2.06733,1.8119,2.35458,0.00880274,0.0106401,0.97,0.97,421.55,1,0.0218024,0.0573244,0.0360797
0.5,25000,2,vfl_uncorrected,3,R3 income ($),R,0.179953,0.12585,0.0115007,0.00273468,0.0111989,0.00484095,2.37572,2.09812,2.71827,0.0104094,0.0125778,0.93,0.955,0.00804304,1,0.0459959,0.10584,0.0639096
0.5,25000,2,vfl_uncorrected,4,R4 count,R,0.0899765,1310.99,0.0102186,3.19244e-05,0.0102442,0.00463942,2.20257,1.95431,2.48507,0.00933567,0.0110648,0.97,0.975,148.889,1,,,
0.5,25000,2,vfl_uncorrected,5,O1 income ($),O,0.359906,0.25067,0.0119846,-0.00117079,0.0119572,0.00519905,2.30515,2.02529,2.64506,0.0108443,0.0131519,0.945,0.95,0.00834711,1,0.023247,0.0553476,0.0332992
0.5,25000,2,vfl_uncorrected,6,O2 age (yr),O,-0.224941,-251.346,0.0117221,0.00166907,0.0116318,0.00485064,2.41661,2.16089,2.71767,0.0106969,0.0127841,0.945,0.945,13.0981,1,0.0376757,0.0851578,0.0521118
0.5,25000,2,vfl_uncorrected,7,O3 binary,O,0.134965,5845.05,0.0115423,-0.00028603,0.0115678,0.00465767,2.47814,2.2002,2.79127,0.0104935,0.0125984,0.935,0.93,499.876,1,0.0589382,0.139035,0.0855212
0.5,25000,2,vfl_uncorrected,8,O4 count,O,0.0449883,656.704,0.011379,-0.000590509,0.0113922,0.00489444,2.32489,2.06566,2.61846,0.0102066,0.0124408,0.94,0.945,166.102,1,,,
0.5,25000,2,vfl_uncorrected,9,O5 score,O,-0.0899765,-600.266,0.0123106,0.000472395,0.0123324,0.00465132,2.64668,2.34468,3.02521,0.0111958,0.01335,0.945,0.95,82.1282,1,,,
0.5,25000,2,vfl_uncorrected,10,O6 assets ($),O,0.26993,0.187995,0.0117826,0.00210184,0.0116227,0.00506895,2.32447,2.05804,2.65863,0.0106296,0.0129787,0.93,0.935,0.00820613,1,0.0297458,0.0707358,0.0436508
0.5,25000,4,vfl_bc,0,intercept,R,0,,0.00619077,0.00201524,0.00586827,0.00417078,1.48432,1.36226,1.62767,0.00566107,0.00672679,0.965,0.96,,,,,
0.5,25000,4,vfl_bc,1,R1 score,R,0.449883,3003.95,0.00710245,-0.0023435,0.00672152,0.00441299,1.60944,1.46337,1.79637,0.00641858,0.00774574,0.93,0.93,47.4244,1,0.010821,0.0261601,0.0157874
0.5,25000,4,vfl_bc,2,R2 binary,R,-0.26993,-11683.9,0.00678363,0.000469991,0.00678432,0.00471089,1.43999,1.31441,1.58648,0.00613806,0.00744509,0.955,0.96,293.629,1,0.0176612,0.041903,0.0251311
0.5,25000,4,vfl_bc,3,R3 income ($),R,0.179953,0.12585,0.00793983,0.00273019,0.00747437,0.00484095,1.64014,1.46657,1.84837,0.00711663,0.00880243,0.925,0.945,0.00555273,1,0.030206,0.0678505,0.0441217
0.5,25000,4,vfl_bc,4,R4 count,R,0.0899765,1310.99,0.00676449,0.00101534,0.00670464,0.00463942,1.45805,1.32551,1.61679,0.00607775,0.0074632,0.96,0.96,98.561,1,,,
0.5,25000,4,vfl_bc,5,O1 income ($),O,0.359906,0.25067,0.00779236,-0.000117507,0.00781102,0.00519905,1.4988,1.35453,1.67055,0.00710544,0.00850051,0.945,0.945,0.00542727,1,0.0149904,0.035346,0.0216511
0.5,25000,4,vfl_bc,6,O2 age (yr),O,-0.224941,-251.346,0.00812976,0.000427327,0.00813889,0.00485064,1.67602,1.50393,1.85307,0.00726479,0.00897979,0.93,0.93,9.08407,1,0.0247386,0.0592175,0.0361417
0.5,25000,4,vfl_bc,7,O3 binary,O,0.134965,5845.05,0.00736274,-0.000417645,0.00736934,0.00465767,1.58078,1.42829,1.76128,0.00658705,0.00808545,0.925,0.93,318.865,1,0.0351667,0.0983547,0.0545531
0.5,25000,4,vfl_bc,8,O4 count,O,0.0449883,656.704,0.00765625,0.000830499,0.00763018,0.00489444,1.56428,1.41437,1.74642,0.00694549,0.00838198,0.965,0.965,111.76,1,,,
0.5,25000,4,vfl_bc,9,O5 score,O,-0.0899765,-600.266,0.00721567,4.31635e-05,0.00723365,0.00465132,1.55132,1.40402,1.72472,0.00654828,0.00788549,0.96,0.955,48.1383,1,,,
0.5,25000,4,vfl_bc,10,O6 assets ($),O,0.26993,0.187995,0.00791253,0.00042423,0.00792098,0.00506895,1.56098,1.4187,1.73636,0.00721569,0.00859409,0.94,0.94,0.00551076,1,0.0201581,0.0479467,0.0293133
0.5,25000,4,vfl_uncorrected,0,intercept,R,0,,0.00619175,0.00201608,0.00586902,0.00417078,1.48456,1.36246,1.62794,0.00566203,0.00672782,0.965,0.96,,,,,
0.5,25000,4,vfl_uncorrected,1,R1 score,R,0.449883,3003.95,0.00708685,-0.00229297,0.00672247,0.00441299,1.6059,1.45986,1.79282,0.00640467,0.00772861,0.93,0.93,47.3202,1,0.0108186,0.0260521,0.0157527
0.5,25000,4,vfl_uncorrected,2,R2 binary,R,-0.26993,-11683.9,0.00678194,0.000427513,0.00678544,0.00471089,1.43963,1.31415,1.58588,0.0061333,0.00744433,0.955,0.955,293.555,1,0.0178163,0.0418096,0.0251249
0.5,25000,4,vfl_uncorrected,3,R3 income ($),R,0.179953,0.12585,0.00794868,0.00275255,0.00747559,0.00484095,1.64197,1.46851,1.85037,0.00712872,0.0088127,0.925,0.945,0.00555892,1,0.0301392,0.0677605,0.0441709
0.5,25000,4,vfl_uncorrected,4,R4 count,R,0.0899765,1310.99,0.0067637,0.00100133,0.00670595,0.00463942,1.45788,1.32516,1.61644,0.00607634,0.00746237,0.96,0.96,98.5495,1,,,
0.5,25000,4,vfl_uncorrected,5,O1 income ($),O,0.359906,0.25067,0.00779363,-3.25506e-05,0.00781312,0.00519905,1.49905,1.35457,1.67076,0.00710502,0.00850135,0.94,0.945,0.00542816,1,0.0147518,0.0355477,0.0216546
0.5,25000,4,vfl_uncorrected,6,O2 age (yr),O,-0.224941,-251.346,0.00812876,0.00035715,0.00814129,0.00485064,1.67581,1.50378,1.8528,0.00726214,0.00897837,0.93,0.925,9.08295,1,0.0247027,0.0589797,0.0361372
0.5,25000,4,vfl_uncorrected,7,O3 binary,O,0.134965,5845.05,0.007363,-0.000383962,0.00737143,0.00465767,1.58083,1.42842,1.76102,0.00658579,0.0080831,0.925,0.93,318.876,1,0.0353704,0.0985956,0.054555
0.5,25000,4,vfl_uncorrected,8,O4 count,O,0.0449883,656.704,0.0076595,0.000840969,0.0076323,0.00489444,1.56494,1.41482,1.74718,0.00694805,0.00838569,0.965,0.965,111.808,1,,,
0.5,25000,4,vfl_uncorrected,9,O5 score,O,-0.0899765,-600.266,0.00721749,6.76077e-06,0.0072356,0.00465132,1.55171,1.40506,1.72586,0.00655051,0.00788368,0.96,0.955,48.1505,1,,,
0.5,25000,4,vfl_uncorrected,10,O6 assets ($),O,0.26993,0.187995,0.00791793,0.000482707,0.00792304,0.00506895,1.56204,1.41915,1.73831,0.00722097,0.00859975,0.935,0.94,0.00551452,1,0.0202968,0.0481242,0.0293333
0.5,25000,8,vfl_bc,0,intercept,R,0,,0.00508962,0.00142284,0.00489896,0.00417078,1.22031,1.14381,1.30656,0.00454527,0.00558454,0.925,0.945,,,,,
0.5,25000,8,vfl_bc,1,R1 score,R,0.449883,3003.95,0.00565867,-0.00249298,0.00509267,0.00441299,1.28228,1.18044,1.41224,0.00519612,0.00613738,0.94,0.975,37.784,1,0.00956763,0.0206627,0.0125781
0.5,25000,8,vfl_bc,2,R2 binary,R,-0.26993,-11683.9,0.00533444,0.000189839,0.00534443,0.00471089,1.13236,1.07375,1.20319,0.00484981,0.00582005,0.97,0.97,230.9,1,0.0143815,0.0314597,0.0197623
0.5,25000,8,vfl_bc,3,R3 income ($),R,0.179953,0.12585,0.00626063,0.00279339,0.00561696,0.00484095,1.29326,1.19157,1.42799,0.00567252,0.00683682,0.925,0.96,0.00437838,1,0.0262768,0.0583359,0.0347903
0.5,25000,8,vfl_bc,4,R4 count,R,0.0899765,1310.99,0.00523056,0.00029736,0.0052352,0.00463942,1.12742,1.04869,1.21344,0.00476174,0.00570904,0.97,0.97,76.2111,1,,,
0.5,25000,8,vfl_bc,5,O1 income ($),O,0.359906,0.25067,0.0061122,-0.000431489,0.00611225,0.00519905,1.17564,1.0836,1.27701,0.00545221,0.00677777,0.92,0.92,0.00425706,1,0.009782,0.0278402,0.0169828
0.5,25000,8,vfl_bc,6,O2 age (yr),O,-0.224941,-251.346,0.00579166,0.000381803,0.00579356,0.00485064,1.194,1.11285,1.28601,0.00520114,0.00635785,0.935,0.94,6.47151,1,0.0169642,0.0411589,0.0257474
0.5,25000,8,vfl_bc,7,O3 binary,O,0.134965,5845.05,0.00554652,-0.000365038,0.00554838,0.00465767,1.19084,1.11826,1.28038,0.0050975,0.00598011,0.97,0.97,240.209,1,0.0330929,0.066859,0.0410961
0.5,25000,8,vfl_bc,8,O4 count,O,0.0449883,656.704,0.00615631,0.000316662,0.00616359,0.00489444,1.25782,1.16441,1.36778,0.00549438,0.00679743,0.925,0.94,89.865,1,,,
0.5,25000,8,vfl_bc,9,O5 score,O,-0.0899765,-600.266,0.00604061,0.000186818,0.00605287,0.00465132,1.29869,1.20695,1.40678,0.00545809,0.00658704,0.92,0.925,40.2991,1,,,
0.5,25000,8,vfl_bc,10,O6 assets ($),O,0.26993,0.187995,0.00610011,0.00101457,0.00603024,0.00506895,1.20343,1.11914,1.29636,0.00544649,0.00673477,0.955,0.96,0.00424848,1,0.0149276,0.0378329,0.0225989
0.5,25000,8,vfl_uncorrected,0,intercept,R,0,,0.00508986,0.00142307,0.00489914,0.00417078,1.22036,1.14387,1.30662,0.00454551,0.0055848,0.925,0.945,,,,,
0.5,25000,8,vfl_uncorrected,1,R1 score,R,0.449883,3003.95,0.00565204,-0.00247743,0.0050929,0.00441299,1.28077,1.17896,1.41064,0.00518902,0.00613104,0.94,0.975,37.7398,1,0.00956705,0.0206841,0.0125634
0.5,25000,8,vfl_uncorrected,2,R2 binary,R,-0.26993,-11683.9,0.00533421,0.000176739,0.00534466,0.00471089,1.13232,1.07377,1.20331,0.00484986,0.00582033,0.97,0.97,230.891,1,0.0143812,0.0314142,0.0197615
0.5,25000,8,vfl_uncorrected,3,R3 income ($),R,0.179953,0.12585,0.00626394,0.00280028,0.00561722,0.00484095,1.29395,1.19224,1.42883,0.00567565,0.0068405,0.925,0.96,0.0043807,1,0.0262404,0.0583773,0.0348088
0.5,25000,8,vfl_uncorrected,4,R4 count,R,0.0899765,1310.99,0.0052306,0.000293013,0.00523549,0.00463942,1.12743,1.04873,1.21352,0.00476145,0.0057089,0.97,0.97,76.2117,1,,,
0.5,25000,8,vfl_uncorrected,5,O1 income ($),O,0.359906,0.25067,0.00611087,-0.000405371,0.00611271,0.00519905,1.17538,1.08336,1.27672,0.00545087,0.00677467,0.92,0.92,0.00425614,1,0.00984508,0.0279011,0.0169791
0.5,25000,8,vfl_uncorrected,6,O2 age (yr),O,-0.224941,-251.346,0.00579076,0.000360234,0.00579405,0.00485064,1.19381,1.11244,1.28617,0.00519918,0.00635631,0.935,0.94,6.47051,1,0.0169657,0.0411446,0.0257434
0.5,25000,8,vfl_uncorrected,7,O3 binary,O,0.134965,5845.05,0.00554626,-0.000354683,0.0055488,0.00465767,1.19078,1.11825,1.28019,0.00509717,0.00597929,0.97,0.97,240.197,1,0.0331715,0.0667829,0.0410942
0.5,25000,8,vfl_uncorrected,8,O4 count,O,0.0449883,656.704,0.00615695,0.000319825,0.00616406,0.00489444,1.25795,1.16448,1.36794,0.00549477,0.00679816,0.925,0.94,89.8744,1,,,
0.5,25000,8,vfl_uncorrected,9,O5 score,O,-0.0899765,-600.266,0.00604074,0.000175616,0.00605334,0.00465132,1.29872,1.20695,1.40675,0.00545737,0.00658684,0.92,0.925,40.3,1,,,
0.5,25000,8,vfl_uncorrected,10,O6 assets ($),O,0.26993,0.187995,0.00610361,0.00103263,0.00603072,0.00506895,1.20412,1.11979,1.29681,0.00545049,0.00673879,0.96,0.96,0.00425092,1,0.0149275,0.0379048,0.0226119
0.5,50000,,ols,0,intercept,R,0,,0.00308788,0.00115739,0.00286996,0.00286996,1.07593,1.02926,1.13988,0.00281486,0.00337069,0.955,0.97,,,,,
0.5,50000,,ols,1,R1 score,R,0.449883,3003.95,0.00382969,-0.00210882,0.0032048,0.0032048,1.19499,1.12054,1.28767,0.00350258,0.00414128,0.895,0.955,25.5716,1,0.00605666,0.0141761,0.00851264
0.5,50000,,ols,2,R2 binary,R,-0.26993,-11683.9,0.00352313,0.000672358,0.00346706,0.00346706,1.01617,0.998983,1.05501,0.00319614,0.00383769,0.945,0.94,152.498,1,0.00950531,0.0210632,0.0130521
0.5,50000,,ols,3,R3 income ($),R,0.179953,0.12585,0.00452437,0.00297507,0.00341721,0.00341721,1.324,1.22298,1.45083,0.00420129,0.00487776,0.89,0.96,0.00316413,1,0.0205706,0.038253,0.025142
0.5,50000,,ols,4,R4 count,R,0.0899765,1310.99,0.00361792,0.000580628,0.00357999,0.00357999,1.0106,0.997837,1.04529,0.00329226,0.00393494,0.945,0.94,52.7145,1,,,
0.5,50000,,ols,5,O1 income ($),O,0.359906,0.25067,0.00372184,-0.000966145,0.00360327,0.00360327,1.03291,1.00658,1.07387,0.00336584,0.00409708,0.935,0.945,0.00259221,1,0.00668019,0.017087,0.0103411
0.5,50000,,ols,6,O2 age (yr),O,-0.224941,-251.346,0.00357561,0.00100663,0.0034396,0.0034396,1.03954,1.00952,1.09339,0.00324702,0.00389969,0.93,0.935,3.99533,1,0.010227,0.0264906,0.0158957
0.5,50000,,ols,7,O3 binary,O,0.134965,5845.05,0.00322056,-0.000298551,0.00321474,0.00321474,1.00181,0.997506,1.02451,0.00290251,0.00352626,0.96,0.96,139.476,1,0.0159761,0.039001,0.0238622
0.5,50000,,ols,8,O4 count,O,0.0449883,656.704,0.00340815,0.000323841,0.00340125,0.00340125,1.00203,0.99752,1.02538,0.00306882,0.00375878,0.95,0.96,49.7496,1,,,
0.5,50000,,ols,9,O5 score,O,-0.0899765,-600.266,0.00374476,-9.1857e-05,0.00375303,0.00375303,0.997797,0.9975,1.01096,0.00333491,0.00414484,0.91,0.915,24.9827,1,,,
0.5,50000,,ols,10,O6 assets ($),O,0.26993,0.187995,0.00371272,0.00185189,0.00322595,0.00322595,1.15089,1.09058,1.23526,0.0033439,0.00407503,0.915,0.945,0.00258576,1,0.00917064,0.0236516,0.0137544
0.5,50000,,ols_unclipped,0,intercept,R,0,,0.0028864,-4.28155e-05,0.00289332,0.00286996,1.00573,0.996792,1.02254,0.00262544,0.00314471,,,,,,,
0.5,50000,,ols_unclipped,1,R1 score,R,0.449883,3003.95,0.00321359,-0.00011175,0.00321971,0.0032048,1.00274,0.990535,1.02169,0.00294259,0.00349763,,,21.4578,1,0.00489093,0.0116375,0.00714318
0.5,50000,,ols_unclipped,2,R2 binary,R,-0.26993,-11683.9,0.00347541,-0.000131775,0.00348163,0.00346706,1.00241,0.991706,1.02073,0.0031294,0.0038033,,,150.433,1,0.00818726,0.0207258,0.0128753
0.5,50000,,ols_unclipped,3,R3 income ($),R,0.179953,0.12585,0.00334063,9.25749e-05,0.00334773,0.00341721,0.977591,0.949365,1.01446,0.00306032,0.0036173,,,0.00233628,1,0.0131049,0.030665,0.0185639
0.5,50000,,ols_unclipped,4,R4 count,R,0.0899765,1310.99,0.00354765,0.000216092,0.00354995,0.00357999,0.990967,0.972157,1.02073,0.00321591,0.00386296,,,51.6905,1,,,
0.5,50000,,ols_unclipped,5,O1 income ($),O,0.359906,0.25067,0.00358179,-0.000265889,0.00358087,0.00360327,0.994037,0.960074,1.03522,0.00326384,0.00390397,,,0.00249467,1,0.00725172,0.0156853,0.009952
0.5,50000,,ols_unclipped,6,O2 age (yr),O,-0.224941,-251.346,0.00344291,0.000206901,0.00344532,0.0034396,1.00097,0.991299,1.02087,0.0031314,0.0037647,,,3.84706,1,0.0098394,0.0241174,0.0153058
0.5,50000,,ols_unclipped,7,O3 binary,O,0.134965,5845.05,0.0032115,0.000329744,0.00320254,0.00321474,0.998993,0.987513,1.02447,0.00289947,0.00351097,,,139.083,1,0.0162059,0.04062,0.0237951
0.5,50000,,ols_unclipped,8,O4 count,O,0.0449883,656.704,0.0033743,-7.56957e-05,0.00338191,0.00340125,0.992077,0.984663,1.00785,0.00303591,0.00372695,,,49.2554,1,,,
0.5,50000,,ols_unclipped,9,O5 score,O,-0.0899765,-600.266,0.00373193,-1.63514e-05,0.00374126,0.00375303,0.994378,0.986225,1.0098,0.00332675,0.00412964,,,24.8971,1,,,
0.5,50000,,ols_unclipped,10,O6 assets ($),O,0.26993,0.187995,0.00325103,0.000331207,0.00324223,0.00322595,1.00777,0.976763,1.04924,0.00292789,0.0035438,,,0.00226421,1,0.00868275,0.0193919,0.012044
0.5,50000,0.5,vfl_bc,0,intercept,R,0,,0.01419,0.00162435,0.0141321,0.00286996,4.94432,4.29573,5.66209,0.012737,0.0155954,0.945,0.965,,,,,
0.5,50000,0.5,vfl_bc,1,R1 score,R,0.449883,3003.95,0.0145314,-0.00103861,0.0145306,0.0032048,4.53427,4.01276,5.16266,0.0131485,0.0159123,0.97,0.96,97.0292,1,0.0217002,0.0549957,0.0323005
0.5,50000,0.5,vfl_bc,2,R2 binary,R,-0.26993,-11683.9,0.0150012,0.000661245,0.0150243,0.00346706,4.32678,3.83303,4.93063,0.013548,0.016464,0.97,0.97,649.326,1,0.0348614,0.0937446,0.0555746
0.5,50000,0.5,vfl_bc,3,R3 income ($),R,0.179953,0.12585,0.0170409,0.00382842,0.0166469,0.00341721,4.98678,4.41011,5.7107,0.0153277,0.0187246,0.96,0.97,0.0119175,1,0.0626245,0.144131,0.0946961
0.5,50000,0.5,vfl_bc,4,R4 count,R,0.0899765,1310.99,0.0173586,0.00100045,0.0173733,0.00357999,4.84879,4.27934,5.54237,0.0158103,0.0189115,0.96,0.96,252.922,1,,,
0.5,50000,0.5,vfl_bc,5,O1 income ($),O,0.359906,0.25067,0.020711,-0.00186228,0.0206788,0.00360327,5.74782,4.97105,6.64104,0.0184631,0.0229752,0.94,0.94,0.0144249,1,0.0384274,0.0907854,0.0575455
0.5,50000,0.5,vfl_bc,6,O2 age (yr),O,-0.224941,-251.346,0.0194686,0.000611153,0.0195079,0.0034396,5.66016,5.02863,6.39273,0.0177999,0.0210661,0.975,0.975,21.754,1,0.0631394,0.138018,0.0865499
0.5,50000,0.5,vfl_bc,7,O3 binary,O,0.134965,5845.05,0.019557,-0.00163515,0.0195375,0.00321474,6.08356,5.30375,7.02564,0.0175711,0.02153,0.94,0.94,846.975,1,0.103556,0.227608,0.144905
0.5,50000,0.5,vfl_bc,8,O4 count,O,0.0449883,656.704,0.0196162,0.00298227,0.0194369,0.00340125,5.76737,4.94807,6.74494,0.0175191,0.0217987,0.92,0.925,286.343,1,,,
0.5,50000,0.5,vfl_bc,9,O5 score,O,-0.0899765,-600.266,0.0203388,-0.00229086,0.0202601,0.00375303,5.41931,4.77986,6.18367,0.018485,0.0222706,0.945,0.945,135.688,1,,,
0.5,50000,0.5,vfl_bc,10,O6 assets ($),O,0.26993,0.187995,0.0175886,0.00226783,0.0174855,0.00322595,5.45221,4.84356,6.20969,0.0160424,0.0190429,0.975,0.955,0.0122497,1,0.0469718,0.107366,0.0651599
0.5,50000,0.5,vfl_uncorrected,0,intercept,R,0,,0.0142138,0.00163371,0.0141551,0.00286996,4.95263,4.30364,5.67135,0.0127593,0.0156191,0.945,0.965,,,,,
0.5,50000,0.5,vfl_uncorrected,1,R1 score,R,0.449883,3003.95,0.0145286,-0.000496761,0.0145566,0.0032048,4.5334,4.01872,5.15297,0.0131381,0.0159001,0.965,0.96,97.0105,1,0.0214328,0.0547736,0.0322943
0.5,50000,0.5,vfl_uncorrected,2,R2 binary,R,-0.26993,-11683.9,0.0150166,0.000207233,0.0150529,0.00346706,4.33123,3.83734,4.94225,0.0135319,0.0164756,0.96,0.97,649.993,1,0.0357035,0.0923338,0.0556317
0.5,50000,0.5,vfl_uncorrected,3,R3 income ($),R,0.179953,0.12585,0.0171301,0.00406798,0.0166818,0.00341721,5.01289,4.42852,5.74012,0.0154012,0.0188336,0.96,0.965,0.0119799,1,0.0629689,0.14574,0.095192
0.5,50000,0.5,vfl_uncorrected,4,R4 count,R,0.0899765,1310.99,0.0173868,0.00085223,0.0174095,0.00357999,4.85666,4.28873,5.55163,0.0158296,0.0189348,0.96,0.96,253.332,1,,,
0.5,50000,0.5,vfl_uncorrected,5,O1 income ($),O,0.359906,0.25067,0.0207227,-0.000959039,0.0207524,0.00360327,5.75107,4.97486,6.64321,0.0184697,0.0229893,0.935,0.935,0.014433,1,0.0377101,0.0885446,0.057578
0.5,50000,0.5,vfl_uncorrected,6,O2 age (yr),O,-0.224941,-251.346,0.0195292,-0.000138311,0.0195777,0.0034396,5.67776,5.04484,6.42128,0.0178466,0.0211335,0.97,0.97,21.8216,1,0.0645326,0.135267,0.0868192
0.5,50000,0.5,vfl_uncorrected,7,O3 binary,O,0.134965,5845.05,0.0195935,-0.00127935,0.0196008,0.00321474,6.09491,5.30861,7.04498,0.0175737,0.0215924,0.94,0.94,848.555,1,0.102118,0.230028,0.145175
0.5,50000,0.5,vfl_uncorrected,8,O4 count,O,0.0449883,656.704,0.019703,0.00310221,0.019506,0.00340125,5.79287,4.96966,6.77498,0.0175909,0.0218895,0.915,0.925,287.609,1,,,
0.5,50000,0.5,vfl_uncorrected,9,O5 score,O,-0.0899765,-600.266,0.02046,-0.00268851,0.0203335,0.00375303,5.45161,4.81109,6.22016,0.0186046,0.0223991,0.945,0.945,136.496,1,,,
0.5,50000,0.5,vfl_uncorrected,10,O6 assets ($),O,0.26993,0.187995,0.0177397,0.00289917,0.0175451,0.00322595,5.49906,4.88079,6.26406,0.016189,0.0192065,0.975,0.955,0.012355,1,0.0476837,0.109513,0.0657198
0.5,50000,1,vfl_bc,0,intercept,R,0,,0.00762358,0.00101355,0.00757486,0.00286996,2.65634,2.34609,2.98786,0.00680907,0.00841964,0.965,0.965,,,,,
0.5,50000,1,vfl_bc,1,R1 score,R,0.449883,3003.95,0.00807345,-0.00174382,0.00790265,0.0032048,2.51917,2.24308,2.82964,0.00734972,0.00880548,0.955,0.965,53.9079,1,0.0125789,0.0284529,0.0179457
0.5,50000,1,vfl_bc,2,R2 binary,R,-0.26993,-11683.9,0.00954028,0.00084484,0.00952664,0.00346706,2.75169,2.44229,3.11462,0.0086179,0.0104615,0.915,0.92,412.95,1,0.0230101,0.0608974,0.0353436
0.5,50000,1,vfl_bc,3,R3 income ($),R,0.179953,0.12585,0.0100965,0.00210791,0.00989877,0.00341721,2.9546,2.61422,3.37341,0.0091434,0.0110486,0.935,0.935,0.00706099,1,0.03483,0.0923953,0.0561062
0.5,50000,1,vfl_bc,4,R4 count,R,0.0899765,1310.99,0.0100759,0.00107286,0.0100437,0.00357999,2.8145,2.4417,3.27485,0.00903756,0.0112268,0.94,0.94,146.809,1,,,
0.5,50000,1,vfl_bc,5,O1 income ($),O,0.359906,0.25067,0.0121727,-0.00166421,0.0120886,0.00360327,3.37823,2.99707,3.79376,0.0110602,0.0133128,0.935,0.94,0.0084781,1,0.023176,0.0557156,0.0338218
0.5,50000,1,vfl_bc,6,O2 age (yr),O,-0.224941,-251.346,0.0112458,0.00153792,0.0111681,0.0034396,3.26952,2.8946,3.70532,0.0103517,0.0122189,0.925,0.935,12.5659,1,0.0346267,0.0841274,0.0499946
0.5,50000,1,vfl_bc,7,O3 binary,O,0.134965,5845.05,0.00934605,0.000455417,0.00935837,0.00321474,2.90725,2.58574,3.30459,0.00851251,0.0101819,0.97,0.97,404.758,1,0.0482594,0.114855,0.0692481
0.5,50000,1,vfl_bc,8,O4 count,O,0.0449883,656.704,0.00998441,-0.000133158,0.0100086,0.00340125,2.93552,2.55262,3.39698,0.00897186,0.011037,0.97,0.965,145.745,1,,,
0.5,50000,1,vfl_bc,9,O5 score,O,-0.0899765,-600.266,0.0109926,-0.000523258,0.0110077,0.00375303,2.929,2.57026,3.36627,0.0100491,0.0119322,0.945,0.945,73.3357,1,,,
0.5,50000,1,vfl_bc,10,O6 assets ($),O,0.26993,0.187995,0.0109173,0.00324243,0.0104508,0.00322595,3.3842,2.97234,3.86641,0.00989705,0.0118992,0.93,0.93,0.00760345,1,0.0244838,0.0712548,0.040445
0.5,50000,1,vfl_uncorrected,0,intercept,R,0,,0.00762739,0.00101625,0.00757836,0.00286996,2.65767,2.34717,2.98939,0.00681251,0.00842395,0.965,0.965,,,,,
0.5,50000,1,vfl_uncorrected,1,R1 score,R,0.449883,3003.95,0.00804587,-0.00159244,0.0079065,0.0032048,2.51057,2.23577,2.8218,0.0073245,0.00876978,0.955,0.965,53.7238,1,0.012341,0.0283136,0.0178844
0.5,50000,1,vfl_uncorrected,2,R2 binary,R,-0.26993,-11683.9,0.00953495,0.000718143,0.00953173,0.00346706,2.75015,2.44497,3.11214,0.00861054,0.0104529,0.915,0.915,412.719,1,0.0227893,0.0613192,0.0353239
0.5,50000,1,vfl_uncorrected,3,R3 income ($),R,0.179953,0.12585,0.0101156,0.00217419,0.00990395,0.00341721,2.96019,2.62002,3.38093,0.00915944,0.0110714,0.935,0.935,0.00707434,1,0.0349358,0.0924697,0.0562123
0.5,50000,1,vfl_uncorrected,4,R4 count,R,0.0899765,1310.99,0.0100778,0.00103115,0.01005,0.00357999,2.81502,2.4426,3.27349,0.00903959,0.0112254,0.94,0.94,146.836,1,,,
0.5,50000,1,vfl_uncorrected,5,O1 income ($),O,0.359906,0.25067,0.0121522,-0.00141135,0.0121002,0.00360327,3.37253,2.99225,3.7867,0.0110521,0.0132897,0.935,0.945,0.00846381,1,0.0228245,0.0550379,0.0337648
0.5,50000,1,vfl_uncorrected,6,O2 age (yr),O,-0.224941,-251.346,0.01123,0.00132956,0.011179,0.0034396,3.26492,2.88885,3.69426,0.0103467,0.0121975,0.935,0.935,12.5482,1,0.0343533,0.0836111,0.0499242
0.5,50000,1,vfl_uncorrected,7,O3 binary,O,0.134965,5845.05,0.00935994,0.000556796,0.00936681,0.00321474,2.91157,2.58969,3.30994,0.00851607,0.0101951,0.97,0.97,405.36,1,0.0487776,0.115702,0.069351
0.5,50000,1,vfl_uncorrected,8,O4 count,O,0.0449883,656.704,0.00999308,-0.000103296,0.0100176,0.00340125,2.93807,2.55402,3.40198,0.0089808,0.0110451,0.97,0.965,145.871,1,,,
0.5,50000,1,vfl_uncorrected,9,O5 score,O,-0.0899765,-600.266,0.011009,-0.000632652,0.0110183,0.00375303,2.93335,2.57625,3.37131,0.0100631,0.0119426,0.945,0.94,73.4447,1,,,
0.5,50000,1,vfl_uncorrected,10,O6 assets ($),O,0.26993,0.187995,0.0109803,0.0034192,0.0104606,0.00322595,3.40374,2.99102,3.89091,0.00995312,0.0119639,0.925,0.93,0.00764734,1,0.0251433,0.0708175,0.0406784
0.5,50000,2,vfl_bc,0,intercept,R,0,,0.00516457,0.000951859,0.00508883,0.00286996,1.79953,1.62465,1.99849,0.00466036,0.00564559,0.94,0.955,,,,,
0.5,50000,2,vfl_bc,1,R1 score,R,0.449883,3003.95,0.00566772,-0.00245641,0.00512057,0.0032048,1.76851,1.60575,1.96044,0.00515724,0.00613637,0.93,0.95,37.8444,1,0.00883839,0.0207615,0.0125982
0.5,50000,2,vfl_bc,2,R2 binary,R,-0.26993,-11683.9,0.0057937,0.00119205,0.00568397,0.00346706,1.67107,1.51632,1.87028,0.00523493,0.00636065,0.92,0.925,250.78,1,0.0132092,0.0354967,0.0214638
0.5,50000,2,vfl_bc,3,R3 income ($),R,0.179953,0.12585,0.00721688,0.00310817,0.00652961,0.00341721,2.11192,1.90662,2.36323,0.00658073,0.00789893,0.9,0.925,0.00504714,1,0.0295846,0.062956,0.0401043
0.5,50000,2,vfl_bc,4,R4 count,R,0.0899765,1310.99,0.00619827,0.000730497,0.00617052,0.00357999,1.73136,1.53524,1.95406,0.00557303,0.00677099,0.96,0.955,90.311,1,,,
0.5,50000,2,vfl_bc,5,O1 income ($),O,0.359906,0.25067,0.00679781,-0.000993636,0.00674168,0.00360327,1.88657,1.68955,2.11339,0.00612994,0.00746051,0.94,0.925,0.00473459,1,0.0116789,0.0316055,0.0188878
0.5,50000,2,vfl_bc,6,O2 age (yr),O,-0.224941,-251.346,0.00592296,0.00110963,0.00583269,0.0034396,1.72199,1.53352,1.94941,0.00537364,0.00649977,0.965,0.965,6.61823,1,0.0182701,0.0427849,0.0263311
0.5,50000,2,vfl_bc,7,O3 binary,O,0.134965,5845.05,0.00621259,-0.000321424,0.00621983,0.00321474,1.93253,1.71936,2.1855,0.00559681,0.0068221,0.94,0.945,269.054,1,0.0321459,0.075994,0.0460312
0.5,50000,2,vfl_bc,8,O4 count,O,0.0449883,656.704,0.00657879,0.000347297,0.00658611,0.00340125,1.93423,1.71179,2.18053,0.00596407,0.00720793,0.945,0.935,96.0322,1,,,
0.5,50000,2,vfl_bc,9,O5 score,O,-0.0899765,-600.266,0.0065546,-0.000178263,0.00656862,0.00375303,1.74648,1.56476,1.97876,0.00595203,0.00714563,0.95,0.95,43.7281,1,,,
0.5,50000,2,vfl_bc,10,O6 assets ($),O,0.26993,0.187995,0.0061443,0.00133219,0.00601319,0.00322595,1.90465,1.70413,2.16232,0.00549486,0.0067655,0.935,0.94,0.00427926,1,0.0145723,0.0388163,0.0227626
0.5,50000,2,vfl_uncorrected,0,intercept,R,0,,0.00516525,0.000952612,0.00508938,0.00286996,1.79976,1.62483,1.99875,0.00466093,0.00564635,0.94,0.955,,,,,
0.5,50000,2,vfl_uncorrected,1,R1 score,R,0.449883,3003.95,0.00564973,-0.00241338,0.00512115,0.0032048,1.7629,1.6006,1.95349,0.00513885,0.00611663,0.93,0.95,37.7243,1,0.00883831,0.0206889,0.0125582
0.5,50000,2,vfl_uncorrected,2,R2 binary,R,-0.26993,-11683.9,0.00578719,0.00115604,0.00568478,0.00346706,1.66919,1.51526,1.8684,0.0052271,0.00635252,0.925,0.925,250.498,1,0.0130791,0.0353641,0.0214396
0.5,50000,2,vfl_uncorrected,3,R3 income ($),R,0.179953,0.12585,0.00722596,0.00312714,0.0065306,0.00341721,2.11458,1.90972,2.36669,0.00658892,0.00790701,0.9,0.925,0.00505348,1,0.0296918,0.0630467,0.0401547
0.5,50000,2,vfl_uncorrected,4,R4 count,R,0.0899765,1310.99,0.0061979,0.000718602,0.00617155,0.00357999,1.73126,1.53523,1.95386,0.00557406,0.00676981,0.96,0.955,90.3056,1,,,
0.5,50000,2,vfl_uncorrected,5,O1 income ($),O,0.359906,0.25067,0.00678947,-0.000921559,0.00674351,0.00360327,1.88425,1.68689,2.11197,0.00612296,0.00744999,0.94,0.925,0.00472877,1,0.0117491,0.0318187,0.0188646
0.5,50000,2,vfl_uncorrected,6,O2 age (yr),O,-0.224941,-251.346,0.00591355,0.00105021,0.00583416,0.0034396,1.71926,1.53108,1.94728,0.00536559,0.00648707,0.965,0.965,6.60772,1,0.0182766,0.0430648,0.0262893
0.5,50000,2,vfl_uncorrected,7,O3 binary,O,0.134965,5845.05,0.00621264,-0.000292814,0.00622131,0.00321474,1.93255,1.71895,2.18421,0.00559604,0.00682015,0.94,0.94,269.057,1,0.0320637,0.0758551,0.0460316
0.5,50000,2,vfl_uncorrected,8,O4 count,O,0.0449883,656.704,0.00658093,0.000356028,0.00658779,0.00340125,1.93486,1.71251,2.181,0.00596557,0.00721071,0.945,0.935,96.0634,1,,,
0.5,50000,2,vfl_uncorrected,9,O5 score,O,-0.0899765,-600.266,0.00655729,-0.000209322,0.0065704,0.00375303,1.7472,1.56521,1.97915,0.00595225,0.00714825,0.95,0.95,43.7461,1,,,
0.5,50000,2,vfl_uncorrected,10,O6 assets ($),O,0.26993,0.187995,0.00615679,0.00138212,0.0060147,0.00322595,1.90852,1.70721,2.16696,0.00550414,0.00677965,0.935,0.94,0.00428795,1,0.0145725,0.0388783,0.0228089
0.5,50000,4,vfl_bc,0,intercept,R,0,,0.00376004,0.00128349,0.00354307,0.00286996,1.31014,1.20666,1.4269,0.00338083,0.00414927,0.97,0.965,,,,,
0.5,50000,4,vfl_bc,1,R1 score,R,0.449883,3003.95,0.00448354,-0.00201353,0.00401603,0.0032048,1.39901,1.27896,1.54483,0.00402344,0.00491613,0.9,0.955,29.9375,1,0.00618132,0.0171258,0.00996603
0.5,50000,4,vfl_bc,2,R2 binary,R,-0.26993,-11683.9,0.00429121,0.000745393,0.00423658,0.00346706,1.23771,1.14084,1.36284,0.00393368,0.00461039,0.96,0.945,185.744,1,0.012365,0.0274224,0.0158975
0.5,50000,4,vfl_bc,3,R3 income ($),R,0.179953,0.12585,0.00486559,0.00273844,0.0040319,0.00341721,1.42385,1.29174,1.57581,0.004429,0.00529584,0.92,0.96,0.00340276,1,0.0193721,0.043865,0.0270381
0.5,50000,4,vfl_bc,4,R4 count,R,0.0899765,1310.99,0.00441977,0.00054791,0.00439669,0.00357999,1.23458,1.14191,1.34379,0.00403235,0.00478299,0.955,0.955,64.3977,1,,,
0.5,50000,4,vfl_bc,5,O1 income ($),O,0.359906,0.25067,0.00472587,-0.00101854,0.00462639,0.00360327,1.31155,1.21669,1.42375,0.00425199,0.00517631,0.93,0.945,0.00329151,1,0.00865767,0.0218388,0.0131309
0.5,50000,4,vfl_bc,6,O2 age (yr),O,-0.224941,-251.346,0.0046081,0.000789494,0.00455135,0.0034396,1.33972,1.22766,1.4654,0.00413272,0.00504783,0.925,0.92,5.14902,1,0.0133781,0.0363017,0.0204858
0.5,50000,4,vfl_bc,7,O3 binary,O,0.134965,5845.05,0.00403534,-0.00039415,0.00402612,0.00321474,1.25526,1.13625,1.39981,0.00365723,0.0044008,0.955,0.955,174.762,1,0.0226948,0.0469361,0.0298992
0.5,50000,4,vfl_bc,8,O4 count,O,0.0449883,656.704,0.00407143,0.000298262,0.00407068,0.00340125,1.19704,1.10393,1.30686,0.00370699,0.0044507,0.97,0.97,59.4315,1,,,
0.5,50000,4,vfl_bc,9,O5 score,O,-0.0899765,-600.266,0.00431823,-0.000108753,0.00432769,0.00375303,1.1506,1.05943,1.25251,0.00388161,0.00472896,0.94,0.95,28.8085,1,,,
0.5,50000,4,vfl_bc,10,O6 assets ($),O,0.26993,0.187995,0.00461537,0.00159065,0.00434348,0.00322595,1.4307,1.325,1.56443,0.00414325,0.00504102,0.91,0.94,0.00321442,1,0.010901,0.0301224,0.0170984
0.5,50000,4,vfl_uncorrected,0,intercept,R,0,,0.00376022,0.00128371,0.00354318,0.00286996,1.3102,1.20672,1.42697,0.00338101,0.00414948,0.97,0.965,,,,,
0.5,50000,4,vfl_uncorrected,1,R1 score,R,0.449883,3003.95,0.00447799,-0.00200088,0.00401616,0.0032048,1.39728,1.2773,1.54276,0.00401932,0.00491053,0.905,0.96,29.9004,1,0.00616669,0.0170982,0.00995368
0.5,50000,4,vfl_uncorrected,2,R2 binary,R,-0.26993,-11683.9,0.00428952,0.000734788,0.00423673,0.00346706,1.23722,1.14056,1.36255,0.00393292,0.00460895,0.96,0.945,185.671,1,0.0124052,0.0273836,0.0158913
0.5,50000,4,vfl_uncorrected,3,R3 income ($),R,0.179953,0.12585,0.00486884,0.00274402,0.00403203,0.00341721,1.4248,1.29265,1.57682,0.00443207,0.00529905,0.92,0.96,0.00340503,1,0.0193849,0.0438959,0.0270562
0.5,50000,4,vfl_uncorrected,4,R4 count,R,0.0899765,1310.99,0.00441948,0.000544411,0.00439682,0.00357999,1.23449,1.14188,1.34361,0.00403195,0.00478262,0.955,0.955,64.3934,1,,,
0.5,50000,4,vfl_uncorrected,5,O1 income ($),O,0.359906,0.25067,0.00472162,-0.000997349,0.00462666,0.00360327,1.31037,1.21556,1.42243,0.00424755,0.00517043,0.93,0.945,0.00328854,1,0.00865822,0.0218884,0.013119
0.5,50000,4,vfl_uncorrected,6,O2 age (yr),O,-0.224941,-251.346,0.00460542,0.000772002,0.00455165,0.0034396,1.33894,1.22752,1.46396,0.00413059,0.00504336,0.925,0.92,5.14603,1,0.0133429,0.0362372,0.0204739
0.5,50000,4,vfl_uncorrected,7,O3 binary,O,0.134965,5845.05,0.00403478,-0.000385738,0.00402638,0.00321474,1.25509,1.13617,1.39958,0.00365686,0.00440028,0.955,0.955,174.738,1,0.0226753,0.0470016,0.0298951
0.5,50000,4,vfl_uncorrected,8,O4 count,O,0.0449883,656.704,0.00407188,0.000300831,0.00407095,0.00340125,1.19717,1.10411,1.30712,0.00370737,0.00445123,0.97,0.97,59.4382,1,,,
0.5,50000,4,vfl_uncorrected,9,O5 score,O,-0.0899765,-600.266,0.00431875,-0.000117875,0.00432797,0.00375303,1.15074,1.05957,1.25294,0.00388218,0.00472988,0.94,0.95,28.8119,1,,,
0.5,50000,4,vfl_uncorrected,10,O6 assets ($),O,0.26993,0.187995,0.00462073,0.00160534,0.00434378,0.00322595,1.43236,1.32638,1.56642,0.00414831,0.00504593,0.91,0.94,0.00321815,1,0.0108481,0.0301777,0.0171183
0.5,50000,8,vfl_bc,0,intercept,R,0,,0.00330088,0.00139968,0.00299694,0.00286996,1.15015,1.07063,1.23966,0.00301464,0.00358702,0.965,0.98,,,,,
0.5,50000,8,vfl_bc,1,R1 score,R,0.449883,3003.95,0.00393769,-0.00204238,0.00337506,0.0032048,1.22868,1.14101,1.33714,0.00360689,0.00425429,0.94,0.955,26.2927,1,0.0065121,0.0137081,0.0087527
0.5,50000,8,vfl_bc,2,R2 binary,R,-0.26993,-11683.9,0.00379053,0.000589995,0.00375372,0.00346706,1.0933,1.04079,1.15527,0.00342825,0.00415772,0.94,0.94,164.072,1,0.00946404,0.0236578,0.0140427
0.5,50000,8,vfl_bc,3,R3 income ($),R,0.179953,0.12585,0.00455228,0.00289081,0.00352543,0.00341721,1.33216,1.21765,1.47123,0.00419592,0.00492052,0.915,0.97,0.00318364,1,0.0208529,0.0379161,0.025297
0.5,50000,8,vfl_bc,4,R4 count,R,0.0899765,1310.99,0.00388812,0.000420974,0.00387496,0.00357999,1.08607,1.03046,1.15549,0.00352766,0.00424755,0.945,0.94,56.6512,1,,,
0.5,50000,8,vfl_bc,5,O1 income ($),O,0.359906,0.25067,0.00396873,-0.000902075,0.00387455,0.00360327,1.10142,1.03355,1.17766,0.0035587,0.0043569,0.935,0.94,0.00276416,1,0.00668925,0.018473,0.0110271
0.5,50000,8,vfl_bc,6,O2 age (yr),O,-0.224941,-251.346,0.00396527,0.00108851,0.0038225,0.0034396,1.15283,1.07958,1.23593,0.0035845,0.00436018,0.94,0.945,4.43073,1,0.0118603,0.0294008,0.017628
0.5,50000,8,vfl_bc,7,O3 binary,O,0.134965,5845.05,0.00352188,-0.000234434,0.00352289,0.00321474,1.09554,1.03493,1.16155,0.00320518,0.00385805,0.95,0.945,152.526,1,0.0186009,0.0419862,0.0260948
0.5,50000,8,vfl_bc,8,O4 count,O,0.0449883,656.704,0.00375394,0.000140686,0.00376072,0.00340125,1.1037,1.04367,1.17643,0.00335048,0.00412715,0.93,0.945,54.7971,1,,,
0.5,50000,8,vfl_bc,9,O5 score,O,-0.0899765,-600.266,0.00405375,6.60763e-05,0.00406339,0.00375303,1.08013,1.02754,1.14374,0.00363904,0.00447067,0.92,0.925,27.0441,1,,,
0.5,50000,8,vfl_bc,10,O6 assets ($),O,0.26993,0.187995,0.00392663,0.0017449,0.00352646,0.00322595,1.2172,1.14475,1.30809,0.00353685,0.004317,0.94,0.965,0.00273474,1,0.0100203,0.0233431,0.0145469
0.5,50000,8,vfl_uncorrected,0,intercept,R,0,,0.00330093,0.00139975,0.00299696,0.00286996,1.15017,1.07064,1.23968,0.00301468,0.00358708,0.965,0.98,,,,,
0.5,50000,8,vfl_uncorrected,1,R1 score,R,0.449883,3003.95,0.00393569,-0.00203848,0.00337508,0.0032048,1.22806,1.14044,1.33639,0.00360483,0.00425208,0.94,0.955,26.2793,1,0.00650344,0.0136996,0.00874826
0.5,50000,8,vfl_uncorrected,2,R2 binary,R,-0.26993,-11683.9,0.00379006,0.000586725,0.00375376,0.00346706,1.09316,1.04064,1.15498,0.00342787,0.00415718,0.94,0.94,164.052,1,0.00946413,0.0236463,0.0140409
0.5,50000,8,vfl_uncorrected,3,R3 income ($),R,0.179953,0.12585,0.0045534,0.00289253,0.00352546,0.00341721,1.33249,1.21794,1.4716,0.00419689,0.00492163,0.915,0.97,0.00318443,1,0.020853,0.0379269,0.0253033
0.5,50000,8,vfl_uncorrected,4,R4 count,R,0.0899765,1310.99,0.00388804,0.000419895,0.003875,0.00357999,1.08605,1.03047,1.15545,0.00352753,0.00424762,0.945,0.94,56.6502,1,,,
0.5,50000,8,vfl_uncorrected,5,O1 income ($),O,0.359906,0.25067,0.00396732,-0.000895545,0.00387462,0.00360327,1.10103,1.03309,1.1771,0.00355764,0.00435522,0.935,0.94,0.00276318,1,0.00667091,0.0184554,0.0110232
0.5,50000,8,vfl_uncorrected,6,O2 age (yr),O,-0.224941,-251.346,0.00396386,0.00108313,0.00382257,0.0034396,1.15242,1.07927,1.23533,0.00358313,0.0043584,0.94,0.945,4.42916,1,0.0118365,0.0293775,0.0176218
0.5,50000,8,vfl_uncorrected,7,O3 binary,O,0.134965,5845.05,0.00352176,-0.00023184,0.00352294,0.00321474,1.09551,1.03489,1.16146,0.00320538,0.0038579,0.95,0.945,152.52,1,0.0186207,0.0419674,0.026094
0.5,50000,8,vfl_uncorrected,8,O4 count,O,0.0449883,656.704,0.00375404,0.000141472,0.00376079,0.00340125,1.10373,1.04371,1.17644,0.00335053,0.00412729,0.93,0.945,54.7986,1,,,
0.5,50000,8,vfl_uncorrected,9,O5 score,O,-0.0899765,-600.266,0.00405378,6.32688e-05,0.00406346,0.00375303,1.08014,1.02755,1.14371,0.00363898,0.00447094,0.92,0.925,27.0443,1,,,
0.5,50000,8,vfl_uncorrected,10,O6 assets ($),O,0.26993,0.187995,0.0039287,0.00174943,0.00352653,0.00322595,1.21784,1.14527,1.30891,0.00353868,0.00431909,0.94,0.965,0.00273618,1,0.0100207,0.0233601,0.0145546
0.5,100000,,ols,0,intercept,R,0,,0.00242325,0.00113311,0.00214738,0.00214738,1.12847,1.06688,1.21619,0.00218445,0.00265674,0.915,0.94,,,,,
0.5,100000,,ols,1,R1 score,R,0.449883,3003.95,0.00277736,-0.00174678,0.0021647,0.0021647,1.28302,1.19295,1.39296,0.00253561,0.0030161,0.9,0.97,18.545,1,0.00436579,0.0096753,0.00617353
0.5,100000,,ols,2,R2 binary,R,-0.26993,-11683.9,0.00243793,0.000753758,0.00232429,0.00232429,1.04889,1.01491,1.10148,0.00220183,0.00268438,0.955,0.955,105.525,1,0.00630923,0.0144341,0.00903171
0.5,100000,,ols,3,R3 income ($),R,0.179953,0.12585,0.00381989,0.00292409,0.00246406,0.00246406,1.55024,1.41285,1.72923,0.00352187,0.00412405,0.785,0.95,0.00267144,1,0.0160751,0.0318994,0.0212271
0.5,100000,,ols,4,R4 count,R,0.0899765,1310.99,0.00238842,0.000137502,0.00239044,0.00239044,0.999154,0.997501,1.01699,0.00218052,0.00260049,0.94,0.94,34.8001,1,,,
0.5,100000,,ols,5,O1 income ($),O,0.359906,0.25067,0.00257336,-0.000854954,0.00243327,0.00243327,1.05757,1.02147,1.11172,0.00230629,0.0028456,0.92,0.945,0.00179231,1,0.0046619,0.0117409,0.00715008
0.5,100000,,ols,6,O2 age (yr),O,-0.224941,-251.346,0.00229636,0.000389912,0.0022687,0.0022687,1.01219,0.99808,1.0464,0.00208599,0.00249158,0.965,0.97,2.56592,1,0.00719576,0.0167181,0.0102087
0.5,100000,,ols,7,O3 binary,O,0.134965,5845.05,0.00224232,-0.000480485,0.00219574,0.00219574,1.02122,1.00094,1.05994,0.00199882,0.00247222,0.955,0.96,97.1105,1,0.0106936,0.0271432,0.0166142
0.5,100000,,ols,8,O4 count,O,0.0449883,656.704,0.00221788,3.27196e-05,0.0022232,0.0022232,0.997605,0.9975,1.01096,0.00201574,0.00241211,0.96,0.97,32.3749,1,,,
0.5,100000,,ols,9,O5 score,O,-0.0899765,-600.266,0.0025329,-2.84759e-06,0.00253925,0.00253925,0.997497,0.997499,1.01049,0.00225471,0.00283007,0.945,0.945,16.8979,1,,,
0.5,100000,,ols,10,O6 assets ($),O,0.26993,0.187995,0.00268322,0.00125059,0.00237992,0.00237992,1.12744,1.06888,1.21121,0.00238067,0.00299253,0.905,0.945,0.00186875,1,0.00578195,0.0166065,0.00994044
0.5,100000,,ols_unclipped,0,intercept,R,0,,0.00216626,-5.27177e-05,0.00217105,0.00214738,1.00879,1.00151,1.02354,0.00192562,0.00239758,,,,,,,
0.5,100000,,ols_unclipped,1,R1 score,R,0.449883,3003.95,0.00217825,0.000261156,0.00216797,0.0021647,1.00626,0.989494,1.03447,0.00197099,0.00237374,,,14.5446,1,0.00315894,0.00859579,0.00484182
0.5,100000,,ols_unclipped,2,R2 binary,R,-0.26993,-11683.9,0.00234765,-7.95327e-05,0.00235219,0.00232429,1.01005,1.00101,1.02785,0.0021311,0.00256423,,,101.618,1,0.00596503,0.0140032,0.00869729
0.5,100000,,ols_unclipped,3,R3 income ($),R,0.179953,0.12585,0.00242303,0.00011399,0.00242643,0.00246406,0.98335,0.963427,1.01405,0.00214273,0.00271609,,,0.00169455,1,0.00977632,0.0213156,0.0134648
0.5,100000,,ols_unclipped,4,R4 count,R,0.0899765,1310.99,0.00237041,-0.000152415,0.00237144,0.00239044,0.991619,0.976089,1.0158,0.00215891,0.00258907,,,34.5377,1,,,
0.5,100000,,ols_unclipped,5,O1 income ($),O,0.359906,0.25067,0.00232693,-0.000143938,0.0023283,0.00243327,0.956296,0.923017,0.994849,0.00209437,0.00256368,,,0.00162068,1,0.00435092,0.0103159,0.00646538
0.5,100000,,ols_unclipped,6,O2 age (yr),O,-0.224941,-251.346,0.00226573,-0.000403641,0.00223508,0.0022687,0.998694,0.979482,1.03527,0.00204823,0.00246728,,,2.5317,1,0.00685735,0.0163692,0.0100726
0.5,100000,,ols_unclipped,7,O3 binary,O,0.134965,5845.05,0.00218442,0.000128619,0.00218611,0.00219574,0.994848,0.984869,1.01515,0.00195694,0.0023979,,,94.603,1,0.0108487,0.0264667,0.0161852
0.5,100000,,ols_unclipped,8,O4 count,O,0.0449883,656.704,0.00225024,-0.000379286,0.00222361,0.0022232,1.01216,0.991535,1.04883,0.00204306,0.00245643,,,32.8473,1,,,
0.5,100000,,ols_unclipped,9,O5 score,O,-0.0899765,-600.266,0.00254583,6.94511e-05,0.00255127,0.00253925,1.00259,0.995292,1.01948,0.0022743,0.00283698,,,16.9841,1,,,
0.5,100000,,ols_unclipped,10,O6 assets ($),O,0.26993,0.187995,0.00239238,-0.000301232,0.00237929,0.00237992,1.00524,0.975262,1.0456,0.00214263,0.00264531,,,0.0016662,1,0.00574206,0.0144152,0.00886298
0.5,100000,0.5,vfl_bc,0,intercept,R,0,,0.00754769,0.000320337,0.00755981,0.00214738,3.51483,3.01119,4.12384,0.0067673,0.00829961,0.92,0.94,,,,,
0.5,100000,0.5,vfl_bc,1,R1 score,R,0.449883,3003.95,0.0078153,-0.00134079,0.00771875,0.0021647,3.61033,3.1912,4.09763,0.00700899,0.00863787,0.93,0.93,52.1842,1,0.0107204,0.0282521,0.0173719
0.5,100000,0.5,vfl_bc,2,R2 binary,R,-0.26993,-11683.9,0.00860387,0.00104629,0.00856145,0.00232429,3.70171,3.18085,4.30214,0.00757234,0.00961912,0.935,0.935,372.417,1,0.0194563,0.0513648,0.0318745
0.5,100000,0.5,vfl_bc,3,R3 income ($),R,0.179953,0.12585,0.0096738,0.00134473,0.00960392,0.00246406,3.92596,3.3935,4.56883,0.00864486,0.0106295,0.91,0.925,0.00676539,1,0.0350251,0.0895159,0.0537574
0.5,100000,0.5,vfl_bc,4,R4 count,R,0.0899765,1310.99,0.00922462,0.000665573,0.00922367,0.00239044,3.85896,3.40218,4.3802,0.0083632,0.0100641,0.95,0.955,134.406,1,,,
0.5,100000,0.5,vfl_bc,5,O1 income ($),O,0.359906,0.25067,0.00995526,-0.00145019,0.00987379,0.00243327,4.0913,3.61898,4.69652,0.00898734,0.0108674,0.945,0.945,0.00693371,1,0.0182567,0.0480807,0.0276607
0.5,100000,0.5,vfl_bc,6,O2 age (yr),O,-0.224941,-251.346,0.00943564,0.000745543,0.00942974,0.0022687,4.15906,3.67857,4.77582,0.008483,0.010361,0.98,0.98,10.5432,1,0.0278925,0.0672887,0.0419471
0.5,100000,0.5,vfl_bc,7,O3 binary,O,0.134965,5845.05,0.00936298,-0.000620195,0.00936586,0.00219574,4.26416,3.73381,4.91055,0.00848245,0.0102727,0.94,0.94,405.492,1,0.0449687,0.115984,0.0693736
0.5,100000,0.5,vfl_bc,8,O4 count,O,0.0449883,656.704,0.00992518,-0.000471113,0.00993887,0.0022232,4.46436,3.90814,5.13269,0.00898342,0.0108862,0.93,0.93,144.88,1,,,
0.5,100000,0.5,vfl_bc,9,O5 score,O,-0.0899765,-600.266,0.00975521,0.000623897,0.00975967,0.00253925,3.84177,3.3333,4.47,0.00862718,0.0109234,0.945,0.95,65.0805,1,,,
0.5,100000,0.5,vfl_bc,10,O6 assets ($),O,0.26993,0.187995,0.00915017,0.00132748,0.00907609,0.00237992,3.84474,3.38639,4.39766,0.00807578,0.0101647,0.96,0.965,0.00637273,1,0.0230793,0.0505146,0.0338984
0.5,100000,0.5,vfl_uncorrected,0,intercept,R,0,,0.00755101,0.000322195,0.00756307,0.00214738,3.51638,3.01244,4.12565,0.00677046,0.00830317,0.92,0.94,,,,,
0.5,100000,0.5,vfl_uncorrected,1,R1 score,R,0.449883,3003.95,0.00779662,-0.00120661,0.00772201,0.0021647,3.6017,3.18436,4.08415,0.00700091,0.00861803,0.93,0.93,52.0595,1,0.0106078,0.0279656,0.0173303
0.5,100000,0.5,vfl_uncorrected,2,R2 binary,R,-0.26993,-11683.9,0.00859485,0.000933945,0.0085654,0.00232429,3.69783,3.17409,4.30037,0.00756807,0.00961021,0.935,0.935,372.027,1,0.0198701,0.0512396,0.0318411
0.5,100000,0.5,vfl_uncorrected,3,R3 income ($),R,0.179953,0.12585,0.00968697,0.00140337,0.00960882,0.00246406,3.9313,3.39713,4.57543,0.00865865,0.0106423,0.91,0.925,0.00677459,1,0.0353847,0.0898982,0.0538305
0.5,100000,0.5,vfl_uncorrected,4,R4 count,R,0.0899765,1310.99,0.00922722,0.000628343,0.0092289,0.00239044,3.86005,3.4036,4.38261,0.00836476,0.0100697,0.95,0.95,134.444,1,,,
0.5,100000,0.5,vfl_uncorrected,5,O1 income ($),O,0.359906,0.25067,0.00993345,-0.00122557,0.00988229,0.00243327,4.08234,3.60733,4.69062,0.00896573,0.0108502,0.945,0.945,0.00691851,1,0.0180699,0.0483274,0.0276001
0.5,100000,0.5,vfl_uncorrected,6,O2 age (yr),O,-0.224941,-251.346,0.00943101,0.000560124,0.00943799,0.0022687,4.15702,3.67405,4.77411,0.00847605,0.0103596,0.98,0.98,10.5381,1,0.0278581,0.0680091,0.0419265
0.5,100000,0.5,vfl_uncorrected,7,O3 binary,O,0.134965,5845.05,0.00936536,-0.000530741,0.00937377,0.00219574,4.26524,3.73774,4.90987,0.00848487,0.0102748,0.94,0.94,405.594,1,0.0453817,0.116664,0.0693911
0.5,100000,0.5,vfl_uncorrected,8,O4 count,O,0.0449883,656.704,0.00993231,-0.000444663,0.00994725,0.0022232,4.46757,3.90831,5.13661,0.00898838,0.0108954,0.93,0.93,144.984,1,,,
0.5,100000,0.5,vfl_uncorrected,9,O5 score,O,-0.0899765,-600.266,0.00975811,0.000528212,0.00976825,0.00253925,3.84291,3.33376,4.4679,0.00862339,0.0109257,0.945,0.95,65.0999,1,,,
0.5,100000,0.5,vfl_uncorrected,10,O6 assets ($),O,0.26993,0.187995,0.00918111,0.00148261,0.00908335,0.00237992,3.85774,3.39783,4.41484,0.00809461,0.0102033,0.96,0.965,0.00639427,1,0.0228553,0.0510842,0.034013
0.5,100000,1,vfl_bc,0,intercept,R,0,,0.00462597,0.00104263,0.00451825,0.00214738,2.15424,1.91182,2.45494,0.00421782,0.0050191,0.935,0.925,,,,,
0.5,100000,1,vfl_bc,1,R1 score,R,0.449883,3003.95,0.00456633,-0.00139715,0.00435825,0.0021647,2.10945,1.88133,2.3832,0.00412365,0.00499212,0.945,0.955,30.4903,1,0.00671754,0.0166463,0.0101501
0.5,100000,1,vfl_bc,2,R2 binary,R,-0.26993,-11683.9,0.00492299,0.000489779,0.00491085,0.00232429,2.11806,1.87236,2.39129,0.00448937,0.00536606,0.93,0.93,213.091,1,0.0122979,0.0297804,0.018238
0.5,100000,1,vfl_bc,3,R3 income ($),R,0.179953,0.12585,0.00575104,0.00304829,0.00488895,0.00246406,2.33397,2.04127,2.70204,0.00523074,0.00625025,0.915,0.955,0.00402199,1,0.0227682,0.0519345,0.0319585
0.5,100000,1,vfl_bc,4,R4 count,R,0.0899765,1310.99,0.00470305,7.04355e-05,0.00471432,0.00239044,1.96744,1.7262,2.23518,0.00421222,0.0051883,0.97,0.97,68.5251,1,,,
0.5,100000,1,vfl_bc,5,O1 income ($),O,0.359906,0.25067,0.00625799,-0.000929413,0.00620412,0.00243327,2.57184,2.25752,2.93288,0.00562259,0.00690803,0.93,0.93,0.00435861,1,0.0109258,0.029735,0.0173878
0.5,100000,1,vfl_bc,6,O2 age (yr),O,-0.224941,-251.346,0.00530342,2.24459e-05,0.00531668,0.0022687,2.33765,2.07635,2.64658,0.00482921,0.00578658,0.97,0.97,5.92596,1,0.018022,0.0361827,0.0235769
0.5,100000,1,vfl_bc,7,O3 binary,O,0.134965,5845.05,0.00556572,0.000393288,0.00556574,0.00219574,2.53479,2.22381,2.8835,0.0050398,0.00606559,0.925,0.925,241.04,1,0.0259039,0.0693425,0.0412383
0.5,100000,1,vfl_bc,8,O4 count,O,0.0449883,656.704,0.00542321,7.73285e-06,0.00543681,0.0022232,2.43937,2.15103,2.77548,0.00491741,0.00591221,0.945,0.945,79.1638,1,,,
0.5,100000,1,vfl_bc,9,O5 score,O,-0.0899765,-600.266,0.00552014,-0.000513989,0.00550995,0.00253925,2.17392,1.93814,2.47007,0.00499825,0.00607525,0.945,0.94,36.8268,1,,,
0.5,100000,1,vfl_bc,10,O6 assets ($),O,0.26993,0.187995,0.00554409,0.00187912,0.00522901,0.00237992,2.32953,2.06397,2.6612,0.0049757,0.00608839,0.935,0.97,0.00386123,1,0.0146729,0.0342943,0.020539
0.5,100000,1,vfl_uncorrected,0,intercept,R,0,,0.00462655,0.00104331,0.00451869,0.00214738,2.15451,1.91208,2.45519,0.00421831,0.00501979,0.935,0.925,,,,,
0.5,100000,1,vfl_uncorrected,1,R1 score,R,0.449883,3003.95,0.00455538,-0.00135947,0.00435871,0.0021647,2.10439,1.87736,2.37767,0.00411362,0.00498032,0.945,0.955,30.4171,1,0.00671841,0.0166937,0.0101257
0.5,100000,1,vfl_uncorrected,2,R2 binary,R,-0.26993,-11683.9,0.00492054,0.00045814,0.00491146,0.00232429,2.117,1.87041,2.38966,0.00448857,0.00536084,0.93,0.93,212.985,1,0.0121815,0.0296665,0.018229
0.5,100000,1,vfl_uncorrected,3,R3 income ($),R,0.179953,0.12585,0.00576046,0.00306498,0.00488961,0.00246406,2.33779,2.04471,2.70579,0.00524119,0.00625962,0.915,0.955,0.00402858,1,0.0226811,0.0520366,0.0320109
0.5,100000,1,vfl_uncorrected,4,R4 count,R,0.0899765,1310.99,0.00470362,5.99094e-05,0.00471504,0.00239044,1.96768,1.72644,2.23523,0.00421307,0.0051898,0.97,0.97,68.5334,1,,,
0.5,100000,1,vfl_uncorrected,5,O1 income ($),O,0.359906,0.25067,0.00625038,-0.000866268,0.00620559,0.00243327,2.56871,2.25252,2.93007,0.00561225,0.00689699,0.93,0.93,0.0043533,1,0.0109772,0.0298834,0.0173667
0.5,100000,1,vfl_uncorrected,6,O2 age (yr),O,-0.224941,-251.346,0.00530469,-2.97404e-05,0.00531792,0.0022687,2.33821,2.07648,2.64677,0.00482703,0.00578855,0.965,0.97,5.92738,1,0.0180265,0.0361367,0.0235826
0.5,100000,1,vfl_uncorrected,7,O3 binary,O,0.134965,5845.05,0.0055688,0.00041858,0.00556698,0.00219574,2.53619,2.22461,2.88584,0.00504369,0.00606967,0.925,0.92,241.173,1,0.0259935,0.0692085,0.0412611
0.5,100000,1,vfl_uncorrected,8,O4 count,O,0.0449883,656.704,0.00542447,1.53194e-05,0.00543806,0.0022232,2.43994,2.15149,2.77641,0.00491869,0.00591316,0.945,0.945,79.1823,1,,,
0.5,100000,1,vfl_uncorrected,9,O5 score,O,-0.0899765,-600.266,0.00552402,-0.000541118,0.00551125,0.00253925,2.17545,1.9398,2.4718,0.00500184,0.00607994,0.945,0.94,36.8527,1,,,
0.5,100000,1,vfl_uncorrected,10,O6 assets ($),O,0.26993,0.187995,0.00556007,0.00192281,0.0052301,0.00237992,2.33624,2.07044,2.66766,0.00499209,0.00610617,0.935,0.965,0.00387236,1,0.0148363,0.0344605,0.0205982
0.5,100000,2,vfl_bc,0,intercept,R,0,,0.00299885,0.0010001,0.00283426,0.00214738,1.39651,1.26745,1.57108,0.00270089,0.00330195,0.935,0.965,,,,,
0.5,100000,2,vfl_bc,1,R1 score,R,0.449883,3003.95,0.00345017,-0.00163811,0.00304411,0.0021647,1.59383,1.42507,1.78441,0.0030833,0.00381648,0.93,0.965,23.0374,1,0.00488557,0.0116644,0.00766904
0.5,100000,2,vfl_bc,2,R2 binary,R,-0.26993,-11683.9,0.00321133,0.000674312,0.00314762,0.00232429,1.38164,1.2476,1.53104,0.00284591,0.00358934,0.945,0.955,139.002,1,0.00721514,0.0199299,0.0118969
0.5,100000,2,vfl_bc,3,R3 income ($),R,0.179953,0.12585,0.00454937,0.0030201,0.00341086,0.00246406,1.84629,1.641,2.11261,0.00415699,0.00496403,0.87,0.935,0.00318161,1,0.0182304,0.0402159,0.0252809
0.5,100000,2,vfl_bc,4,R4 count,R,0.0899765,1310.99,0.00309793,0.000102493,0.00310401,0.00239044,1.29597,1.18338,1.42466,0.00282706,0.00337423,0.98,0.98,45.138,1,,,
0.5,100000,2,vfl_bc,5,O1 income ($),O,0.359906,0.25067,0.00358086,-0.000661966,0.00352798,0.00243327,1.47162,1.33718,1.63722,0.00324479,0.00391758,0.97,0.97,0.00249402,1,0.00705787,0.0155007,0.00994944
0.5,100000,2,vfl_bc,6,O2 age (yr),O,-0.224941,-251.346,0.00332558,0.00040216,0.00330945,0.0022687,1.46585,1.33225,1.6199,0.00301504,0.00362246,0.975,0.97,3.71595,1,0.0097291,0.0237943,0.0147842
0.5,100000,2,vfl_bc,7,O3 binary,O,0.134965,5845.05,0.00329332,-0.000258917,0.00329137,0.00219574,1.49987,1.3566,1.67186,0.0029741,0.00359481,0.96,0.96,142.627,1,0.0162409,0.0399193,0.0244014
0.5,100000,2,vfl_bc,8,O4 count,O,0.0449883,656.704,0.0032195,-0.000156626,0.00322376,0.0022232,1.44814,1.31156,1.60511,0.00290687,0.00351626,0.965,0.96,46.9957,1,,,
0.5,100000,2,vfl_bc,9,O5 score,O,-0.0899765,-600.266,0.00396396,1.37579e-05,0.00397389,0.00253925,1.56108,1.40925,1.73703,0.00358978,0.00431629,0.925,0.93,26.445,1,,,
0.5,100000,2,vfl_bc,10,O6 assets ($),O,0.26993,0.187995,0.00370463,0.00118893,0.00351747,0.00237992,1.55662,1.39547,1.74601,0.00325961,0.0041365,0.925,0.93,0.00258012,1,0.00806837,0.0217152,0.0137244
0.5,100000,2,vfl_uncorrected,0,intercept,R,0,,0.00299897,0.00100028,0.00283433,0.00214738,1.39657,1.26749,1.57116,0.002701,0.0033021,0.935,0.965,,,,,
0.5,100000,2,vfl_uncorrected,1,R1 score,R,0.449883,3003.95,0.00344515,-0.00162736,0.00304419,0.0021647,1.59151,1.42292,1.78193,0.0030792,0.00381122,0.93,0.965,23.0039,1,0.00488563,0.0116407,0.00765789
0.5,100000,2,vfl_uncorrected,2,R2 binary,R,-0.26993,-11683.9,0.00320954,0.000665288,0.00314771,0.00232429,1.38087,1.24689,1.53038,0.00284509,0.00358767,0.945,0.955,138.924,1,0.00719805,0.0199572,0.0118903
0.5,100000,2,vfl_uncorrected,3,R3 income ($),R,0.179953,0.12585,0.00455263,0.00302487,0.00341098,0.00246406,1.84761,1.64218,2.11409,0.00415981,0.00496751,0.87,0.935,0.00318389,1,0.018231,0.0402424,0.025299
0.5,100000,2,vfl_uncorrected,4,R4 count,R,0.0899765,1310.99,0.00309796,9.94812e-05,0.00310413,0.00239044,1.29598,1.18351,1.42469,0.00282728,0.00337437,0.98,0.98,45.1384,1,,,
0.5,100000,2,vfl_uncorrected,5,O1 income ($),O,0.359906,0.25067,0.00357778,-0.000643921,0.00352819,0.00243327,1.47036,1.33563,1.63623,0.00324254,0.00391356,0.97,0.97,0.00249187,1,0.00704317,0.0155415,0.00994087
0.5,100000,2,vfl_uncorrected,6,O2 age (yr),O,-0.224941,-251.346,0.003324,0.000387286,0.00330965,0.0022687,1.46516,1.3319,1.61928,0.00301243,0.00361989,0.975,0.97,3.71419,1,0.00973045,0.0238494,0.0147772
0.5,100000,2,vfl_uncorrected,7,O3 binary,O,0.134965,5845.05,0.00329296,-0.000251744,0.00329156,0.00219574,1.49971,1.35681,1.67143,0.00297417,0.00359416,0.96,0.955,142.611,1,0.0161878,0.0399751,0.0243987
0.5,100000,2,vfl_uncorrected,8,O4 count,O,0.0449883,656.704,0.00321957,-0.000154463,0.00322394,0.0022232,1.44817,1.31161,1.60514,0.0029068,0.003516,0.965,0.96,46.9969,1,,,
0.5,100000,2,vfl_uncorrected,9,O5 score,O,-0.0899765,-600.266,0.00396418,6.05284e-06,0.00397412,0.00253925,1.56116,1.40944,1.73708,0.00358989,0.00431662,0.925,0.93,26.4465,1,,,
0.5,100000,2,vfl_uncorrected,10,O6 assets ($),O,0.26993,0.187995,0.0037088,0.00120135,0.00351764,0.00237992,1.55837,1.39732,1.74771,0.00326352,0.00414093,0.925,0.93,0.00258303,1,0.0080693,0.0217628,0.0137399
0.5,100000,4,vfl_bc,0,intercept,R,0,,0.00262248,0.00112187,0.00237635,0.00214738,1.22125,1.11738,1.35009,0.00236116,0.0028748,0.935,0.955,,,,,
0.5,100000,4,vfl_bc,1,R1 score,R,0.449883,3003.95,0.00299116,-0.00160211,0.00253225,0.0021647,1.38179,1.27814,1.51102,0.00273458,0.00325548,0.935,0.925,19.9725,1,0.00517337,0.00981673,0.00664875
0.5,100000,4,vfl_bc,2,R2 binary,R,-0.26993,-11683.9,0.00278713,0.00065127,0.00271677,0.00232429,1.19913,1.12208,1.29392,0.00254221,0.00302622,0.945,0.935,120.64,1,0.00727306,0.0166068,0.0103254
0.5,100000,4,vfl_bc,3,R3 income ($),R,0.179953,0.12585,0.00422586,0.00308671,0.00289343,0.00246406,1.715,1.54708,1.93327,0.00389762,0.00457181,0.795,0.93,0.00295536,1,0.0181606,0.0353061,0.0234831
0.5,100000,4,vfl_bc,4,R4 count,R,0.0899765,1310.99,0.002617,1.32954e-05,0.00262353,0.00239044,1.09478,1.03648,1.15767,0.0023899,0.00285889,0.955,0.955,38.1306,1,,,
0.5,100000,4,vfl_bc,5,O1 income ($),O,0.359906,0.25067,0.00295015,-0.000468061,0.00292009,0.00243327,1.21242,1.13412,1.29637,0.00265845,0.00323989,0.925,0.935,0.00205474,1,0.00532969,0.0132303,0.00819701
0.5,100000,4,vfl_bc,6,O2 age (yr),O,-0.224941,-251.346,0.00268663,0.00016665,0.00268819,0.0022687,1.18422,1.10106,1.28168,0.00241905,0.00293713,0.94,0.96,3.002,1,0.00824324,0.0184248,0.0119437
0.5,100000,4,vfl_bc,7,O3 binary,O,0.134965,5845.05,0.00253481,-0.000355545,0.00251605,0.00219574,1.15442,1.08064,1.23647,0.00225052,0.00282153,0.97,0.965,109.778,1,0.0114633,0.0292147,0.0187813
0.5,100000,4,vfl_bc,8,O4 count,O,0.0449883,656.704,0.0026569,-0.0001382,0.00265996,0.0022232,1.19508,1.10268,1.30591,0.00242025,0.00289402,0.96,0.95,38.7834,1,,,
0.5,100000,4,vfl_bc,9,O5 score,O,-0.0899765,-600.266,0.00302004,2.26334e-05,0.00302753,0.00253925,1.18934,1.11619,1.27829,0.00266393,0.00337993,0.945,0.945,20.1478,1,,,
0.5,100000,4,vfl_bc,10,O6 assets ($),O,0.26993,0.187995,0.00322136,0.00136652,0.00292447,0.00237992,1.35356,1.2409,1.48623,0.00282834,0.00365955,0.93,0.955,0.00224355,1,0.00771317,0.0180674,0.0119341
0.5,100000,4,vfl_uncorrected,0,intercept,R,0,,0.00262252,0.00112193,0.00237637,0.00214738,1.22126,1.11739,1.35011,0.0023612,0.00287484,0.935,0.955,,,,,
0.5,100000,4,vfl_uncorrected,1,R1 score,R,0.449883,3003.95,0.00298948,-0.00159895,0.00253227,0.0021647,1.38101,1.2775,1.51014,0.002733,0.00325357,0.935,0.925,19.9613,1,0.00516628,0.00980978,0.00664502
0.5,100000,4,vfl_uncorrected,2,R2 binary,R,-0.26993,-11683.9,0.00278653,0.000648616,0.0027168,0.00232429,1.19887,1.12181,1.29358,0.00254155,0.00302582,0.945,0.935,120.615,1,0.00727324,0.016615,0.0103232
0.5,100000,4,vfl_uncorrected,3,R3 income ($),R,0.179953,0.12585,0.0042269,0.00308811,0.00289346,0.00246406,1.71542,1.54747,1.93376,0.00389869,0.00457286,0.795,0.93,0.00295609,1,0.0181608,0.035314,0.0234889
0.5,100000,4,vfl_uncorrected,4,R4 count,R,0.0899765,1310.99,0.00261703,1.24104e-05,0.00262356,0.00239044,1.09479,1.03651,1.1577,0.00238989,0.00285889,0.955,0.955,38.131,1,,,
0.5,100000,4,vfl_uncorrected,5,O1 income ($),O,0.359906,0.25067,0.00294936,-0.000462753,0.00292014,0.00243327,1.2121,1.13402,1.29598,0.00265775,0.00323932,0.925,0.935,0.00205419,1,0.00532956,0.0132423,0.00819481
0.5,100000,4,vfl_uncorrected,6,O2 age (yr),O,-0.224941,-251.346,0.0026864,0.000162273,0.00268823,0.0022687,1.18412,1.1009,1.28149,0.00241926,0.00293659,0.94,0.96,3.00175,1,0.00822397,0.0184406,0.0119427
0.5,100000,4,vfl_uncorrected,7,O3 binary,O,0.134965,5845.05,0.00253456,-0.000353436,0.00251609,0.00219574,1.15431,1.08044,1.2364,0.0022503,0.00282141,0.97,0.965,109.767,1,0.0114791,0.029228,0.0187794
0.5,100000,4,vfl_uncorrected,8,O4 count,O,0.0449883,656.704,0.00265691,-0.000137564,0.00266001,0.0022232,1.19508,1.10271,1.30593,0.00242029,0.00289407,0.96,0.95,38.7835,1,,,
0.5,100000,4,vfl_uncorrected,9,O5 score,O,-0.0899765,-600.266,0.00302007,2.03659e-05,0.00302758,0.00253925,1.18935,1.11618,1.27831,0.002664,0.00338005,0.945,0.945,20.148,1,,,
0.5,100000,4,vfl_uncorrected,10,O6 assets ($),O,0.26993,0.187995,0.00322295,0.00137018,0.00292452,0.00237992,1.35423,1.24153,1.48711,0.00282948,0.00366126,0.93,0.955,0.00224466,1,0.00769963,0.0180811,0.01194
0.5,100000,8,vfl_bc,0,intercept,R,0,,0.00243489,0.00111764,0.00216867,0.00214738,1.13389,1.06376,1.23145,0.00219888,0.00266873,0.94,0.95,,,,,
0.5,100000,8,vfl_bc,1,R1 score,R,0.449883,3003.95,0.00279998,-0.00171442,0.0022193,0.0021647,1.29347,1.19839,1.41389,0.00255126,0.0030442,0.915,0.945,18.696,1,0.00458807,0.00996054,0.00622381
0.5,100000,8,vfl_bc,2,R2 binary,R,-0.26993,-11683.9,0.00247634,0.000703165,0.00238037,0.00232429,1.06542,1.01676,1.12836,0.00223692,0.00271768,0.96,0.955,107.188,1,0.00651328,0.0154176,0.00917404
0.5,100000,8,vfl_bc,3,R3 income ($),R,0.179953,0.12585,0.00390353,0.002909,0.00260946,0.00246406,1.58418,1.4381,1.76283,0.00358489,0.00422796,0.805,0.94,0.00272994,1,0.0165422,0.0329776,0.0216919
0.5,100000,8,vfl_bc,4,R4 count,R,0.0899765,1310.99,0.0024275,0.000141466,0.00242946,0.00239044,1.0155,0.978536,1.06052,0.00221004,0.00265248,0.955,0.965,35.3696,1,,,
0.5,100000,8,vfl_bc,5,O1 income ($),O,0.359906,0.25067,0.00262735,-0.000819807,0.00250244,0.00243327,1.07976,1.01672,1.15692,0.00232822,0.00291312,0.93,0.945,0.00182991,1,0.00463778,0.0118552,0.0073001
0.5,100000,8,vfl_bc,6,O2 age (yr),O,-0.224941,-251.346,0.00233306,0.000240877,0.00232642,0.0022687,1.02837,0.981146,1.0846,0.00210959,0.0025431,0.97,0.965,2.60693,1,0.00673048,0.0173641,0.0103719
0.5,100000,8,vfl_bc,7,O3 binary,O,0.134965,5845.05,0.00234001,-0.000506872,0.00229018,0.00219574,1.06571,1.01437,1.12766,0.0021068,0.00256636,0.945,0.96,101.341,1,0.0115684,0.029847,0.0173379
0.5,100000,8,vfl_bc,8,O4 count,O,0.0449883,656.704,0.0023464,0.000137475,0.00234825,0.0022232,1.05542,1.00796,1.11407,0.00214065,0.00254681,0.97,0.985,34.251,1,,,
0.5,100000,8,vfl_bc,9,O5 score,O,-0.0899765,-600.266,0.00270104,-6.28644e-05,0.00270708,0.00253925,1.06371,1.02276,1.10876,0.00237462,0.00302514,0.93,0.93,18.0196,1,,,
0.5,100000,8,vfl_bc,10,O6 assets ($),O,0.26993,0.187995,0.00290617,0.00130045,0.00260549,0.00237992,1.22112,1.14985,1.31664,0.00258973,0.00323303,0.915,0.935,0.00202403,1,0.00716633,0.0171474,0.0107664
0.5,100000,8,vfl_uncorrected,0,intercept,R,0,,0.0024349,0.00111765,0.00216867,0.00214738,1.13389,1.06376,1.23146,0.00219889,0.00266874,0.94,0.95,,,,,
0.5,100000,8,vfl_uncorrected,1,R1 score,R,0.449883,3003.95,0.00279939,-0.00171345,0.00221931,0.0021647,1.2932,1.19818,1.41358,0.00255073,0.00304355,0.915,0.945,18.6921,1,0.00458589,0.00995842,0.00622249
0.5,100000,8,vfl_uncorrected,2,R2 binary,R,-0.26993,-11683.9,0.00247612,0.000702347,0.00238038,0.00232429,1.06532,1.01668,1.12822,0.00223668,0.00271743,0.96,0.955,107.178,1,0.00651635,0.0154146,0.0091732
0.5,100000,8,vfl_uncorrected,3,R3 income ($),R,0.179953,0.12585,0.00390385,0.00290943,0.00260947,0.00246406,1.58432,1.43821,1.76299,0.00358521,0.00422828,0.805,0.94,0.00273016,1,0.0165446,0.0329801,0.0216937
0.5,100000,8,vfl_uncorrected,4,R4 count,R,0.0899765,1310.99,0.00242749,0.000141194,0.00242947,0.00239044,1.0155,0.978537,1.06052,0.00220999,0.00265247,0.955,0.965,35.3695,1,,,
0.5,100000,8,vfl_uncorrected,5,O1 income ($),O,0.359906,0.25067,0.00262685,-0.000818173,0.00250245,0.00243327,1.07955,1.01652,1.15667,0.00232766,0.00291256,0.93,0.945,0.00182957,1,0.00463321,0.0118507,0.00729871
0.5,100000,8,vfl_uncorrected,6,O2 age (yr),O,-0.224941,-251.346,0.00233293,0.000239529,0.00232643,0.0022687,1.02831,0.981131,1.08451,0.0021094,0.00254281,0.965,0.965,2.60678,1,0.00673054,0.0173594,0.0103713
0.5,100000,8,vfl_uncorrected,7,O3 binary,O,0.134965,5845.05,0.00233988,-0.000506223,0.0022902,0.00219574,1.06565,1.01431,1.12757,0.0021067,0.0025662,0.945,0.96,101.335,1,0.0115684,0.029852,0.017337
0.5,100000,8,vfl_uncorrected,8,O4 count,O,0.0449883,656.704,0.00234642,0.000137673,0.00234826,0.0022232,1.05543,1.00796,1.11408,0.00214067,0.00254681,0.97,0.985,34.2513,1,,,
0.5,100000,8,vfl_uncorrected,9,O5 score,O,-0.0899765,-600.266,0.00270107,-6.35641e-05,0.00270709,0.00253925,1.06373,1.02277,1.10879,0.00237464,0.00302528,0.93,0.93,18.0198,1,,,
0.5,100000,8,vfl_uncorrected,10,O6 assets ($),O,0.26993,0.187995,0.00290669,0.00130158,0.0026055,0.00237992,1.22134,1.15002,1.3169,0.00259029,0.00323364,0.915,0.935,0.00202439,1,0.00716631,0.0171516,0.0107683
