r2,n,eps,method,j,coef,block,beta_std,beta_raw,rmse_std,bias_std,sd,sd_ols,eff_ratio,eff_ratio_ci_lo,eff_ratio_ci_hi,rmse_std_ci_lo,rmse_std_ci_hi,coverage,coverage_clip_target,raw_rmse,sign_rate,relerr_median,relerr_p90,rel_rmse
0.9,100,,ols,0,intercept,R,0,,0.032234,-0.000211942,0.0323141,0.0323141,0.997518,0.9975,1.00979,0.0287409,0.0357441,0.945,0.945,,,,,
0.9,100,,ols,1,R1 score,R,0.603581,4030.22,0.0359684,-0.00380059,0.0358568,0.0358568,1.00311,0.997522,1.02714,0.0319454,0.0398729,0.94,0.94,240.168,1,0.0372509,0.0977467,0.0595917
0.9,100,,ols,2,R2 binary,R,-0.362148,-15675.5,0.0402602,-0.00251472,0.0402824,0.0402824,0.999448,0.997504,1.01957,0.0360206,0.0442757,0.91,0.91,1742.66,1,0.0722235,0.191184,0.11117
0.9,100,,ols,3,R3 income ($),R,0.241432,0.168846,0.0370651,0.00377095,0.0369654,0.0369654,1.0027,0.997518,1.0271,0.0334127,0.0406535,0.94,0.93,0.0259216,1,0.0998954,0.258231,0.153522
0.9,100,,ols,4,R4 count,R,0.120716,1758.88,0.040501,0.00684202,0.0400191,0.0400191,1.01204,0.998261,1.04625,0.0360943,0.0449891,0.92,0.92,590.114,1,0.212765,0.545996,0.335506
0.9,100,,ols,5,O1 income ($),O,0.482865,0.336309,0.0423648,-0.00876088,0.0415531,0.0415531,1.01954,0.999714,1.0561,0.0383097,0.0464329,0.9,0.905,0.0295065,1,0.057934,0.134058,0.0877365
0.9,100,,ols,6,O2 age (yr),O,-0.30179,-337.216,0.0336088,0.00155257,0.0336572,0.0336572,0.998563,0.9975,1.01617,0.0303938,0.0370812,0.97,0.975,37.554,1,0.0766993,0.184112,0.111365
0.9,100,,ols,7,O3 binary,O,0.181074,7841.96,0.0364317,0.000186403,0.0365227,0.0365227,0.99751,0.9975,1.01002,0.0329906,0.0399023,0.945,0.945,1577.78,1,0.137887,0.319653,0.201198
0.9,100,,ols,8,O4 count,O,0.0603581,881.06,0.0379395,-0.000862232,0.0380248,0.0380248,0.997755,0.997501,1.01233,0.0343857,0.0413343,0.96,0.96,553.811,0.95,,,
0.9,100,,ols,9,O5 score,O,-0.120716,-805.341,0.0336585,-0.000543836,0.0337385,0.0337385,0.997627,0.9975,1.01128,0.0302891,0.036968,0.97,0.97,224.548,1,0.189597,0.439806,0.278823
0.9,100,,ols,10,O6 assets ($),O,0.362148,0.252222,0.0399811,-0.000924957,0.0400707,0.0400707,0.997764,0.997499,1.01191,0.0356632,0.0445009,0.93,0.915,0.0278452,1,0.0705564,0.172266,0.1104
0.9,100,,ols_unclipped,0,intercept,R,0,,0.0318567,-0.000969063,0.0319218,0.0323141,0.985843,0.96621,1.01004,0.0283093,0.0353122,,,,,,,
0.9,100,,ols_unclipped,1,R1 score,R,0.603581,4030.22,0.035305,-0.00184007,0.0353455,0.0358568,0.98461,0.962838,1.01401,0.0312817,0.0392699,,,235.738,1,0.0343308,0.0943957,0.0584926
0.9,100,,ols_unclipped,2,R2 binary,R,-0.362148,-15675.5,0.0400052,-0.00329379,0.0399694,0.0402824,0.993118,0.975098,1.01909,0.0357824,0.0440921,,,1731.62,1,0.0697483,0.191436,0.110466
0.9,100,,ols_unclipped,3,R3 income ($),R,0.241432,0.168846,0.0352632,0.000736069,0.035344,0.0369654,0.953954,0.904579,1.00546,0.0315222,0.0391662,,,0.0246614,1,0.0912064,0.226993,0.146059
0.9,100,,ols_unclipped,4,R4 count,R,0.120716,1758.88,0.0392902,0.00641571,0.0388601,0.0400191,0.981786,0.955434,1.01972,0.034976,0.0437029,,,572.472,1,0.20809,0.533073,0.325476
0.9,100,,ols_unclipped,5,O1 income ($),O,0.482865,0.336309,0.0369668,-0.00497772,0.0367221,0.0415531,0.889629,0.832987,0.945427,0.0335728,0.0405397,,,0.0257469,1,0.0561387,0.119185,0.0765574
0.9,100,,ols_unclipped,6,O2 age (yr),O,-0.30179,-337.216,0.0337138,-0.000137286,0.0337981,0.0336572,1.00168,0.981539,1.02808,0.0304396,0.0372177,,,37.6713,1,0.081183,0.176819,0.111713
0.9,100,,ols_unclipped,7,O3 binary,O,0.181074,7841.96,0.0356937,0.000990869,0.0357695,0.0365227,0.977303,0.959499,1.00067,0.0322987,0.0391068,,,1545.82,1,0.132611,0.315923,0.197122
0.9,100,,ols_unclipped,8,O4 count,O,0.0603581,881.06,0.0375812,-0.000931732,0.0376639,0.0380248,0.988332,0.932115,1.03932,0.0341521,0.0409164,,,548.581,0.955,,,
0.9,100,,ols_unclipped,9,O5 score,O,-0.120716,-805.341,0.0331957,-0.000757393,0.0332703,0.0337385,0.98391,0.966629,1.00673,0.0298593,0.0364904,,,221.46,1,0.189768,0.420571,0.27499
0.9,100,,ols_unclipped,10,O6 assets ($),O,0.362148,0.252222,0.0378105,-0.00257034,0.0378177,0.0400707,0.943594,0.898065,0.989264,0.0336914,0.0422731,,,0.0263335,1,0.0704679,0.165397,0.104406
0.9,100,0.5,vfl_bc,0,intercept,R,0,,0.0782075,-0.00452397,0.0782724,0.0323141,2.42022,2.12325,2.75313,0.0700956,0.0853533,0.945,0.945,,,,,
0.9,100,0.5,vfl_bc,1,R1 score,R,0.603581,4030.22,0.601905,-0.597374,0.0739035,0.0358568,16.7864,15.1445,18.9616,0.591771,0.611917,0,0,4019.04,0.565,0.978884,1.15882,0.997224
0.9,100,0.5,vfl_bc,2,R2 binary,R,-0.362148,-15675.5,0.374605,0.366332,0.0784914,0.0402824,9.29947,8.3732,10.4398,0.363358,0.385129,0.005,0.005,16214.7,0.46,1.01728,1.27195,1.0344
0.9,100,0.5,vfl_bc,3,R3 income ($),R,0.241432,0.168846,0.243052,-0.230322,0.0778219,0.0369654,6.57513,5.96076,7.32483,0.232004,0.253841,0.195,0.185,0.169979,0.535,0.928602,1.3526,1.00671
0.9,100,0.5,vfl_bc,4,R4 count,R,0.120716,1758.88,0.137907,-0.117243,0.0727952,0.0400191,3.44604,3.04466,3.94602,0.127874,0.147631,0.75,0.75,2009.36,0.52,0.971625,1.75658,1.14241
0.9,100,0.5,vfl_bc,5,O1 income ($),O,0.482865,0.336309,0.477472,-0.471362,0.0763317,0.0415531,11.4907,10.5002,12.6857,0.467322,0.488225,0,0,0.332553,0.55,0.976119,1.19254,0.988832
0.9,100,0.5,vfl_bc,6,O2 age (yr),O,-0.30179,-337.216,0.306949,0.297465,0.0759017,0.0336572,9.11986,8.20833,10.1812,0.296694,0.316565,0.05,0.05,342.98,0.515,0.993047,1.27905,1.01709
0.9,100,0.5,vfl_bc,7,O3 binary,O,0.181074,7841.96,0.197446,-0.177309,0.0870883,0.0365227,5.40612,4.86915,6.05923,0.185826,0.208485,0.43,0.43,8550.98,0.505,0.997574,1.58159,1.09041
0.9,100,0.5,vfl_bc,8,O4 count,O,0.0603581,881.06,0.0948419,-0.0522218,0.0793686,0.0380248,2.49421,2.21546,2.83597,0.0863296,0.103423,0.935,0.93,1384.43,0.555,,,
0.9,100,0.5,vfl_bc,9,O5 score,O,-0.120716,-805.341,0.140868,0.118186,0.0768462,0.0337385,4.17529,3.73384,4.75151,0.131465,0.150075,0.68,0.68,939.783,0.48,1.02398,1.80744,1.16694
0.9,100,0.5,vfl_bc,10,O6 assets ($),O,0.362148,0.252222,0.364722,-0.356837,0.0756177,0.0400707,9.10194,8.14301,10.2727,0.353771,0.375265,0.005,0.005,0.254014,0.485,1.00304,1.26719,1.00711
0.9,100,0.5,vfl_uncorrected,0,intercept,R,0,,0.0818355,-0.00479664,0.0818998,0.0323141,2.5325,2.21714,2.87901,0.073344,0.0892939,0.935,0.935,,,,,
0.9,100,0.5,vfl_uncorrected,1,R1 score,R,0.603581,4030.22,0.602113,-0.597169,0.0771981,0.0358568,16.7922,15.1483,18.9741,0.591581,0.61268,0,0,4020.42,0.555,0.976809,1.16739,0.997568
0.9,100,0.5,vfl_uncorrected,2,R2 binary,R,-0.362148,-15675.5,0.375427,0.366417,0.0819619,0.0402824,9.31986,8.38809,10.4642,0.363697,0.386451,0.005,0.005,16250.3,0.465,1.01691,1.28811,1.03667
0.9,100,0.5,vfl_uncorrected,3,R3 income ($),R,0.241432,0.168846,0.243799,-0.229827,0.0815525,0.0369654,6.59535,5.97551,7.34945,0.232378,0.255113,0.21,0.21,0.170501,0.535,0.920495,1.36779,1.0098
0.9,100,0.5,vfl_uncorrected,4,R4 count,R,0.120716,1758.88,0.139603,-0.117214,0.0760172,0.0400191,3.4884,3.08132,3.99471,0.12914,0.14983,0.74,0.74,2034.06,0.52,0.980862,1.78653,1.15645
0.9,100,0.5,vfl_uncorrected,5,O1 income ($),O,0.482865,0.336309,0.477687,-0.470419,0.0832186,0.0415531,11.4958,10.4966,12.6922,0.466677,0.489368,0,0,0.332702,0.55,0.971302,1.20912,0.989277
0.9,100,0.5,vfl_uncorrected,6,O2 age (yr),O,-0.30179,-337.216,0.308439,0.297212,0.0826671,0.0336572,9.16412,8.24249,10.2387,0.297341,0.318851,0.065,0.065,344.645,0.51,0.993813,1.30634,1.02203
0.9,100,0.5,vfl_uncorrected,7,O3 binary,O,0.181074,7841.96,0.200821,-0.177038,0.0950345,0.0365227,5.49852,4.92925,6.17207,0.188303,0.212669,0.44,0.445,8697.13,0.5,0.999183,1.62418,1.10905
0.9,100,0.5,vfl_uncorrected,8,O4 count,O,0.0603581,881.06,0.100448,-0.0516608,0.0863612,0.0380248,2.64164,2.346,3.00773,0.0912194,0.10981,0.925,0.92,1466.26,0.555,,,
0.9,100,0.5,vfl_uncorrected,9,O5 score,O,-0.120716,-805.341,0.144149,0.117718,0.083404,0.0337385,4.27254,3.81746,4.86815,0.134322,0.153983,0.665,0.665,961.671,0.485,1.0348,1.8726,1.19412
0.9,100,0.5,vfl_uncorrected,10,O6 assets ($),O,0.362148,0.252222,0.365658,-0.356323,0.0823007,0.0400707,9.12531,8.15196,10.3212,0.353918,0.377081,0.02,0.02,0.254666,0.49,1.00277,1.28665,1.00969
0.9,100,1,vfl_bc,0,intercept,R,0,,0.0744783,-0.001127,0.0746567,0.0323141,2.30482,2.01939,2.6459,0.0676221,0.0815948,0.97,0.97,,,,,
0.9,100,1,vfl_bc,1,R1 score,R,0.603581,4030.22,0.591618,-0.58752,0.0696887,0.0358568,16.4995,14.8945,18.7044,0.582416,0.60158,0,0,3950.35,0.59,0.980224,1.1125,0.98018
0.9,100,1,vfl_bc,2,R2 binary,R,-0.362148,-15675.5,0.373385,0.366221,0.0729762,0.0402824,9.26918,8.36191,10.4473,0.363173,0.383325,0,0,16161.9,0.48,1.01931,1.26655,1.03103
0.9,100,1,vfl_bc,3,R3 income ($),R,0.241432,0.168846,0.249167,-0.235457,0.0817178,0.0369654,6.74055,6.15695,7.543,0.23843,0.260357,0.18,0.18,0.174255,0.485,1.00892,1.38514,1.03204
0.9,100,1,vfl_bc,4,R4 count,R,0.120716,1758.88,0.136788,-0.113732,0.0761895,0.0400191,3.41806,2.99896,3.94876,0.126707,0.146443,0.71,0.705,1993.04,0.555,0.914389,1.76866,1.13313
0.9,100,1,vfl_bc,5,O1 income ($),O,0.482865,0.336309,0.47377,-0.466886,0.0806716,0.0415531,11.4016,10.4374,12.5975,0.462445,0.486019,0,0,0.329975,0.63,0.956713,1.17238,0.981166
0.9,100,1,vfl_bc,6,O2 age (yr),O,-0.30179,-337.216,0.300999,0.292684,0.0704355,0.0336572,8.94308,8.09065,9.94518,0.291409,0.309616,0.035,0.035,336.332,0.535,0.97908,1.26252,0.997378
0.9,100,1,vfl_bc,7,O3 binary,O,0.181074,7841.96,0.189716,-0.174374,0.0749249,0.0365227,5.19446,4.66112,5.84467,0.179834,0.199685,0.47,0.47,8216.2,0.54,0.962894,1.48986,1.04772
0.9,100,1,vfl_bc,8,O4 count,O,0.0603581,881.06,0.0996754,-0.0588971,0.0806152,0.0380248,2.62132,2.33362,2.96568,0.0899621,0.109266,0.915,0.91,1454.98,0.495,,,
0.9,100,1,vfl_bc,9,O5 score,O,-0.120716,-805.341,0.140086,0.120872,0.070987,0.0337385,4.15209,3.69065,4.70797,0.131093,0.148501,0.73,0.73,934.562,0.49,1.00174,1.8075,1.16045
0.9,100,1,vfl_bc,10,O6 assets ($),O,0.362148,0.252222,0.36685,-0.356582,0.0864023,0.0400707,9.15506,8.19179,10.3374,0.355531,0.378572,0.01,0.01,0.255496,0.54,0.982504,1.30206,1.01298
0.9,100,1,vfl_uncorrected,0,intercept,R,0,,0.0780773,-0.00108296,0.0782657,0.0323141,2.4162,2.11808,2.77175,0.0708409,0.085713,0.965,0.965,,,,,
0.9,100,1,vfl_uncorrected,1,R1 score,R,0.603581,4030.22,0.591255,-0.586775,0.0728272,0.0358568,16.4893,14.8908,18.695,0.581674,0.601662,0,0,3947.92,0.59,0.978902,1.11514,0.979579
0.9,100,1,vfl_uncorrected,2,R2 binary,R,-0.362148,-15675.5,0.37428,0.36645,0.0763497,0.0402824,9.2914,8.37648,10.4731,0.363696,0.384648,0,0,16200.7,0.475,1.01952,1.28083,1.0335
0.9,100,1,vfl_uncorrected,3,R3 income ($),R,0.241432,0.168846,0.249996,-0.235037,0.085395,0.0369654,6.76298,6.16814,7.57243,0.238887,0.261635,0.195,0.185,0.174835,0.485,1.01113,1.39194,1.03547
0.9,100,1,vfl_uncorrected,4,R4 count,R,0.120716,1758.88,0.138464,-0.113495,0.0795159,0.0400191,3.45994,3.0315,3.9998,0.128042,0.148385,0.7,0.7,2017.47,0.555,0.908816,1.797,1.14702
0.9,100,1,vfl_uncorrected,5,O1 income ($),O,0.482865,0.336309,0.473577,-0.465456,0.0875486,0.0415531,11.3969,10.4347,12.5972,0.461402,0.486769,0,0,0.32984,0.63,0.952389,1.18491,0.980767
0.9,100,1,vfl_uncorrected,6,O2 age (yr),O,-0.30179,-337.216,0.301888,0.29212,0.0763651,0.0336572,8.9695,8.10519,9.97518,0.291553,0.311188,0.05,0.055,337.325,0.54,0.976397,1.2833,1.00032
0.9,100,1,vfl_uncorrected,7,O3 binary,O,0.181074,7841.96,0.192018,-0.174075,0.0812508,0.0365227,5.2575,4.71036,5.91813,0.181498,0.202699,0.475,0.475,8315.9,0.535,0.948017,1.52721,1.06044
0.9,100,1,vfl_uncorrected,8,O4 count,O,0.0603581,881.06,0.105293,-0.0588055,0.087561,0.0380248,2.76907,2.46232,3.13476,0.0950219,0.115664,0.885,0.885,1536.99,0.49,,,
0.9,100,1,vfl_uncorrected,9,O5 score,O,-0.120716,-805.341,0.142814,0.120521,0.0768119,0.0337385,4.23295,3.75827,4.80519,0.133216,0.151913,0.72,0.72,952.762,0.495,1.00849,1.8709,1.18305
0.9,100,1,vfl_uncorrected,10,O6 assets ($),O,0.362148,0.252222,0.368076,-0.356011,0.0937001,0.0400707,9.18565,8.211,10.3894,0.355817,0.380709,0.02,0.02,0.25635,0.535,0.973304,1.32688,1.01637
0.9,100,2,vfl_bc,0,intercept,R,0,,0.0722127,0.00171336,0.0723735,0.0323141,2.23471,1.92559,2.62155,0.0645466,0.080388,0.975,0.975,,,,,
0.9,100,2,vfl_bc,1,R1 score,R,0.603581,4030.22,0.582001,-0.576405,0.0807168,0.0358568,16.2313,14.5964,18.4095,0.570715,0.59386,0,0,3886.13,0.64,0.955809,1.12367,0.964247
0.9,100,2,vfl_bc,2,R2 binary,R,-0.362148,-15675.5,0.363027,0.35563,0.0730914,0.0402824,9.01204,8.16929,10.1075,0.352767,0.373212,0,0,15713.6,0.49,1.00504,1.23865,1.00243
0.9,100,2,vfl_bc,3,R3 income ($),R,0.241432,0.168846,0.247902,-0.234957,0.0792597,0.0369654,6.70634,6.09044,7.5481,0.236986,0.258344,0.17,0.165,0.173371,0.51,0.997351,1.39655,1.0268
0.9,100,2,vfl_bc,4,R4 count,R,0.120716,1758.88,0.139473,-0.11811,0.0743666,0.0400191,3.48516,3.08727,4.01495,0.129844,0.148712,0.665,0.665,2032.17,0.53,0.954982,1.75107,1.15538
0.9,100,2,vfl_bc,5,O1 income ($),O,0.482865,0.336309,0.475566,-0.469659,0.0749127,0.0415531,11.4448,10.4492,12.6866,0.465197,0.486111,0,0,0.331225,0.58,0.970829,1.14501,0.984885
0.9,100,2,vfl_bc,6,O2 age (yr),O,-0.30179,-337.216,0.305567,0.295753,0.0770116,0.0336572,9.0788,8.12127,10.1428,0.295253,0.315714,0.05,0.05,341.436,0.545,0.976162,1.30696,1.01251
0.9,100,2,vfl_bc,7,O3 binary,O,0.181074,7841.96,0.185863,-0.170955,0.0731161,0.0365227,5.08896,4.57778,5.7049,0.176215,0.196042,0.46,0.46,8049.33,0.58,0.938378,1.42215,1.02644
0.9,100,2,vfl_bc,8,O4 count,O,0.0603581,881.06,0.097206,-0.0667071,0.0708822,0.0380248,2.55638,2.24481,2.92767,0.088155,0.106411,0.895,0.89,1418.94,0.47,,,
0.9,100,2,vfl_bc,9,O5 score,O,-0.120716,-805.341,0.134294,0.114124,0.070963,0.0337385,3.98043,3.49862,4.55115,0.124352,0.144212,0.755,0.755,895.922,0.515,0.985682,1.71711,1.11248
0.9,100,2,vfl_bc,10,O6 assets ($),O,0.362148,0.252222,0.366281,-0.357713,0.078956,0.0400707,9.14086,8.22286,10.2919,0.355599,0.376769,0.005,0.005,0.2551,0.5,1.00235,1.24052,1.01141
0.9,100,2,vfl_uncorrected,0,intercept,R,0,,0.0754886,0.00176946,0.0756572,0.0323141,2.33609,2.01323,2.73857,0.0674088,0.0839397,0.975,0.975,,,,,
0.9,100,2,vfl_uncorrected,1,R1 score,R,0.603581,4030.22,0.581405,-0.575294,0.0842891,0.0358568,16.2146,14.5804,18.3982,0.569567,0.593874,0,0,3882.15,0.635,0.952706,1.12914,0.96326
0.9,100,2,vfl_uncorrected,2,R2 binary,R,-0.362148,-15675.5,0.363494,0.355412,0.0764181,0.0402824,9.02364,8.18231,10.1159,0.352714,0.374125,0,0,15733.8,0.49,1.00362,1.24673,1.00372
0.9,100,2,vfl_uncorrected,3,R3 income ($),R,0.241432,0.168846,0.248807,-0.234675,0.0828658,0.0369654,6.73082,6.10864,7.57894,0.23755,0.25978,0.18,0.18,0.174004,0.51,0.994344,1.41171,1.03055
0.9,100,2,vfl_uncorrected,4,R4 count,R,0.120716,1758.88,0.141292,-0.118149,0.0776803,0.0400191,3.53061,3.11997,4.0721,0.13124,0.15098,0.665,0.665,2058.67,0.535,0.957419,1.79801,1.17044
0.9,100,2,vfl_uncorrected,5,O1 income ($),O,0.482865,0.336309,0.475271,-0.46832,0.0811904,0.0415531,11.4377,10.4299,12.683,0.464097,0.486695,0.005,0.005,0.33102,0.585,0.969324,1.15929,0.984273
0.9,100,2,vfl_uncorrected,6,O2 age (yr),O,-0.30179,-337.216,0.307044,0.295518,0.0835474,0.0336572,9.12269,8.14577,10.2097,0.295889,0.318011,0.065,0.065,343.087,0.54,0.974417,1.33995,1.01741
0.9,100,2,vfl_uncorrected,7,O3 binary,O,0.181074,7841.96,0.187603,-0.170156,0.0792038,0.0365227,5.13662,4.60861,5.76978,0.177095,0.198603,0.47,0.47,8124.7,0.585,0.9311,1.44355,1.03606
0.9,100,2,vfl_uncorrected,8,O4 count,O,0.0603581,881.06,0.101809,-0.067103,0.0767569,0.0380248,2.67742,2.34373,3.06749,0.0919617,0.111759,0.89,0.89,1486.12,0.47,,,
0.9,100,2,vfl_uncorrected,9,O5 score,O,-0.120716,-805.341,0.137191,0.113732,0.0769152,0.0337385,4.0663,3.56294,4.66382,0.126335,0.14809,0.745,0.745,915.251,0.515,0.98038,1.75787,1.13648
0.9,100,2,vfl_uncorrected,10,O6 assets ($),O,0.362148,0.252222,0.367302,-0.357274,0.0854556,0.0400707,9.16634,8.24832,10.3343,0.355775,0.37862,0.025,0.02,0.255811,0.495,1.00395,1.26138,1.01423
0.9,100,4,vfl_bc,0,intercept,R,0,,0.0695618,-0.000137168,0.0697363,0.0323141,2.15267,1.8589,2.50987,0.063097,0.0763273,0.97,0.97,,,,,
0.9,100,4,vfl_bc,1,R1 score,R,0.603581,4030.22,0.572142,-0.566243,0.0821458,0.0358568,15.9563,14.4004,17.9998,0.560727,0.583911,0,0,3820.3,0.65,0.93833,1.11088,0.947912
0.9,100,4,vfl_bc,2,R2 binary,R,-0.362148,-15675.5,0.360061,0.353098,0.0706474,0.0402824,8.93842,8.07583,10.0825,0.350009,0.369935,0.005,0.005,15585.2,0.535,0.980731,1.22011,0.994237
0.9,100,4,vfl_bc,3,R3 income ($),R,0.241432,0.168846,0.232703,-0.21978,0.0766605,0.0369654,6.29517,5.70086,7.04009,0.22266,0.242624,0.19,0.185,0.162741,0.62,0.926797,1.3284,0.963845
0.9,100,4,vfl_bc,4,R4 count,R,0.120716,1758.88,0.131559,-0.107725,0.0757094,0.0400191,3.28742,2.90691,3.77483,0.122379,0.140554,0.73,0.725,1916.87,0.55,0.92363,1.75953,1.08983
0.9,100,4,vfl_bc,5,O1 income ($),O,0.482865,0.336309,0.469214,-0.463732,0.0716928,0.0415531,11.2919,10.2891,12.5022,0.45915,0.47915,0,0,0.326801,0.63,0.963204,1.16449,0.97173
0.9,100,4,vfl_bc,6,O2 age (yr),O,-0.30179,-337.216,0.309968,0.300391,0.076647,0.0336572,9.20955,8.33585,10.3188,0.300023,0.320411,0.04,0.04,346.353,0.54,0.968886,1.32537,1.0271
0.9,100,4,vfl_bc,7,O3 binary,O,0.181074,7841.96,0.186677,-0.173283,0.0696091,0.0365227,5.11125,4.61934,5.71147,0.17753,0.196371,0.45,0.45,8084.58,0.57,0.923483,1.47478,1.03094
0.9,100,4,vfl_bc,8,O4 count,O,0.0603581,881.06,0.0936142,-0.0567732,0.0746208,0.0380248,2.46192,2.1393,2.84694,0.0848633,0.102698,0.91,0.905,1366.51,0.5,,,
0.9,100,4,vfl_bc,9,O5 score,O,-0.120716,-805.341,0.14091,0.118966,0.0757074,0.0337385,4.17654,3.71454,4.77039,0.131002,0.150634,0.69,0.69,940.065,0.495,1.02215,1.83853,1.16729
0.9,100,4,vfl_bc,10,O6 assets ($),O,0.362148,0.252222,0.35181,-0.342629,0.0800499,0.0400707,8.77974,7.85128,9.89134,0.340837,0.361981,0.025,0.025,0.245022,0.605,0.960713,1.2252,0.971454
0.9,100,4,vfl_uncorrected,0,intercept,R,0,,0.0724454,-0.00019436,0.0726269,0.0323141,2.24191,1.93552,2.6177,0.065676,0.0794232,0.97,0.97,,,,,
0.9,100,4,vfl_uncorrected,1,R1 score,R,0.603581,4030.22,0.571247,-0.564826,0.0856267,0.0358568,15.9313,14.3807,17.9698,0.559336,0.58351,0,0,3814.32,0.655,0.938333,1.11888,0.94643
0.9,100,4,vfl_uncorrected,2,R2 binary,R,-0.362148,-15675.5,0.360312,0.352752,0.0736081,0.0402824,8.94464,8.08473,10.0958,0.349793,0.370544,0.005,0.005,15596.1,0.54,0.981639,1.23102,0.994929
0.9,100,4,vfl_uncorrected,3,R3 income ($),R,0.241432,0.168846,0.233094,-0.21894,0.0801885,0.0369654,6.30573,5.70214,7.06077,0.222685,0.243438,0.21,0.19,0.163014,0.615,0.927499,1.34557,0.965462
0.9,100,4,vfl_uncorrected,4,R4 count,R,0.120716,1758.88,0.133021,-0.107237,0.0789038,0.0400191,3.32393,2.93832,3.81585,0.123465,0.142383,0.725,0.715,1938.16,0.55,0.923797,1.79123,1.10193
0.9,100,4,vfl_uncorrected,5,O1 income ($),O,0.482865,0.336309,0.468628,-0.462233,0.0773503,0.0415531,11.2778,10.2587,12.5002,0.457702,0.479382,0,0,0.326393,0.62,0.957078,1.17856,0.970517
0.9,100,4,vfl_uncorrected,6,O2 age (yr),O,-0.30179,-337.216,0.311381,0.300262,0.0826758,0.0336572,9.25154,8.36656,10.3739,0.300623,0.322567,0.055,0.055,347.932,0.54,0.966973,1.35852,1.03178
0.9,100,4,vfl_uncorrected,7,O3 binary,O,0.181074,7841.96,0.188239,-0.172704,0.0750695,0.0365227,5.15403,4.65041,5.76869,0.178467,0.198664,0.47,0.475,8152.25,0.575,0.916937,1.51496,1.03957
0.9,100,4,vfl_uncorrected,8,O4 count,O,0.0603581,881.06,0.0982534,-0.0565633,0.0805404,0.0380248,2.58393,2.24615,2.98805,0.0889552,0.107975,0.9,0.9,1434.23,0.5,,,
0.9,100,4,vfl_uncorrected,9,O5 score,O,-0.120716,-805.341,0.143964,0.118707,0.0816555,0.0337385,4.26705,3.78755,4.88183,0.133393,0.154589,0.68,0.68,960.435,0.495,1.00793,1.89819,1.19258
0.9,100,4,vfl_uncorrected,10,O6 assets ($),O,0.362148,0.252222,0.351826,-0.341106,0.0864043,0.0400707,8.78013,7.84413,9.87943,0.340231,0.362733,0.035,0.035,0.245033,0.6,0.956951,1.24578,0.971497
0.9,100,8,vfl_bc,0,intercept,R,0,,0.0774297,0.000305001,0.0776234,0.0323141,2.39615,2.06436,2.7993,0.0693723,0.0854465,0.95,0.95,,,,,
0.9,100,8,vfl_bc,1,R1 score,R,0.603581,4030.22,0.539712,-0.534899,0.0720952,0.0358568,15.0519,13.517,17.0087,0.529582,0.550403,0,0,3603.76,0.82,0.884285,1.03287,0.894183
0.9,100,8,vfl_bc,2,R2 binary,R,-0.362148,-15675.5,0.3403,0.331934,0.0751801,0.0402824,8.44784,7.63768,9.52369,0.329456,0.350477,0.015,0.015,14729.8,0.69,0.905858,1.16103,0.939669
0.9,100,8,vfl_bc,3,R3 income ($),R,0.241432,0.168846,0.219508,-0.206417,0.0748594,0.0369654,5.93821,5.39936,6.63696,0.209411,0.229701,0.22,0.205,0.153513,0.665,0.866852,1.25776,0.909191
0.9,100,8,vfl_bc,4,R4 count,R,0.120716,1758.88,0.105198,-0.0833613,0.0643292,0.0400191,2.6287,2.33023,3.02353,0.0969769,0.113073,0.85,0.84,1532.77,0.715,0.750553,1.38487,0.871451
0.9,100,8,vfl_bc,5,O1 income ($),O,0.482865,0.336309,0.442787,-0.435494,0.0802361,0.0415531,10.6559,9.72131,11.7927,0.431345,0.453769,0,0,0.308395,0.745,0.894405,1.12236,0.917
0.9,100,8,vfl_bc,6,O2 age (yr),O,-0.30179,-337.216,0.292784,0.282885,0.0756775,0.0336572,8.699,7.86025,9.71117,0.282383,0.303701,0.04,0.05,327.152,0.605,0.933781,1.26438,0.970157
0.9,100,8,vfl_bc,7,O3 binary,O,0.181074,7841.96,0.17454,-0.153619,0.0830651,0.0365227,4.77895,4.29089,5.34126,0.163827,0.185219,0.51,0.515,7558.97,0.63,0.844078,1.44697,0.963914
0.9,100,8,vfl_bc,8,O4 count,O,0.0603581,881.06,0.0901858,-0.049677,0.0754596,0.0380248,2.37176,2.08739,2.72093,0.0828078,0.0977441,0.935,0.935,1316.46,0.52,,,
0.9,100,8,vfl_bc,9,O5 score,O,-0.120716,-805.341,0.144791,0.121552,0.0788702,0.0337385,4.29155,3.82572,4.86233,0.13401,0.15496,0.67,0.67,965.951,0.475,1.0361,1.82658,1.19943
0.9,100,8,vfl_bc,10,O6 assets ($),O,0.362148,0.252222,0.33505,-0.327577,0.0705448,0.0400707,8.36147,7.49258,9.36393,0.324701,0.344732,0.005,0.005,0.233349,0.71,0.897228,1.16296,0.925174
0.9,100,8,vfl_uncorrected,0,intercept,R,0,,0.080625,0.000274154,0.0808269,0.0323141,2.49504,2.14851,2.91442,0.0723493,0.0890493,0.935,0.93,,,,,
0.9,100,8,vfl_uncorrected,1,R1 score,R,0.603581,4030.22,0.537595,-0.532358,0.075042,0.0358568,14.9928,13.4665,16.947,0.527113,0.548683,0,0,3589.62,0.825,0.883701,1.03271,0.890676
0.9,100,8,vfl_uncorrected,2,R2 binary,R,-0.362148,-15675.5,0.339744,0.330616,0.0784199,0.0402824,8.43405,7.62337,9.51392,0.328404,0.350355,0.02,0.02,14705.8,0.685,0.89824,1.17286,0.938135
0.9,100,8,vfl_uncorrected,3,R3 income ($),R,0.241432,0.168846,0.21942,-0.205147,0.0780414,0.0369654,5.93584,5.3943,6.63111,0.208915,0.229982,0.235,0.215,0.153452,0.66,0.865089,1.25754,0.908828
0.9,100,8,vfl_uncorrected,4,R4 count,R,0.120716,1758.88,0.105906,-0.0821215,0.0670421,0.0400191,2.64639,2.34166,3.04454,0.0974467,0.114014,0.84,0.84,1543.09,0.715,0.740035,1.39622,0.877315
0.9,100,8,vfl_uncorrected,5,O1 income ($),O,0.482865,0.336309,0.44094,-0.432407,0.0865415,0.0415531,10.6115,9.6742,11.7485,0.42856,0.452756,0,0,0.307108,0.74,0.887974,1.13217,0.913174
0.9,100,8,vfl_uncorrected,6,O2 age (yr),O,-0.30179,-337.216,0.292658,0.281184,0.0813501,0.0336572,8.69527,7.85316,9.72412,0.28143,0.304442,0.065,0.075,327.012,0.61,0.928141,1.27866,0.969741
0.9,100,8,vfl_uncorrected,7,O3 binary,O,0.181074,7841.96,0.176032,-0.151732,0.089469,0.0365227,4.81979,4.31623,5.39451,0.164538,0.187446,0.515,0.52,7623.58,0.63,0.834,1.47969,0.972153
0.9,100,8,vfl_uncorrected,8,O4 count,O,0.0603581,881.06,0.0947217,-0.048953,0.0812949,0.0380248,2.49105,2.19021,2.85136,0.0868771,0.102929,0.925,0.925,1382.67,0.52,,,
0.9,100,8,vfl_uncorrected,9,O5 score,O,-0.120716,-805.341,0.148151,0.121413,0.0851119,0.0337385,4.39116,3.9131,4.98009,0.136347,0.159109,0.655,0.655,988.372,0.47,1.03344,1.88008,1.22727
0.9,100,8,vfl_uncorrected,10,O6 assets ($),O,0.362148,0.252222,0.333933,-0.325218,0.0759823,0.0400707,8.33359,7.469,9.3229,0.322877,0.344279,0.01,0.01,0.232571,0.7,0.891166,1.1746,0.922089
0.9,250,,ols,0,intercept,R,0,,0.0196541,-0.000745957,0.0196892,0.0196892,0.998216,0.9975,1.01214,0.0174786,0.0216948,0.95,0.95,,,,,
0.9,250,,ols,1,R1 score,R,0.603581,4030.22,0.0214456,-0.00436717,0.0210489,0.0210489,1.01885,0.999849,1.06027,0.0194472,0.0235451,0.925,0.95,143.196,1,0.0235464,0.0626953,0.0355306
0.9,250,,ols,2,R2 binary,R,-0.362148,-15675.5,0.0199054,0.000727414,0.019942,0.019942,0.998164,0.9975,1.01246,0.0178463,0.0218731,0.96,0.965,861.601,1,0.0379198,0.0862819,0.0549647
0.9,250,,ols,3,R3 income ($),R,0.241432,0.168846,0.0253017,0.00397991,0.0250495,0.0250495,1.01007,0.997821,1.04212,0.0229131,0.0277278,0.91,0.915,0.0176948,1,0.0649752,0.169452,0.104798
0.9,250,,ols,4,R4 count,R,0.120716,1758.88,0.0228663,0.00356836,0.0226428,0.0226428,1.00987,0.997905,1.04317,0.020693,0.0250184,0.95,0.95,333.17,1,0.121863,0.323572,0.189422
0.9,250,,ols,5,O1 income ($),O,0.482865,0.336309,0.0222723,-0.0053649,0.0216708,0.0216708,1.02776,1.00324,1.06843,0.0199382,0.0245234,0.95,0.955,0.0155124,1,0.03104,0.0733086,0.0461254
0.9,250,,ols,6,O2 age (yr),O,-0.30179,-337.216,0.0196837,0.00111843,0.0197013,0.0197013,0.999111,0.997504,1.01599,0.0175505,0.021883,0.97,0.97,21.9943,1,0.0502131,0.10266,0.0652232
0.9,250,,ols,7,O3 binary,O,0.181074,7841.96,0.0210166,0.00199636,0.0209741,0.0209741,1.00203,0.997511,1.02474,0.0190275,0.0229963,0.965,0.965,910.188,1,0.0779637,0.185829,0.116066
0.9,250,,ols,8,O4 count,O,0.0603581,881.06,0.0215321,-0.000856321,0.021569,0.021569,0.998287,0.997501,1.01405,0.019746,0.0232727,0.96,0.965,314.308,1,,,
0.9,250,,ols,9,O5 score,O,-0.120716,-805.341,0.0232184,0.000674821,0.0232668,0.0232668,0.997918,0.997499,1.0114,0.0208117,0.025968,0.95,0.95,154.898,1,0.130142,0.305498,0.192338
0.9,250,,ols,10,O6 assets ($),O,0.362148,0.252222,0.0226621,0.000938578,0.0226995,0.0226995,0.998353,0.997502,1.01474,0.0203291,0.025023,0.94,0.935,0.0157832,1,0.0374218,0.107073,0.0625769
0.9,250,,ols_unclipped,0,intercept,R,0,,0.0193889,-0.0013181,0.0193926,0.0196892,0.984747,0.960064,1.01493,0.0172765,0.021461,,,,,,,
0.9,250,,ols_unclipped,1,R1 score,R,0.603581,4030.22,0.0206925,-0.00157262,0.0206844,0.0210489,0.983068,0.943234,1.02985,0.0186214,0.022782,,,138.168,1,0.0230462,0.0610318,0.0342829
0.9,250,,ols_unclipped,2,R2 binary,R,-0.362148,-15675.5,0.019834,-2.75925e-05,0.0198837,0.019942,0.994583,0.969637,1.02919,0.0177956,0.0217474,,,858.51,1,0.0392782,0.0879118,0.0547675
0.9,250,,ols_unclipped,3,R3 income ($),R,0.241432,0.168846,0.0223641,0.000330535,0.0224178,0.0250495,0.892797,0.850261,0.943673,0.0200734,0.0246263,,,0.0156404,1,0.05691,0.153385,0.0926309
0.9,250,,ols_unclipped,4,R4 count,R,0.120716,1758.88,0.0214936,0.00223248,0.0214309,0.0226428,0.949243,0.915058,0.992957,0.0193354,0.0236226,,,313.169,1,0.11283,0.274857,0.17805
0.9,250,,ols_unclipped,5,O1 income ($),O,0.482865,0.336309,0.0210237,0.000281894,0.0210746,0.0216708,0.970142,0.909717,1.036,0.019037,0.0230024,,,0.0146427,1,0.030046,0.0693145,0.0435396
0.9,250,,ols_unclipped,6,O2 age (yr),O,-0.30179,-337.216,0.0196627,-0.00025066,0.0197105,0.0197013,0.998044,0.973815,1.02771,0.0175703,0.0218219,,,21.9708,1,0.048182,0.0999497,0.0651536
0.9,250,,ols_unclipped,7,O3 binary,O,0.181074,7841.96,0.0210082,0.0023729,0.0209261,0.0209741,1.00162,0.98409,1.02973,0.0190683,0.0229194,,,909.822,1,0.0834043,0.184965,0.11602
0.9,250,,ols_unclipped,8,O4 count,O,0.0603581,881.06,0.0211109,-0.0010038,0.0211399,0.021569,0.978761,0.953353,1.00898,0.0193989,0.0228115,,,308.161,1,,,
0.9,250,,ols_unclipped,9,O5 score,O,-0.120716,-805.341,0.0227436,0.000412935,0.0227969,0.0232668,0.977514,0.956283,1.00181,0.0203319,0.0254132,,,151.731,1,0.12374,0.290667,0.188406
0.9,250,,ols_unclipped,10,O6 assets ($),O,0.362148,0.252222,0.021102,0.000622814,0.0211457,0.0226995,0.929623,0.872096,0.98343,0.0187769,0.0235296,,,0.0146967,1,0.0347293,0.101477,0.0582688
0.9,250,0.5,vfl_bc,0,intercept,R,0,,0.0721787,0.00827052,0.0718833,0.0196892,3.66591,3.17744,4.2912,0.0650936,0.0792952,0.97,0.97,,,,,
0.9,250,0.5,vfl_bc,1,R1 score,R,0.603581,4030.22,0.584848,-0.580004,0.0753037,0.0210489,27.7852,25.2185,30.9348,0.574348,0.594644,0,0,3905.14,0.605,0.962739,1.10828,0.968963
0.9,250,0.5,vfl_bc,2,R2 binary,R,-0.362148,-15675.5,0.360082,0.352459,0.0738868,0.019942,18.0565,16.3489,20.3272,0.350056,0.370471,0.005,0.005,15586.1,0.545,0.975545,1.22574,0.994295
0.9,250,0.5,vfl_bc,3,R3 income ($),R,0.241432,0.168846,0.246153,-0.234486,0.0750734,0.0250495,9.82668,8.95258,10.9263,0.236453,0.255819,0.165,0.15,0.172148,0.515,0.976456,1.39492,1.01955
0.9,250,0.5,vfl_bc,4,R4 count,R,0.120716,1758.88,0.139349,-0.119138,0.0724612,0.0226428,6.15424,5.48241,6.93381,0.130262,0.148659,0.7,0.7,2030.37,0.48,1.02253,1.74213,1.15436
0.9,250,0.5,vfl_bc,5,O1 income ($),O,0.482865,0.336309,0.47946,-0.472726,0.0802769,0.0216708,22.1247,20.2196,24.6525,0.46806,0.490711,0,0,0.333937,0.535,0.984529,1.19336,0.992949
0.9,250,0.5,vfl_bc,6,O2 age (yr),O,-0.30179,-337.216,0.312005,0.301218,0.0815374,0.0197013,15.8368,14.3065,17.7297,0.300651,0.323232,0.065,0.065,348.63,0.54,0.982967,1.32706,1.03385
0.9,250,0.5,vfl_bc,7,O3 binary,O,0.181074,7841.96,0.190454,-0.172276,0.0814054,0.0209741,9.08042,8.26193,10.1125,0.180372,0.200323,0.445,0.455,8248.17,0.525,0.973905,1.519,1.0518
0.9,250,0.5,vfl_bc,8,O4 count,O,0.0603581,881.06,0.0924809,-0.0513292,0.0771218,0.021569,4.28767,3.81155,4.86486,0.083905,0.101061,0.91,0.91,1349.96,0.55,,,
0.9,250,0.5,vfl_bc,9,O5 score,O,-0.120716,-805.341,0.136465,0.11335,0.0761805,0.0232668,5.86524,5.13425,6.72871,0.126136,0.146311,0.74,0.74,910.409,0.55,0.906116,1.68544,1.13046
0.9,250,0.5,vfl_bc,10,O6 assets ($),O,0.362148,0.252222,0.352344,-0.344381,0.07467,0.0226995,15.5221,14.0497,17.3706,0.342053,0.362174,0.015,0.015,0.245393,0.605,0.952521,1.19944,0.972926
0.9,250,0.5,vfl_uncorrected,0,intercept,R,0,,0.0755754,0.00873954,0.0752567,0.0196892,3.83842,3.32441,4.49491,0.0681473,0.0830645,0.955,0.955,,,,,
0.9,250,0.5,vfl_uncorrected,1,R1 score,R,0.603581,4030.22,0.584356,-0.579067,0.0786394,0.0210489,27.7618,25.188,30.9147,0.573363,0.594613,0,0,3901.86,0.61,0.962083,1.11076,0.968149
0.9,250,0.5,vfl_uncorrected,2,R2 binary,R,-0.362148,-15675.5,0.360097,0.351782,0.0771286,0.019942,18.0572,16.3365,20.3388,0.349693,0.370911,0.005,0.005,15586.7,0.555,0.972222,1.23208,0.994334
0.9,250,0.5,vfl_uncorrected,3,R3 income ($),R,0.241432,0.168846,0.247111,-0.234388,0.0784653,0.0250495,9.86493,8.98476,10.9709,0.236938,0.257139,0.165,0.165,0.172818,0.515,0.978518,1.41088,1.02352
0.9,250,0.5,vfl_uncorrected,4,R4 count,R,0.120716,1758.88,0.141077,-0.119109,0.0757921,0.0226428,6.23054,5.54125,7.03067,0.13162,0.150747,0.7,0.69,2055.55,0.485,1.02232,1.782,1.16867
0.9,250,0.5,vfl_uncorrected,5,O1 income ($),O,0.482865,0.336309,0.479815,-0.471909,0.0869595,0.0216708,22.1411,20.2138,24.6656,0.467475,0.491995,0,0,0.334184,0.535,0.982081,1.21064,0.993683
0.9,250,0.5,vfl_uncorrected,6,O2 age (yr),O,-0.30179,-337.216,0.313758,0.301175,0.0881837,0.0197013,15.9258,14.3747,17.8309,0.301537,0.325825,0.065,0.07,350.589,0.54,0.982763,1.35524,1.03966
0.9,250,0.5,vfl_uncorrected,7,O3 binary,O,0.181074,7841.96,0.193018,-0.171821,0.0881619,0.0209741,9.2027,8.36768,10.2563,0.182352,0.203503,0.445,0.445,8359.23,0.52,0.972649,1.56058,1.06596
0.9,250,0.5,vfl_uncorrected,8,O4 count,O,0.0603581,881.06,0.0974153,-0.0505769,0.0834658,0.021569,4.51645,4.00803,5.12894,0.0882454,0.106528,0.9,0.895,1421.99,0.545,,,
0.9,250,0.5,vfl_uncorrected,9,O5 score,O,-0.120716,-805.341,0.139638,0.112753,0.0825824,0.0232668,6.00162,5.24128,6.89147,0.128438,0.150276,0.72,0.72,931.579,0.56,0.887479,1.74458,1.15675
0.9,250,0.5,vfl_uncorrected,10,O6 assets ($),O,0.362148,0.252222,0.352177,-0.342785,0.0809951,0.0226995,15.5148,14.0281,17.3654,0.34098,0.362701,0.025,0.025,0.245277,0.6,0.949767,1.21711,0.972467
0.9,250,1,vfl_bc,0,intercept,R,0,,0.0770706,0.000340822,0.0772633,0.0196892,3.91436,3.43442,4.50761,0.0698019,0.0842294,0.955,0.955,,,,,
0.9,250,1,vfl_bc,1,R1 score,R,0.603581,4030.22,0.572767,-0.567779,0.0756164,0.0210489,27.2112,24.7304,30.336,0.562318,0.583285,0,0,3824.47,0.69,0.942927,1.09902,0.948948
0.9,250,1,vfl_bc,2,R2 binary,R,-0.362148,-15675.5,0.353439,0.345586,0.0742759,0.019942,17.7234,16.1144,19.8954,0.343142,0.363109,0.01,0.01,15298.6,0.6,0.950035,1.23049,0.975951
0.9,250,1,vfl_bc,3,R3 income ($),R,0.241432,0.168846,0.247837,-0.236968,0.0727701,0.0250495,9.89389,8.96937,11.0332,0.238275,0.256791,0.125,0.115,0.173325,0.49,1.00492,1.34857,1.02653
0.9,250,1,vfl_bc,4,R4 count,R,0.120716,1758.88,0.132927,-0.108423,0.0770949,0.0226428,5.87059,5.23342,6.67623,0.123359,0.142206,0.71,0.71,1936.79,0.585,0.898878,1.71708,1.10115
0.9,250,1,vfl_bc,5,O1 income ($),O,0.482865,0.336309,0.460395,-0.453568,0.0791884,0.0216708,21.245,19.4653,23.6086,0.449432,0.471454,0,0,0.320659,0.675,0.943863,1.16837,0.953466
0.9,250,1,vfl_bc,6,O2 age (yr),O,-0.30179,-337.216,0.308562,0.30011,0.0719051,0.0197013,15.662,14.0921,17.6401,0.298632,0.318903,0.02,0.03,344.782,0.515,0.992326,1.32269,1.02244
0.9,250,1,vfl_bc,7,O3 binary,O,0.181074,7841.96,0.178367,-0.166235,0.0648207,0.0209741,8.50413,7.68036,9.52464,0.169044,0.186756,0.46,0.46,7724.7,0.62,0.89341,1.37176,0.985048
0.9,250,1,vfl_bc,8,O4 count,O,0.0603581,881.06,0.0899854,-0.058483,0.068561,0.021569,4.17198,3.67794,4.76019,0.0819193,0.0979673,0.945,0.94,1313.54,0.495,,,
0.9,250,1,vfl_bc,9,O5 score,O,-0.120716,-805.341,0.139012,0.119474,0.0712424,0.0232668,5.97468,5.24748,6.8047,0.129887,0.147287,0.69,0.69,927.396,0.525,0.960114,1.69726,1.15156
0.9,250,1,vfl_bc,10,O6 assets ($),O,0.362148,0.252222,0.350028,-0.342293,0.0733629,0.0226995,15.4201,13.8999,17.3794,0.340197,0.35991,0.02,0.02,0.243781,0.6,0.942858,1.23515,0.966533
0.9,250,1,vfl_uncorrected,0,intercept,R,0,,0.0803579,0.000254776,0.0805592,0.0196892,4.08132,3.5792,4.70409,0.0727197,0.0878433,0.94,0.945,,,,,
0.9,250,1,vfl_uncorrected,1,R1 score,R,0.603581,4030.22,0.571656,-0.566241,0.0786931,0.0210489,27.1584,24.6888,30.2781,0.560858,0.582587,0,0,3817.05,0.69,0.939476,1.10543,0.947107
0.9,250,1,vfl_uncorrected,2,R2 binary,R,-0.362148,-15675.5,0.353373,0.344775,0.0776714,0.019942,17.72,16.0991,19.895,0.342586,0.363543,0.015,0.015,15295.7,0.6,0.946436,1.24394,0.975768
0.9,250,1,vfl_uncorrected,3,R3 income ($),R,0.241432,0.168846,0.248701,-0.236871,0.0759829,0.0250495,9.92841,8.99355,11.0812,0.238749,0.258002,0.13,0.125,0.17393,0.49,1.0045,1.36298,1.03011
0.9,250,1,vfl_uncorrected,4,R4 count,R,0.120716,1758.88,0.134481,-0.107934,0.080421,0.0226428,5.93921,5.29083,6.76357,0.124598,0.144102,0.71,0.71,1959.43,0.58,0.895233,1.74829,1.11402
0.9,250,1,vfl_uncorrected,5,O1 income ($),O,0.482865,0.336309,0.459472,-0.451467,0.0856064,0.0216708,21.2024,19.4449,23.5516,0.447615,0.471573,0,0,0.320016,0.665,0.940356,1.18075,0.951554
0.9,250,1,vfl_uncorrected,6,O2 age (yr),O,-0.30179,-337.216,0.310007,0.300168,0.0776773,0.0197013,15.7354,14.1577,17.7345,0.299295,0.321161,0.045,0.045,346.397,0.525,0.990347,1.34986,1.02723
0.9,250,1,vfl_uncorrected,7,O3 binary,O,0.181074,7841.96,0.179449,-0.165273,0.0700818,0.0209741,8.55576,7.70726,9.59972,0.169528,0.188456,0.47,0.47,7771.59,0.615,0.886276,1.40902,0.991027
0.9,250,1,vfl_uncorrected,8,O4 count,O,0.0603581,881.06,0.0940423,-0.0583643,0.073925,0.021569,4.36007,3.84633,4.97385,0.0853846,0.102458,0.935,0.93,1372.76,0.5,,,
0.9,250,1,vfl_uncorrected,9,O5 score,O,-0.120716,-805.341,0.141715,0.119253,0.0767554,0.0232668,6.09089,5.33345,6.93419,0.131859,0.150495,0.68,0.68,945.434,0.525,0.960609,1.74875,1.17395
0.9,250,1,vfl_uncorrected,10,O6 assets ($),O,0.362148,0.252222,0.349956,-0.340858,0.0794792,0.0226995,15.4169,13.8776,17.3765,0.339323,0.36069,0.025,0.02,0.243731,0.595,0.934898,1.25657,0.966334
0.9,250,2,vfl_bc,0,intercept,R,0,,0.0789437,-0.00484494,0.0789926,0.0196892,4.0095,3.44367,4.67987,0.0702511,0.0873499,0.935,0.935,,,,,
0.9,250,2,vfl_bc,1,R1 score,R,0.603581,4030.22,0.554579,-0.549816,0.072711,0.0210489,26.3472,24.0943,29.186,0.544293,0.564611,0,0,3703.03,0.76,0.911473,1.059,0.918816
0.9,250,2,vfl_bc,2,R2 binary,R,-0.362148,-15675.5,0.351516,0.343572,0.0744957,0.019942,17.627,15.967,19.8349,0.340675,0.362453,0.005,0.005,15215.3,0.605,0.948561,1.22014,0.970642
0.9,250,2,vfl_bc,3,R3 income ($),R,0.241432,0.168846,0.223619,-0.211868,0.0717144,0.0250495,8.92709,8.09257,9.94053,0.213902,0.233361,0.19,0.175,0.156388,0.675,0.890506,1.25896,0.926218
0.9,250,2,vfl_bc,4,R4 count,R,0.120716,1758.88,0.121241,-0.0961469,0.0740444,0.0226428,5.3545,4.74803,6.12512,0.11207,0.129724,0.785,0.78,1766.53,0.6,0.843081,1.57626,1.00435
0.9,250,2,vfl_bc,5,O1 income ($),O,0.482865,0.336309,0.444184,-0.438157,0.0731081,0.0216708,20.4969,18.679,22.7814,0.434552,0.454112,0,0,0.309368,0.76,0.902019,1.13935,0.919893
0.9,250,2,vfl_bc,6,O2 age (yr),O,-0.30179,-337.216,0.293438,0.284224,0.0731416,0.0197013,14.8944,13.4051,16.7936,0.283761,0.30373,0.035,0.04,327.884,0.625,0.937683,1.27072,0.972325
0.9,250,2,vfl_bc,7,O3 binary,O,0.181074,7841.96,0.186306,-0.17158,0.0727787,0.0209741,8.88266,8.05455,9.95013,0.175848,0.196342,0.435,0.435,8068.53,0.58,0.896251,1.4439,1.02889
0.9,250,2,vfl_bc,8,O4 count,O,0.0603581,881.06,0.0895881,-0.0538036,0.0718122,0.021569,4.15356,3.67158,4.69638,0.0813632,0.0973891,0.93,0.93,1307.74,0.515,,,
0.9,250,2,vfl_bc,9,O5 score,O,-0.120716,-805.341,0.148689,0.128355,0.0752432,0.0232668,6.3906,5.61911,7.25921,0.139334,0.158365,0.655,0.655,991.956,0.42,1.1137,1.8701,1.23172
0.9,250,2,vfl_bc,10,O6 assets ($),O,0.362148,0.252222,0.340974,-0.332439,0.0760017,0.0226995,15.0212,13.51,16.8929,0.330403,0.351142,0.02,0.02,0.237475,0.66,0.891484,1.18346,0.941532
0.9,250,2,vfl_uncorrected,0,intercept,R,0,,0.0821455,-0.00492794,0.0822034,0.0196892,4.17212,3.58293,4.87553,0.0729986,0.090988,0.925,0.92,,,,,
0.9,250,2,vfl_uncorrected,1,R1 score,R,0.603581,4030.22,0.553097,-0.547918,0.0757037,0.0210489,26.2767,24.0231,29.1038,0.542312,0.563455,0,0,3693.13,0.755,0.908767,1.06365,0.916359
0.9,250,2,vfl_uncorrected,2,R2 binary,R,-0.362148,-15675.5,0.35149,0.342844,0.0776763,0.019942,17.6256,15.9651,19.8378,0.340294,0.362894,0.01,0.01,15214.2,0.605,0.951677,1.231,0.97057
0.9,250,2,vfl_uncorrected,3,R3 income ($),R,0.241432,0.168846,0.223663,-0.210871,0.0747424,0.0250495,8.92885,8.08868,9.955,0.213487,0.233821,0.205,0.195,0.156419,0.675,0.889355,1.26683,0.9264
0.9,250,2,vfl_uncorrected,4,R4 count,R,0.120716,1758.88,0.12236,-0.0952061,0.0770544,0.0226428,5.4039,4.78772,6.19046,0.112811,0.131172,0.78,0.775,1782.83,0.6,0.833684,1.59513,1.01362
0.9,250,2,vfl_uncorrected,5,O1 income ($),O,0.482865,0.336309,0.441951,-0.43491,0.0787699,0.0216708,20.3939,18.5841,22.6638,0.431515,0.452625,0,0,0.307813,0.76,0.889472,1.14959,0.915269
0.9,250,2,vfl_uncorrected,6,O2 age (yr),O,-0.30179,-337.216,0.293598,0.282811,0.0790487,0.0197013,14.9025,13.3988,16.8158,0.283091,0.304785,0.065,0.075,328.061,0.63,0.931766,1.29018,0.972853
0.9,250,2,vfl_uncorrected,7,O3 binary,O,0.181074,7841.96,0.188054,-0.171016,0.0784124,0.0209741,8.96601,8.11043,10.0544,0.176876,0.198796,0.45,0.455,8144.24,0.585,0.893191,1.46928,1.03855
0.9,250,2,vfl_uncorrected,8,O4 count,O,0.0603581,881.06,0.0939719,-0.053299,0.0775889,0.021569,4.3568,3.83659,4.93484,0.0849389,0.102351,0.92,0.92,1371.73,0.505,,,
0.9,250,2,vfl_uncorrected,9,O5 score,O,-0.120716,-805.341,0.151854,0.128552,0.081037,0.0232668,6.52666,5.72559,7.42379,0.141813,0.162072,0.64,0.64,1013.08,0.42,1.11447,1.91959,1.25795
0.9,250,2,vfl_uncorrected,10,O6 assets ($),O,0.362148,0.252222,0.340386,-0.330344,0.0822769,0.0226995,14.9953,13.4864,16.8741,0.328922,0.351438,0.025,0.025,0.237065,0.665,0.885678,1.19769,0.939907
0.9,250,4,vfl_bc,0,intercept,R,0,,0.070156,0.00738519,0.0699413,0.0196892,3.56317,3.10273,4.12632,0.06326,0.0769391,0.96,0.96,,,,,
0.9,250,4,vfl_bc,1,R1 score,R,0.603581,4030.22,0.513599,-0.509109,0.0679312,0.0210489,24.4003,22.1457,27.1798,0.503859,0.522575,0,0,3429.4,0.9,0.844396,0.992535,0.85092
0.9,250,4,vfl_bc,2,R2 binary,R,-0.362148,-15675.5,0.328873,0.321507,0.0693878,0.019942,16.4915,14.9044,18.6374,0.319187,0.339536,0.005,0.005,14235.2,0.74,0.880165,1.13315,0.908117
0.9,250,4,vfl_bc,3,R3 income ($),R,0.241432,0.168846,0.208912,-0.196998,0.0697176,0.0250495,8.33998,7.52755,9.34414,0.199259,0.217889,0.245,0.22,0.146103,0.74,0.826552,1.18522,0.865303
0.9,250,4,vfl_bc,4,R4 count,R,0.120716,1758.88,0.10432,-0.0749764,0.0727165,0.0226428,4.60721,4.05047,5.32661,0.0956746,0.113119,0.835,0.83,1519.98,0.75,0.653977,1.40104,0.864178
0.9,250,4,vfl_bc,5,O1 income ($),O,0.482865,0.336309,0.415734,-0.408914,0.0751812,0.0216708,19.1841,17.4807,21.3793,0.405415,0.426161,0,0,0.289553,0.825,0.839307,1.05112,0.860974
0.9,250,4,vfl_bc,6,O2 age (yr),O,-0.30179,-337.216,0.282436,0.272161,0.0756749,0.0197013,14.3359,12.9192,16.1809,0.271917,0.292078,0.07,0.07,315.589,0.66,0.891865,1.23151,0.935867
0.9,250,4,vfl_bc,7,O3 binary,O,0.181074,7841.96,0.156846,-0.13965,0.0715827,0.0209741,7.47805,6.70334,8.43616,0.14778,0.16575,0.51,0.51,6792.66,0.725,0.80545,1.24594,0.866195
0.9,250,4,vfl_bc,8,O4 count,O,0.0603581,881.06,0.0917048,-0.0515181,0.0760565,0.021569,4.25169,3.71991,4.82787,0.0819969,0.101334,0.915,0.915,1338.64,0.56,,,
0.9,250,4,vfl_bc,9,O5 score,O,-0.120716,-805.341,0.137322,0.117691,0.0709323,0.0232668,5.90207,5.17892,6.73143,0.128502,0.145888,0.7,0.7,916.125,0.54,0.963845,1.77389,1.13756
0.9,250,4,vfl_bc,10,O6 assets ($),O,0.362148,0.252222,0.316029,-0.307924,0.0712922,0.0226995,13.9223,12.5551,15.7189,0.306212,0.325288,0.025,0.025,0.220101,0.775,0.853389,1.10444,0.87265
0.9,250,4,vfl_uncorrected,0,intercept,R,0,,0.072907,0.00766575,0.0726849,0.0196892,3.7029,3.22464,4.28687,0.0657312,0.0799215,0.955,0.955,,,,,
0.9,250,4,vfl_uncorrected,1,R1 score,R,0.603581,4030.22,0.510671,-0.505795,0.0705817,0.0210489,24.2612,22.0079,27.0378,0.500597,0.520012,0,0,3409.85,0.9,0.838973,0.991754,0.84607
0.9,250,4,vfl_uncorrected,2,R2 binary,R,-0.362148,-15675.5,0.32785,0.319861,0.0721165,0.019942,16.4402,14.8484,18.5835,0.317782,0.338951,0.015,0.015,14191,0.74,0.878338,1.13711,0.905292
0.9,250,4,vfl_uncorrected,3,R3 income ($),R,0.241432,0.168846,0.208491,-0.19562,0.0723012,0.0250495,8.32317,7.50039,9.34169,0.198402,0.21774,0.27,0.245,0.145808,0.73,0.824799,1.1917,0.863559
0.9,250,4,vfl_uncorrected,4,R4 count,R,0.120716,1758.88,0.10533,-0.0736695,0.0754702,0.0226428,4.65181,4.0825,5.38583,0.0963087,0.114358,0.82,0.82,1534.7,0.745,0.640243,1.42207,0.872545
0.9,250,4,vfl_uncorrected,5,O1 income ($),O,0.482865,0.336309,0.41203,-0.404144,0.0804317,0.0216708,19.0132,17.3142,21.1945,0.400896,0.423143,0,0,0.286974,0.825,0.829093,1.05527,0.853304
0.9,250,4,vfl_uncorrected,6,O2 age (yr),O,-0.30179,-337.216,0.281597,0.26979,0.0808866,0.0197013,14.2933,12.87,16.1707,0.270336,0.291925,0.085,0.09,314.652,0.665,0.883861,1.24581,0.933088
0.9,250,4,vfl_uncorrected,7,O3 binary,O,0.181074,7841.96,0.156753,-0.136763,0.0767911,0.0209741,7.47365,6.68338,8.44238,0.147182,0.166219,0.525,0.53,6788.66,0.72,0.799058,1.25841,0.865685
0.9,250,4,vfl_uncorrected,8,O4 count,O,0.0603581,881.06,0.0960712,-0.0512516,0.0814624,0.021569,4.45413,3.89812,5.06474,0.0858802,0.106255,0.905,0.9,1402.37,0.56,,,
0.9,250,4,vfl_uncorrected,9,O5 score,O,-0.120716,-805.341,0.139621,0.117112,0.0762098,0.0232668,6.00089,5.25773,6.85798,0.130222,0.148704,0.685,0.685,931.465,0.55,0.954088,1.81868,1.15661
0.9,250,4,vfl_uncorrected,10,O6 assets ($),O,0.362148,0.252222,0.313754,-0.30429,0.0766716,0.0226995,13.8221,12.4575,15.6161,0.30323,0.323772,0.025,0.025,0.218517,0.775,0.847085,1.10779,0.866368
0.9,250,8,vfl_bc,0,intercept,R,0,,0.06581,0.00206255,0.0659427,0.0196892,3.34244,2.87973,3.91051,0.0583312,0.0729124,0.945,0.95,,,,,
0.9,250,8,vfl_bc,1,R1 score,R,0.603581,4030.22,0.444454,-0.439332,0.067449,0.0210489,21.1153,19.2032,23.5631,0.435492,0.453767,0,0,2967.7,0.995,0.733982,0.870554,0.736362
0.9,250,8,vfl_bc,2,R2 binary,R,-0.362148,-15675.5,0.29988,0.291055,0.0723927,0.019942,15.0376,13.6268,16.9658,0.289841,0.309756,0.005,0.005,12980.2,0.835,0.792568,1.07619,0.828057
0.9,250,8,vfl_bc,3,R3 income ($),R,0.241432,0.168846,0.183081,-0.170476,0.0669255,0.0250495,7.30878,6.59049,8.15866,0.173851,0.192097,0.35,0.345,0.128038,0.87,0.684957,1.0668,0.758312
0.9,250,8,vfl_bc,4,R4 count,R,0.120716,1758.88,0.0867695,-0.0527164,0.0690927,0.0226428,3.83209,3.39866,4.38727,0.0798741,0.093756,0.88,0.88,1264.26,0.825,0.502712,1.20106,0.718789
0.9,250,8,vfl_bc,5,O1 income ($),O,0.482865,0.336309,0.3608,-0.353405,0.0728602,0.0216708,16.6492,15.2055,18.5511,0.351209,0.370629,0.01,0.01,0.251293,0.97,0.743304,0.943847,0.747208
0.9,250,8,vfl_bc,6,O2 age (yr),O,-0.30179,-337.216,0.251039,0.241633,0.0682422,0.0197013,12.7423,11.4737,14.3543,0.241547,0.260789,0.11,0.11,280.507,0.82,0.794629,1.09126,0.831831
0.9,250,8,vfl_bc,7,O3 binary,O,0.181074,7841.96,0.151933,-0.136254,0.0673874,0.0209741,7.24383,6.53573,8.14264,0.142783,0.160323,0.56,0.56,6579.91,0.735,0.730289,1.19294,0.839065
0.9,250,8,vfl_bc,8,O4 count,O,0.0603581,881.06,0.0873342,-0.0453675,0.0748134,0.021569,4.04906,3.56827,4.60645,0.0786158,0.0967543,0.905,0.905,1274.84,0.585,,,
0.9,250,8,vfl_bc,9,O5 score,O,-0.120716,-805.341,0.135489,0.117462,0.0676963,0.0232668,5.82326,5.10282,6.65854,0.127079,0.143577,0.63,0.63,903.893,0.52,0.958747,1.72359,1.12237
0.9,250,8,vfl_bc,10,O6 assets ($),O,0.362148,0.252222,0.277606,-0.268794,0.0695663,0.0226995,12.2296,10.9924,13.7415,0.26837,0.287555,0.04,0.04,0.193342,0.92,0.74339,0.984365,0.766554
0.9,250,8,vfl_uncorrected,0,intercept,R,0,,0.0679328,0.00225545,0.0680657,0.0196892,3.45026,2.97076,4.03407,0.0602006,0.0752517,0.935,0.935,,,,,
0.9,250,8,vfl_uncorrected,1,R1 score,R,0.603581,4030.22,0.439826,-0.434279,0.069809,0.0210489,20.8954,19.0073,23.3301,0.430601,0.449393,0,0,2936.8,0.995,0.72614,0.867008,0.728695
0.9,250,8,vfl_uncorrected,2,R2 binary,R,-0.362148,-15675.5,0.297894,0.288386,0.0748512,0.019942,14.938,13.5311,16.8575,0.287548,0.308047,0.02,0.02,12894.3,0.835,0.781108,1.0765,0.822575
0.9,250,8,vfl_uncorrected,3,R3 income ($),R,0.241432,0.168846,0.182391,-0.168741,0.0694046,0.0250495,7.28122,6.56097,8.12691,0.172902,0.191748,0.365,0.355,0.127555,0.87,0.677663,1.06884,0.755453
0.9,250,8,vfl_uncorrected,4,R4 count,R,0.120716,1758.88,0.0879326,-0.0514833,0.0714643,0.0226428,3.88346,3.44367,4.44337,0.080915,0.0951401,0.875,0.875,1281.21,0.815,0.522038,1.21956,0.728424
0.9,250,8,vfl_uncorrected,5,O1 income ($),O,0.482865,0.336309,0.354503,-0.345947,0.077611,0.0216708,16.3586,14.9318,18.2295,0.344299,0.364919,0.01,0.015,0.246907,0.965,0.727732,0.940944,0.734167
0.9,250,8,vfl_uncorrected,6,O2 age (yr),O,-0.30179,-337.216,0.24804,0.237231,0.0726084,0.0197013,12.5901,11.3213,14.2122,0.237923,0.258371,0.12,0.125,277.157,0.825,0.784934,1.09366,0.821896
0.9,250,8,vfl_uncorrected,7,O3 binary,O,0.181074,7841.96,0.151607,-0.133709,0.0716412,0.0209741,7.2283,6.49765,8.13242,0.141878,0.160473,0.57,0.575,6565.8,0.725,0.714051,1.20797,0.837266
0.9,250,8,vfl_uncorrected,8,O4 count,O,0.0603581,881.06,0.0910204,-0.0445027,0.0795984,0.021569,4.21996,3.7142,4.80078,0.0817696,0.100918,0.895,0.895,1328.65,0.59,,,
0.9,250,8,vfl_uncorrected,9,O5 score,O,-0.120716,-805.341,0.137012,0.116657,0.0720368,0.0232668,5.88874,5.1532,6.74446,0.128226,0.145563,0.625,0.625,914.057,0.525,0.958854,1.76442,1.13499
0.9,250,8,vfl_uncorrected,10,O6 assets ($),O,0.362148,0.252222,0.273552,-0.263428,0.0739188,0.0226995,12.051,10.8276,13.55,0.263805,0.284083,0.085,0.08,0.190518,0.915,0.725265,0.983431,0.75536
0.9,500,,ols,0,intercept,R,0,,0.0151344,0.000128893,0.0151718,0.0151718,0.997533,0.9975,1.00966,0.0137493,0.0164374,0.925,0.94,,,,,
0.9,500,,ols,1,R1 score,R,0.603581,4030.22,0.0148373,-0.00481362,0.01407,0.01407,1.05454,1.01803,1.1137,0.013364,0.0163525,0.945,0.955,99.0717,1,0.0160403,0.0398519,0.0245822
0.9,500,,ols,2,R2 binary,R,-0.362148,-15675.5,0.0145457,0.00118397,0.0145338,0.0145338,1.00082,0.997509,1.02116,0.0130272,0.0160566,0.94,0.945,629.61,1,0.0243197,0.0658331,0.0401651
0.9,500,,ols,3,R3 income ($),R,0.241432,0.168846,0.0170708,0.00368295,0.0167106,0.0167106,1.02155,1.00097,1.06227,0.015246,0.0187951,0.915,0.925,0.0119385,1,0.0423532,0.106581,0.0707063
0.9,500,,ols,4,R4 count,R,0.120716,1758.88,0.0163183,0.000111986,0.0163588,0.0163588,0.99752,0.997499,1.01022,0.0149625,0.0175853,0.955,0.955,237.763,1,0.0979109,0.215187,0.135179
0.9,500,,ols,5,O1 income ($),O,0.482865,0.336309,0.0190053,-0.00439124,0.0185374,0.0185374,1.02524,1.00228,1.06487,0.0170051,0.0208888,0.915,0.895,0.0132369,1,0.0253187,0.0609884,0.0393595
0.9,500,,ols,6,O2 age (yr),O,-0.30179,-337.216,0.0165613,0.00222093,0.0164529,0.0164529,1.00659,0.997583,1.03586,0.0149941,0.0181376,0.93,0.94,18.5054,1,0.0360713,0.0888697,0.0548769
0.9,500,,ols,7,O3 binary,O,0.181074,7841.96,0.01436,-0.000511496,0.0143869,0.0143869,0.99813,0.9975,1.01406,0.0128349,0.0159152,0.965,0.965,621.902,1,0.0520369,0.124034,0.0793044
0.9,500,,ols,8,O4 count,O,0.0603581,881.06,0.0148908,0.00184369,0.0148133,0.0148133,1.00523,0.997567,1.03309,0.013439,0.0162774,0.955,0.95,217.364,1,,,
0.9,500,,ols,9,O5 score,O,-0.120716,-805.341,0.0152335,0.000107071,0.0152714,0.0152714,0.997522,0.9975,1.00986,0.0137131,0.0167563,0.96,0.96,101.628,1,0.0894025,0.202587,0.126193
0.9,500,,ols,10,O6 assets ($),O,0.362148,0.252222,0.0174972,0.000263223,0.0175391,0.0175391,0.99761,0.9975,1.0094,0.0155592,0.0194095,0.915,0.92,0.0121861,1,0.031431,0.0809121,0.0483149
0.9,500,,ols_unclipped,0,intercept,R,0,,0.0150569,-0.000368419,0.0150902,0.0151718,0.992427,0.970383,1.02153,0.0136162,0.0163756,,,,,,,
0.9,500,,ols_unclipped,1,R1 score,R,0.603581,4030.22,0.0143751,-0.00246297,0.014198,0.01407,1.02168,0.986399,1.06822,0.0129108,0.015918,,,95.985,1,0.0165697,0.0357907,0.0238163
0.9,500,,ols_unclipped,2,R2 binary,R,-0.362148,-15675.5,0.0143806,0.000204848,0.0144152,0.0145338,0.989455,0.965019,1.02026,0.0128608,0.0158975,,,622.462,1,0.0252035,0.0645914,0.0397091
0.9,500,,ols_unclipped,3,R3 income ($),R,0.241432,0.168846,0.0143706,0.000196255,0.0144053,0.0167106,0.859968,0.80907,0.920723,0.0129803,0.0156724,,,0.0100501,1,0.0385016,0.100741,0.0595222
0.9,500,,ols_unclipped,4,R4 count,R,0.120716,1758.88,0.0158622,-6.88494e-05,0.0159019,0.0163588,0.969643,0.94021,1.00641,0.0145186,0.0170812,,,231.118,1,0.0980302,0.213534,0.131401
0.9,500,,ols_unclipped,5,O1 income ($),O,0.482865,0.336309,0.0162007,-0.000161371,0.0162406,0.0185374,0.873947,0.808342,0.942765,0.014438,0.0178688,,,0.0112836,1,0.0209767,0.054656,0.0335513
0.9,500,,ols_unclipped,6,O2 age (yr),O,-0.30179,-337.216,0.0162535,0.000974815,0.016265,0.0164529,0.987881,0.964541,1.02086,0.0147071,0.0177804,,,18.1614,1,0.0344737,0.0869432,0.053857
0.9,500,,ols_unclipped,7,O3 binary,O,0.181074,7841.96,0.0139945,0.000193683,0.0140282,0.0143869,0.972723,0.950055,1.00149,0.0125404,0.0154442,,,606.072,1,0.0535114,0.120938,0.0772858
0.9,500,,ols_unclipped,8,O4 count,O,0.0603581,881.06,0.0142625,0.00148771,0.0142203,0.0148133,0.962814,0.940529,0.995897,0.0129223,0.0155013,,,208.192,1,,,
0.9,500,,ols_unclipped,9,O5 score,O,-0.120716,-805.341,0.0150028,-2.60491e-05,0.0150405,0.0152714,0.982415,0.964793,1.00915,0.0135595,0.0163962,,,100.089,1,0.0839109,0.205294,0.124282
0.9,500,,ols_unclipped,10,O6 assets ($),O,0.362148,0.252222,0.0155061,0.000200119,0.0155437,0.0175391,0.884086,0.831157,0.942612,0.0138285,0.0170909,,,0.0107994,1,0.0253739,0.0702149,0.0428169
0.9,500,0.5,vfl_bc,0,intercept,R,0,,0.0724333,-0.00736869,0.0722384,0.0151718,4.7742,4.25856,5.40521,0.0659973,0.0784932,0.97,0.97,,,,,
0.9,500,0.5,vfl_bc,1,R1 score,R,0.603581,4030.22,0.574926,-0.570487,0.0714786,0.01407,40.8617,36.7628,45.878,0.565465,0.584308,0,0,3838.89,0.675,0.949213,1.08896,0.952525
0.9,500,0.5,vfl_bc,2,R2 binary,R,-0.362148,-15675.5,0.359284,0.352861,0.0678033,0.0145338,24.7205,22.3591,27.7866,0.350299,0.36849,0,0,15551.6,0.57,0.969777,1.24182,0.992091
0.9,500,0.5,vfl_bc,3,R3 income ($),R,0.241432,0.168846,0.239364,-0.228359,0.0719258,0.0167106,14.3241,13.0236,16.0976,0.229675,0.248143,0.165,0.155,0.1674,0.55,0.948559,1.3084,0.991434
0.9,500,0.5,vfl_bc,4,R4 count,R,0.120716,1758.88,0.127955,-0.106988,0.0703625,0.0163588,7.82179,7.01698,8.75952,0.118763,0.137054,0.735,0.73,1864.36,0.565,0.858434,1.61117,1.05997
0.9,500,0.5,vfl_bc,5,O1 income ($),O,0.482865,0.336309,0.462706,-0.457222,0.0712093,0.0185374,24.9606,22.676,27.9461,0.452785,0.472242,0,0,0.322269,0.635,0.945016,1.13533,0.958253
0.9,500,0.5,vfl_bc,6,O2 age (yr),O,-0.30179,-337.216,0.297671,0.289059,0.0712638,0.0164529,18.0923,16.5159,20.16,0.288427,0.306821,0.045,0.05,332.614,0.57,0.963923,1.26526,0.986352
0.9,500,0.5,vfl_bc,7,O3 binary,O,0.181074,7841.96,0.180663,-0.164387,0.0751269,0.0143869,12.5575,11.1923,14.302,0.171203,0.190328,0.47,0.47,7824.14,0.59,0.927418,1.38085,0.997728
0.9,500,0.5,vfl_bc,8,O4 count,O,0.0603581,881.06,0.0923399,-0.0525591,0.0761128,0.0148133,6.23358,5.47314,7.18476,0.0838547,0.101003,0.925,0.92,1347.91,0.545,,,
0.9,500,0.5,vfl_bc,9,O5 score,O,-0.120716,-805.341,0.145724,0.127179,0.07132,0.0152714,9.5423,8.54399,10.752,0.136183,0.15535,0.705,0.705,972.178,0.445,1.09382,1.76438,1.20716
0.9,500,0.5,vfl_bc,10,O6 assets ($),O,0.362148,0.252222,0.352607,-0.344522,0.0752636,0.0175391,20.104,18.0822,22.7446,0.342461,0.363409,0.015,0.015,0.245576,0.595,0.945665,1.21552,0.973652
0.9,500,0.5,vfl_uncorrected,0,intercept,R,0,,0.0754217,-0.00758148,0.075228,0.0151718,4.97117,4.43587,5.62778,0.0687658,0.0816645,0.965,0.965,,,,,
0.9,500,0.5,vfl_uncorrected,1,R1 score,R,0.603581,4030.22,0.573971,-0.569161,0.0743394,0.01407,40.7939,36.7064,45.807,0.564094,0.583847,0,0,3832.51,0.675,0.948542,1.09233,0.950943
0.9,500,0.5,vfl_uncorrected,2,R2 binary,R,-0.362148,-15675.5,0.359666,0.352673,0.0707579,0.0145338,24.7468,22.3592,27.8016,0.350218,0.369227,0,0,15568.1,0.57,0.968881,1.25747,0.993145
0.9,500,0.5,vfl_uncorrected,3,R3 income ($),R,0.241432,0.168846,0.239891,-0.227861,0.0752025,0.0167106,14.3556,13.0516,16.1449,0.229745,0.249037,0.185,0.17,0.167768,0.55,0.945229,1.32477,0.993615
0.9,500,0.5,vfl_uncorrected,4,R4 count,R,0.120716,1758.88,0.129321,-0.106632,0.0733519,0.0163588,7.90527,7.07866,8.86831,0.119721,0.138755,0.725,0.725,1884.25,0.565,0.850737,1.65094,1.07128
0.9,500,0.5,vfl_uncorrected,5,O1 income ($),O,0.482865,0.336309,0.461873,-0.455446,0.0769772,0.0185374,24.9157,22.6348,27.8917,0.451148,0.472072,0,0,0.321688,0.63,0.939908,1.14668,0.956527
0.9,500,0.5,vfl_uncorrected,6,O2 age (yr),O,-0.30179,-337.216,0.298244,0.288167,0.0770645,0.0164529,18.1271,16.5435,20.2103,0.288404,0.308058,0.06,0.06,333.254,0.57,0.964219,1.28445,0.98825
0.9,500,0.5,vfl_uncorrected,7,O3 binary,O,0.181074,7841.96,0.182071,-0.163073,0.0811798,0.0143869,12.6554,11.2586,14.43,0.171984,0.192351,0.485,0.485,7885.13,0.6,0.91804,1.41309,1.00551
0.9,500,0.5,vfl_uncorrected,8,O4 count,O,0.0603581,881.06,0.0970576,-0.052042,0.0821312,0.0148133,6.55205,5.73396,7.55261,0.0880134,0.106252,0.915,0.91,1416.77,0.54,,,
0.9,500,0.5,vfl_uncorrected,9,O5 score,O,-0.120716,-805.341,0.149193,0.127737,0.0772768,0.0152714,9.76948,8.71707,11.038,0.138818,0.159544,0.69,0.69,995.323,0.445,1.10774,1.83473,1.2359
0.9,500,0.5,vfl_uncorrected,10,O6 assets ($),O,0.362148,0.252222,0.3528,-0.343342,0.0813441,0.0175391,20.115,18.0531,22.7727,0.341926,0.364416,0.02,0.02,0.245711,0.595,0.93866,1.23268,0.974185
0.9,500,1,vfl_bc,0,intercept,R,0,,0.0758738,0.00604627,0.0758223,0.0151718,5.00097,4.44016,5.72001,0.0687185,0.0827824,0.935,0.94,,,,,
0.9,500,1,vfl_bc,1,R1 score,R,0.603581,4030.22,0.538798,-0.533255,0.0772843,0.01407,38.2941,34.547,43.2455,0.528233,0.548849,0,0,3597.66,0.805,0.875888,1.04851,0.89267
0.9,500,1,vfl_bc,2,R2 binary,R,-0.362148,-15675.5,0.356113,0.348659,0.0726613,0.0145338,24.5023,22.2694,27.3134,0.346162,0.366643,0,0,15414.3,0.605,0.951097,1.21939,0.983335
0.9,500,1,vfl_bc,3,R3 income ($),R,0.241432,0.168846,0.22498,-0.212763,0.0733134,0.0167106,13.4633,12.1622,15.208,0.215455,0.234685,0.205,0.2,0.15734,0.665,0.875594,1.26229,0.931855
0.9,500,1,vfl_bc,4,R4 count,R,0.120716,1758.88,0.123328,-0.100446,0.0717366,0.0163588,7.53892,6.75686,8.49496,0.113541,0.132707,0.76,0.76,1796.93,0.64,0.850507,1.5593,1.02164
0.9,500,1,vfl_bc,5,O1 income ($),O,0.482865,0.336309,0.433749,-0.426972,0.0765651,0.0185374,23.3985,21.3036,26.1526,0.423198,0.444129,0,0,0.3021,0.745,0.884535,1.10127,0.898282
0.9,500,1,vfl_bc,6,O2 age (yr),O,-0.30179,-337.216,0.301533,0.29347,0.0694363,0.0164529,18.327,16.7724,20.3236,0.292023,0.310409,0.04,0.04,336.928,0.505,0.996148,1.23844,0.999147
0.9,500,1,vfl_bc,7,O3 binary,O,0.181074,7841.96,0.172064,-0.157151,0.070244,0.0143869,11.9598,10.6482,13.5295,0.16255,0.181365,0.495,0.5,7451.75,0.655,0.877515,1.41247,0.950242
0.9,500,1,vfl_bc,8,O4 count,O,0.0603581,881.06,0.0964633,-0.0553772,0.0791827,0.0148133,6.51194,5.79819,7.39007,0.0876427,0.104942,0.91,0.91,1408.1,0.525,,,
0.9,500,1,vfl_bc,9,O5 score,O,-0.120716,-805.341,0.138875,0.117824,0.0736944,0.0152714,9.0938,8.08642,10.3008,0.128616,0.149515,0.715,0.715,926.484,0.56,0.953797,1.78208,1.15042
0.9,500,1,vfl_bc,10,O6 assets ($),O,0.362148,0.252222,0.329167,-0.320762,0.0740947,0.0175391,18.7676,16.827,21.1493,0.319854,0.338881,0.035,0.035,0.229251,0.775,0.89279,1.16785,0.908928
0.9,500,1,vfl_uncorrected,0,intercept,R,0,,0.0789854,0.00622798,0.078937,0.0151718,5.20606,4.61844,5.95183,0.0715714,0.0861868,0.93,0.93,,,,,
0.9,500,1,vfl_uncorrected,1,R1 score,R,0.603581,4030.22,0.536584,-0.53056,0.0803829,0.01407,38.1367,34.4036,43.1068,0.525699,0.547059,0,0,3582.87,0.805,0.871349,1.05069,0.889001
0.9,500,1,vfl_uncorrected,2,R2 binary,R,-0.362148,-15675.5,0.356205,0.34812,0.0756499,0.0145338,24.5086,22.2678,27.3204,0.345824,0.367204,0,0,15418.3,0.59,0.947173,1.22964,0.983587
0.9,500,1,vfl_uncorrected,3,R3 income ($),R,0.241432,0.168846,0.224788,-0.211552,0.0761875,0.0167106,13.4518,12.1394,15.1996,0.214888,0.234827,0.21,0.21,0.157206,0.66,0.867744,1.28131,0.93106
0.9,500,1,vfl_uncorrected,4,R4 count,R,0.120716,1758.88,0.124577,-0.0999044,0.0746089,0.0163588,7.6153,6.80878,8.58817,0.114406,0.134271,0.755,0.74,1815.14,0.645,0.863341,1.57846,1.03199
0.9,500,1,vfl_uncorrected,5,O1 income ($),O,0.482865,0.336309,0.43095,-0.423041,0.082391,0.0185374,23.2475,21.1515,25.989,0.419529,0.441949,0,0,0.300151,0.75,0.875241,1.1084,0.892486
0.9,500,1,vfl_uncorrected,6,O2 age (yr),O,-0.30179,-337.216,0.30229,0.292922,0.0748569,0.0164529,18.373,16.8275,20.3745,0.291988,0.311855,0.045,0.05,337.774,0.51,0.99752,1.25611,1.00165
0.9,500,1,vfl_uncorrected,7,O3 binary,O,0.181074,7841.96,0.172707,-0.15531,0.0757301,0.0143869,12.0045,10.6816,13.5932,0.162515,0.182495,0.505,0.51,7479.58,0.66,0.870984,1.44256,0.95379
0.9,500,1,vfl_uncorrected,8,O4 count,O,0.0603581,881.06,0.101606,-0.0551124,0.0855749,0.0148133,6.85912,6.10634,7.78736,0.0921023,0.110688,0.895,0.895,1483.17,0.525,,,
0.9,500,1,vfl_uncorrected,9,O5 score,O,-0.120716,-805.341,0.14153,0.11734,0.079333,0.0152714,9.26769,8.21734,10.544,0.130552,0.152881,0.71,0.71,944.2,0.56,0.94503,1.84118,1.17242
0.9,500,1,vfl_uncorrected,10,O6 assets ($),O,0.362148,0.252222,0.327544,-0.317652,0.0800896,0.0175391,18.675,16.7402,21.0478,0.317554,0.337875,0.04,0.04,0.228121,0.775,0.888597,1.17906,0.904446
0.9,500,2,vfl_bc,0,intercept,R,0,,0.0757803,0.00171746,0.0759509,0.0151718,4.99481,4.42597,5.6493,0.0689662,0.0824151,0.95,0.95,,,,,
0.9,500,2,vfl_bc,1,R1 score,R,0.603581,4030.22,0.501041,-0.496523,0.0673039,0.01407,35.6106,32.1031,40.0853,0.492254,0.510185,0,0,3345.55,0.95,0.827177,0.965877,0.830115
0.9,500,2,vfl_bc,2,R2 binary,R,-0.362148,-15675.5,0.33067,0.324634,0.0630485,0.0145338,22.7517,20.6303,25.4633,0.321855,0.339207,0,0,14313,0.72,0.897691,1.108,0.913078
0.9,500,2,vfl_bc,3,R3 income ($),R,0.241432,0.168846,0.208752,-0.198072,0.0660822,0.0167106,12.4922,11.2896,14.0914,0.199969,0.217294,0.235,0.21,0.145991,0.725,0.81962,1.15574,0.864641
0.9,500,2,vfl_bc,4,R4 count,R,0.120716,1758.88,0.106172,-0.0745044,0.0758305,0.0163588,6.49018,5.80361,7.30234,0.0970793,0.11532,0.825,0.825,1546.96,0.74,0.692539,1.39884,0.879515
0.9,500,2,vfl_bc,5,O1 income ($),O,0.482865,0.336309,0.411959,-0.406436,0.067396,0.0185374,22.2231,20.2305,24.9297,0.402995,0.421233,0,0,0.286924,0.86,0.838836,1.02438,0.853155
0.9,500,2,vfl_bc,6,O2 age (yr),O,-0.30179,-337.216,0.286157,0.277361,0.0705782,0.0164529,17.3925,15.823,19.452,0.276193,0.295879,0.04,0.045,319.747,0.66,0.927827,1.24384,0.948198
0.9,500,2,vfl_bc,7,O3 binary,O,0.181074,7841.96,0.170545,-0.152878,0.0757801,0.0143869,11.8542,10.6074,13.434,0.161103,0.180191,0.445,0.445,7385.95,0.64,0.862755,1.32369,0.94185
0.9,500,2,vfl_bc,8,O4 count,O,0.0603581,881.06,0.0816476,-0.0408196,0.0708888,0.0148133,5.51177,4.91369,6.21298,0.0733826,0.089715,0.925,0.925,1191.83,0.605,,,
0.9,500,2,vfl_bc,9,O5 score,O,-0.120716,-805.341,0.132259,0.109534,0.0743126,0.0152714,8.66061,7.65323,9.84048,0.122288,0.142057,0.705,0.705,882.35,0.585,0.881117,1.7986,1.09562
0.9,500,2,vfl_bc,10,O6 assets ($),O,0.362148,0.252222,0.308652,-0.298828,0.0774468,0.0175391,17.598,15.7331,19.9201,0.29856,0.319006,0.06,0.06,0.214964,0.775,0.824854,1.09597,0.852281
0.9,500,2,vfl_uncorrected,0,intercept,R,0,,0.0787106,0.00167976,0.0788901,0.0151718,5.18794,4.595,5.86527,0.0715831,0.0855856,0.95,0.95,,,,,
0.9,500,2,vfl_uncorrected,1,R1 score,R,0.603581,4030.22,0.497671,-0.492754,0.0699602,0.01407,35.371,31.8591,39.8231,0.48859,0.507114,0,0,3323.05,0.95,0.820151,0.966937,0.824532
0.9,500,2,vfl_uncorrected,2,R2 binary,R,-0.362148,-15675.5,0.329638,0.323106,0.0654654,0.0145338,22.6807,20.5619,25.3824,0.320507,0.338453,0.005,0.005,14268.4,0.73,0.893139,1.11029,0.91023
0.9,500,2,vfl_uncorrected,3,R3 income ($),R,0.241432,0.168846,0.208423,-0.196815,0.068757,0.0167106,12.4725,11.2598,14.0696,0.199398,0.217291,0.24,0.235,0.145761,0.72,0.81595,1.15903,0.863277
0.9,500,2,vfl_uncorrected,4,R4 count,R,0.120716,1758.88,0.107441,-0.0732966,0.0787535,0.0163588,6.56775,5.86776,7.39883,0.0979599,0.116904,0.825,0.825,1565.45,0.745,0.698491,1.42197,0.890027
0.9,500,2,vfl_uncorrected,5,O1 income ($),O,0.482865,0.336309,0.408076,-0.401673,0.0721809,0.0185374,22.0136,20.0354,24.7223,0.398497,0.417971,0.005,0.005,0.284219,0.86,0.827531,1.02884,0.845114
0.9,500,2,vfl_uncorrected,6,O2 age (yr),O,-0.30179,-337.216,0.285591,0.275478,0.0755156,0.0164529,17.3581,15.7838,19.4226,0.274947,0.295974,0.055,0.055,319.115,0.66,0.9248,1.25855,0.946323
0.9,500,2,vfl_uncorrected,7,O3 binary,O,0.181074,7841.96,0.171482,-0.151227,0.0810524,0.0143869,11.9194,10.6428,13.5264,0.161322,0.181712,0.465,0.47,7426.56,0.635,0.855682,1.33932,0.947029
0.9,500,2,vfl_uncorrected,8,O4 count,O,0.0603581,881.06,0.0852843,-0.0396052,0.0757199,0.0148133,5.75727,5.12182,6.48462,0.0764563,0.0937699,0.92,0.92,1244.91,0.605,,,
0.9,500,2,vfl_uncorrected,9,O5 score,O,-0.120716,-805.341,0.134398,0.10848,0.0795391,0.0152714,8.80063,7.74587,10.0123,0.12367,0.144746,0.7,0.7,896.616,0.585,0.868121,1.85682,1.11334
0.9,500,2,vfl_uncorrected,10,O6 assets ($),O,0.362148,0.252222,0.305939,-0.294489,0.0831223,0.0175391,17.4432,15.5752,19.7699,0.295289,0.316994,0.065,0.065,0.213074,0.77,0.809503,1.10379,0.844788
0.9,500,4,vfl_bc,0,intercept,R,0,,0.0690029,0.00145647,0.0691607,0.0151718,4.5481,3.92361,5.28885,0.0610724,0.0768783,0.95,0.95,,,,,
0.9,500,4,vfl_bc,1,R1 score,R,0.603581,4030.22,0.422795,-0.417781,0.0650828,0.01407,30.0494,27.0815,33.7857,0.414161,0.431108,0,0,2823.08,1,0.702312,0.824019,0.700478
0.9,500,4,vfl_bc,2,R2 binary,R,-0.362148,-15675.5,0.300786,0.291783,0.0732234,0.0145338,20.6956,18.7309,23.2992,0.290566,0.311047,0.02,0.025,13019.5,0.83,0.795934,1.04895,0.830561
0.9,500,4,vfl_bc,3,R3 income ($),R,0.241432,0.168846,0.17009,-0.155371,0.0693868,0.0167106,10.1786,9.20918,11.5083,0.16067,0.179429,0.415,0.41,0.118952,0.89,0.626265,1.02355,0.704503
0.9,500,4,vfl_bc,4,R4 count,R,0.120716,1758.88,0.0850696,-0.0525702,0.0670498,0.0163588,5.20022,4.62446,5.87562,0.0775496,0.0923375,0.89,0.885,1239.49,0.85,0.499036,1.17795,0.704707
0.9,500,4,vfl_bc,5,O1 income ($),O,0.482865,0.336309,0.349845,-0.341709,0.0751991,0.0185374,18.8723,17.2223,21.1297,0.339573,0.360637,0.005,0.005,0.243662,0.965,0.69961,0.931682,0.72452
0.9,500,4,vfl_bc,6,O2 age (yr),O,-0.30179,-337.216,0.260123,0.250657,0.069708,0.0164529,15.8101,14.4194,17.7837,0.250565,0.269988,0.07,0.07,290.657,0.76,0.824715,1.1101,0.861932
0.9,500,4,vfl_bc,7,O3 binary,O,0.181074,7841.96,0.155329,-0.13624,0.0747929,0.0143869,10.7966,9.55554,12.3248,0.145078,0.164745,0.525,0.525,6727,0.725,0.751611,1.26024,0.857821
0.9,500,4,vfl_bc,8,O4 count,O,0.0603581,881.06,0.0803237,-0.0377196,0.0710943,0.0148133,5.4224,4.7295,6.2821,0.0718443,0.0890525,0.935,0.94,1172.5,0.65,,,
0.9,500,4,vfl_bc,9,O5 score,O,-0.120716,-805.341,0.134557,0.112739,0.0736391,0.0152714,8.81106,7.7597,10.1012,0.123412,0.145691,0.685,0.685,897.678,0.585,0.890302,1.59715,1.11466
0.9,500,4,vfl_bc,10,O6 assets ($),O,0.362148,0.252222,0.271596,-0.262026,0.0716401,0.0175391,15.4851,13.8407,17.5112,0.261692,0.281217,0.055,0.055,0.189155,0.915,0.725474,0.978262,0.749957
0.9,500,4,vfl_uncorrected,0,intercept,R,0,,0.071293,0.00151581,0.0714558,0.0151718,4.69904,4.05616,5.47423,0.0631507,0.0794327,0.94,0.94,,,,,
0.9,500,4,vfl_uncorrected,1,R1 score,R,0.603581,4030.22,0.417623,-0.412207,0.0672063,0.01407,29.6817,26.7445,33.3905,0.408749,0.426183,0,0,2788.55,1,0.693287,0.818884,0.691909
0.9,500,4,vfl_uncorrected,2,R2 binary,R,-0.362148,-15675.5,0.298783,0.289059,0.0757957,0.0145338,20.5577,18.5932,23.1445,0.288184,0.309363,0.03,0.03,12932.8,0.83,0.789076,1.05169,0.825029
0.9,500,4,vfl_uncorrected,3,R3 income ($),R,0.241432,0.168846,0.168911,-0.152954,0.0718448,0.0167106,10.108,9.13218,11.436,0.15914,0.178525,0.43,0.415,0.118128,0.895,0.6213,1.02437,0.699619
0.9,500,4,vfl_uncorrected,4,R4 count,R,0.120716,1758.88,0.0862761,-0.0516331,0.0692935,0.0163588,5.27398,4.6857,5.95432,0.0784625,0.0936589,0.89,0.885,1257.07,0.845,0.498047,1.19997,0.714702
0.9,500,4,vfl_uncorrected,5,O1 income ($),O,0.482865,0.336309,0.343257,-0.333836,0.080069,0.0185374,18.517,16.8867,20.7414,0.332349,0.354784,0.005,0.005,0.239074,0.965,0.683275,0.928572,0.710877
0.9,500,4,vfl_uncorrected,6,O2 age (yr),O,-0.30179,-337.216,0.257658,0.246786,0.0742425,0.0164529,15.6603,14.2683,17.6464,0.247558,0.268167,0.09,0.095,287.903,0.76,0.814945,1.11069,0.853764
0.9,500,4,vfl_uncorrected,7,O3 binary,O,0.181074,7841.96,0.155684,-0.134012,0.0794349,0.0143869,10.8212,9.56275,12.3522,0.144856,0.16558,0.535,0.535,6742.36,0.71,0.739062,1.27659,0.85978
0.9,500,4,vfl_uncorrected,8,O4 count,O,0.0603581,881.06,0.0840909,-0.0367948,0.0758034,0.0148133,5.67671,4.94092,6.5852,0.0749665,0.093269,0.93,0.93,1227.49,0.65,,,
0.9,500,4,vfl_uncorrected,9,O5 score,O,-0.120716,-805.341,0.136444,0.111681,0.0785821,0.0152714,8.93463,7.84032,10.2548,0.124425,0.148423,0.685,0.685,910.268,0.585,0.885588,1.62497,1.13029
0.9,500,4,vfl_uncorrected,10,O6 assets ($),O,0.362148,0.252222,0.267584,-0.256583,0.0761265,0.0175391,15.2564,13.6226,17.2828,0.257034,0.277734,0.105,0.1,0.186362,0.91,0.713342,0.97494,0.73888
0.9,500,8,vfl_bc,0,intercept,R,0,,0.0608996,0.000105725,0.0610523,0.0151718,4.014,3.49216,4.59634,0.0548039,0.0674863,0.95,0.95,,,,,
0.9,500,8,vfl_bc,1,R1 score,R,0.603581,4030.22,0.319113,-0.313395,0.0602889,0.01407,22.6804,20.5217,25.4866,0.310369,0.327367,0,0,2130.78,1,0.516951,0.643817,0.5287
0.9,500,8,vfl_bc,2,R2 binary,R,-0.362148,-15675.5,0.236098,0.227859,0.0619819,0.0145338,16.2447,14.7783,18.1669,0.228011,0.244628,0.045,0.045,10219.5,0.99,0.61794,0.855839,0.651936
0.9,500,8,vfl_bc,3,R3 income ($),R,0.241432,0.168846,0.14238,-0.120652,0.0757888,0.0167106,8.52035,7.56588,9.80315,0.132706,0.151583,0.545,0.535,0.0995737,0.945,0.51014,0.915232,0.589731
0.9,500,8,vfl_bc,4,R4 count,R,0.120716,1758.88,0.0682022,-0.0186921,0.0657553,0.0163588,4.16914,3.6826,4.76132,0.062149,0.0747889,0.95,0.955,993.73,0.945,0.399993,0.896805,0.56498
0.9,500,8,vfl_bc,5,O1 income ($),O,0.482865,0.336309,0.2704,-0.259191,0.0772412,0.0185374,14.5867,13.1991,16.4772,0.260481,0.280321,0.09,0.095,0.18833,0.995,0.550086,0.710458,0.559992
0.9,500,8,vfl_bc,6,O2 age (yr),O,-0.30179,-337.216,0.196549,0.184549,0.0677954,0.0164529,11.9461,10.8659,13.3982,0.187866,0.205086,0.25,0.255,219.621,0.95,0.598068,0.899003,0.651276
0.9,500,8,vfl_bc,7,O3 binary,O,0.181074,7841.96,0.113962,-0.0940356,0.0645405,0.0143869,7.92124,6.96575,9.08201,0.105584,0.12239,0.76,0.76,4935.46,0.925,0.522598,0.908957,0.629366
0.9,500,8,vfl_bc,8,O4 count,O,0.0603581,881.06,0.0735899,-0.024025,0.0697323,0.0148133,4.96782,4.38135,5.66433,0.0669861,0.0800519,0.95,0.95,1074.21,0.68,,,
0.9,500,8,vfl_bc,9,O5 score,O,-0.120716,-805.341,0.111636,0.0840257,0.0736839,0.0152714,7.31012,6.55196,8.30219,0.10276,0.12008,0.755,0.755,744.761,0.7,0.724712,1.49309,0.924777
0.9,500,8,vfl_bc,10,O6 assets ($),O,0.362148,0.252222,0.201435,-0.187507,0.0737858,0.0175391,11.4849,10.2247,13.0727,0.191601,0.21114,0.26,0.255,0.140292,0.985,0.516,0.765548,0.556223
0.9,500,8,vfl_uncorrected,0,intercept,R,0,,0.0626509,6.73617e-05,0.0628081,0.0151718,4.12943,3.60031,4.73012,0.0562983,0.0694903,0.945,0.945,,,,,
0.9,500,8,vfl_uncorrected,1,R1 score,R,0.603581,4030.22,0.312807,-0.306633,0.0619939,0.01407,22.2321,20.1221,25.0103,0.303748,0.321295,0,0,2088.67,1,0.506716,0.636425,0.518251
0.9,500,8,vfl_uncorrected,2,R2 binary,R,-0.362148,-15675.5,0.23262,0.223772,0.063707,0.0145338,16.0054,14.5515,17.913,0.224339,0.241342,0.055,0.055,10068.9,0.99,0.607924,0.848457,0.642333
0.9,500,8,vfl_uncorrected,3,R3 income ($),R,0.241432,0.168846,0.141541,-0.118259,0.0779683,0.0167106,8.47016,7.52225,9.75758,0.131644,0.150944,0.565,0.54,0.0989872,0.945,0.502642,0.920126,0.586257
0.9,500,8,vfl_uncorrected,4,R4 count,R,0.120716,1758.88,0.0697756,-0.0178159,0.0676321,0.0163588,4.26532,3.77214,4.86896,0.0635058,0.076579,0.945,0.945,1016.66,0.945,0.415627,0.92387,0.578014
0.9,500,8,vfl_uncorrected,5,O1 income ($),O,0.482865,0.336309,0.26217,-0.24921,0.0816134,0.0185374,14.1427,12.7717,15.9915,0.251728,0.272617,0.11,0.125,0.182598,0.995,0.528938,0.699533,0.542947
0.9,500,8,vfl_uncorrected,6,O2 age (yr),O,-0.30179,-337.216,0.191277,0.177374,0.0717721,0.0164529,11.6257,10.5737,13.0577,0.182301,0.200207,0.3,0.305,213.73,0.95,0.573574,0.895699,0.633808
0.9,500,8,vfl_uncorrected,7,O3 binary,O,0.181074,7841.96,0.11282,-0.0899712,0.0682402,0.0143869,7.84184,6.87132,9.00463,0.104196,0.121812,0.765,0.77,4885.99,0.925,0.503481,0.908525,0.623057
0.9,500,8,vfl_uncorrected,8,O4 count,O,0.0603581,881.06,0.0767232,-0.0224678,0.0735438,0.0148133,5.17934,4.55686,5.91477,0.0696497,0.0835823,0.95,0.945,1119.95,0.67,,,
0.9,500,8,vfl_uncorrected,9,O5 score,O,-0.120716,-805.341,0.112054,0.0808814,0.077747,0.0152714,7.33754,6.57748,8.32985,0.102812,0.120708,0.765,0.765,747.555,0.705,0.702824,1.51578,0.928247
0.9,500,8,vfl_uncorrected,10,O6 assets ($),O,0.362148,0.252222,0.195748,-0.179792,0.0776029,0.0175391,11.1607,9.90921,12.7168,0.185466,0.205792,0.295,0.29,0.136331,0.985,0.497312,0.756726,0.540519
0.9,1000,,ols,0,intercept,R,0,,0.0101516,0.00178953,0.0100177,0.0100177,1.01337,0.998244,1.04941,0.00909431,0.0111169,0.96,0.96,,,,,
0.9,1000,,ols,1,R1 score,R,0.603581,4030.22,0.0111183,-0.00261823,0.0108327,0.0108327,1.02636,1.00326,1.06625,0.0100837,0.0121387,0.955,0.945,74.2387,1,0.0132033,0.0304254,0.0184205
0.9,1000,,ols,2,R2 binary,R,-0.362148,-15675.5,0.0111824,0.000760943,0.0111845,0.0111845,0.999814,0.997502,1.01808,0.0101252,0.0122124,0.94,0.95,484.028,1,0.0193607,0.0514102,0.0308779
0.9,1000,,ols,3,R3 income ($),R,0.241432,0.168846,0.0128011,0.00314722,0.0124394,0.0124394,1.02908,1.00449,1.07315,0.0115289,0.014069,0.91,0.91,0.00895248,1,0.0338734,0.0825499,0.0530216
0.9,1000,,ols,4,R4 count,R,0.120716,1758.88,0.0118155,-0.000139251,0.0118444,0.0118444,0.997566,0.997498,1.01083,0.0106296,0.0130291,0.935,0.94,172.156,1,0.0696034,0.167137,0.0978786
0.9,1000,,ols,5,O1 income ($),O,0.482865,0.336309,0.0132651,-0.0055035,0.0120998,0.0120998,1.0963,1.04678,1.16086,0.0117952,0.0148186,0.915,0.925,0.00923893,1,0.0186098,0.0441292,0.0274716
0.9,1000,,ols,6,O2 age (yr),O,-0.30179,-337.216,0.0113331,0.00280396,0.0110083,0.0110083,1.0295,1.0051,1.07159,0.0101031,0.0126283,0.935,0.95,12.6634,1,0.023665,0.0599232,0.0375528
0.9,1000,,ols,7,O3 binary,O,0.181074,7841.96,0.0111228,-0.00154401,0.0110427,0.0110427,1.00725,0.997609,1.03567,0.010008,0.0121824,0.945,0.945,481.705,1,0.0364151,0.100925,0.0614266
0.9,1000,,ols,8,O4 count,O,0.0603581,881.06,0.0112204,0.000570433,0.011234,0.011234,0.998788,0.997501,1.01624,0.0102101,0.0122296,0.95,0.95,163.787,1,,,
0.9,1000,,ols,9,O5 score,O,-0.120716,-805.341,0.011805,-0.00063146,0.0118177,0.0118177,0.998927,0.997501,1.0171,0.0107218,0.0128191,0.935,0.935,78.7555,1,0.0690443,0.163845,0.0977914
0.9,1000,,ols,10,O6 assets ($),O,0.362148,0.252222,0.0125398,0.00140026,0.0124927,0.0124927,1.00377,0.99755,1.02779,0.0112765,0.0138066,0.91,0.91,0.00873349,1,0.0219257,0.0585455,0.0346262
0.9,1000,,ols_unclipped,0,intercept,R,0,,0.00989938,0.00123506,0.00984668,0.0100177,0.988193,0.961481,1.02432,0.00889155,0.0108809,,,,,,,
0.9,1000,,ols_unclipped,1,R1 score,R,0.603581,4030.22,0.0108594,0.000122681,0.010886,0.0108327,1.00247,0.978616,1.03178,0.00991566,0.0117836,,,72.5103,1,0.0129578,0.0294762,0.0179916
0.9,1000,,ols_unclipped,2,R2 binary,R,-0.362148,-15675.5,0.0112088,-0.000402193,0.0112297,0.0111845,1.00218,0.981773,1.03142,0.0102056,0.0121988,,,485.172,1,0.0215069,0.0512344,0.0309509
0.9,1000,,ols_unclipped,3,R3 income ($),R,0.241432,0.168846,0.0109454,-0.000381842,0.0109661,0.0124394,0.879897,0.829268,0.936519,0.00986742,0.0119354,,,0.00765465,1,0.0292574,0.0751724,0.0453351
0.9,1000,,ols_unclipped,4,R4 count,R,0.120716,1758.88,0.0114397,-0.000610115,0.011452,0.0118444,0.965832,0.927846,1.00895,0.0102636,0.012639,,,166.68,1,0.0684946,0.148349,0.0947649
0.9,1000,,ols_unclipped,5,O1 income ($),O,0.482865,0.336309,0.0104961,-0.000614344,0.0105044,0.0120998,0.86746,0.781731,0.949191,0.00930702,0.0117125,,,0.00731039,1,0.0136634,0.0356517,0.0217372
0.9,1000,,ols_unclipped,6,O2 age (yr),O,-0.30179,-337.216,0.010653,0.00130162,0.0105997,0.0110083,0.967725,0.936846,1.00602,0.00956014,0.011744,,,11.9035,1,0.0236284,0.0567097,0.0352994
0.9,1000,,ols_unclipped,7,O3 binary,O,0.181074,7841.96,0.0109845,-0.000808855,0.0109822,0.0110427,0.994731,0.976721,1.02231,0.00989885,0.0120262,,,475.718,1,0.0370929,0.102212,0.0606632
0.9,1000,,ols_unclipped,8,O4 count,O,0.0603581,881.06,0.011161,0.000345266,0.0111837,0.011234,0.993504,0.963954,1.02833,0.0101544,0.0121679,,,162.92,1,,,
0.9,1000,,ols_unclipped,9,O5 score,O,-0.120716,-805.341,0.0114175,-0.000864185,0.0114133,0.0118177,0.966134,0.943314,0.996072,0.0103902,0.0123835,,,76.17,1,0.0658992,0.153664,0.0945811
0.9,1000,,ols_unclipped,10,O6 assets ($),O,0.362148,0.252222,0.0114393,0.00105349,0.0114192,0.0124927,0.915677,0.859666,0.979404,0.010231,0.0126212,,,0.00796699,1,0.0201275,0.0492036,0.0315872
0.9,1000,0.5,vfl_bc,0,intercept,R,0,,0.075457,-0.00403234,0.0755382,0.0100177,7.53239,6.5857,8.71332,0.0681809,0.0829057,0.955,0.955,,,,,
0.9,1000,0.5,vfl_bc,1,R1 score,R,0.603581,4030.22,0.550817,-0.546674,0.0676023,0.0108327,50.8477,46.8167,56.0032,0.541206,0.560192,0,0,3677.91,0.795,0.90023,1.05334,0.912582
0.9,1000,0.5,vfl_bc,2,R2 binary,R,-0.362148,-15675.5,0.351557,0.344821,0.0686578,0.0111845,31.4326,28.7752,34.906,0.341971,0.360803,0,0,15217.1,0.605,0.952808,1.20038,0.970753
0.9,1000,0.5,vfl_bc,3,R3 income ($),R,0.241432,0.168846,0.227196,-0.214527,0.074994,0.0124394,18.2643,16.5631,20.3132,0.21702,0.236575,0.215,0.2,0.15889,0.665,0.874819,1.28059,0.941033
0.9,1000,0.5,vfl_bc,4,R4 count,R,0.120716,1758.88,0.117973,-0.0946943,0.0705368,0.0118444,9.96025,8.84999,11.3935,0.108863,0.127235,0.79,0.78,1718.9,0.66,0.805748,1.51324,0.977274
0.9,1000,0.5,vfl_bc,5,O1 income ($),O,0.482865,0.336309,0.446018,-0.439024,0.0788692,0.0120998,36.8615,33.1422,41.5551,0.434658,0.457672,0,0,0.310645,0.735,0.899469,1.13038,0.923691
0.9,1000,0.5,vfl_bc,6,O2 age (yr),O,-0.30179,-337.216,0.302604,0.293502,0.073845,0.0110083,27.4887,24.8259,31.1419,0.291867,0.313056,0.035,0.035,338.125,0.535,0.967042,1.30714,1.0027
0.9,1000,0.5,vfl_bc,7,O3 binary,O,0.181074,7841.96,0.179666,-0.163134,0.0754691,0.0110427,16.2701,14.6861,18.294,0.169319,0.189681,0.445,0.45,7780.97,0.585,0.899979,1.38576,0.992223
0.9,1000,0.5,vfl_bc,8,O4 count,O,0.0603581,881.06,0.08811,-0.0458322,0.0754402,0.011234,7.84314,6.83486,8.96168,0.0793046,0.0968861,0.935,0.935,1286.16,0.56,,,
0.9,1000,0.5,vfl_bc,9,O5 score,O,-0.120716,-805.341,0.144175,0.123499,0.0745801,0.0118177,12.1999,11.0222,13.6209,0.134167,0.153833,0.675,0.675,961.844,0.475,1.05627,1.89192,1.19433
0.9,1000,0.5,vfl_bc,10,O6 assets ($),O,0.362148,0.252222,0.333321,-0.324942,0.0744501,0.0124927,26.6813,24.267,29.7432,0.32308,0.343592,0.04,0.04,0.232144,0.68,0.912551,1.13761,0.920398
0.9,1000,0.5,vfl_uncorrected,0,intercept,R,0,,0.078526,-0.00399083,0.0786213,0.0100177,7.83875,6.85223,9.05952,0.0709412,0.0863147,0.95,0.95,,,,,
0.9,1000,0.5,vfl_uncorrected,1,R1 score,R,0.603581,4030.22,0.549077,-0.544573,0.0703559,0.0108327,50.687,46.6526,55.8232,0.538943,0.558873,0,0,3666.29,0.785,0.896992,1.05698,0.909699
0.9,1000,0.5,vfl_uncorrected,2,R2 binary,R,-0.362148,-15675.5,0.351377,0.3441,0.0713162,0.0111845,31.4165,28.7562,34.8966,0.341524,0.361011,0,0,15209.3,0.595,0.951195,1.2097,0.970256
0.9,1000,0.5,vfl_uncorrected,3,R3 income ($),R,0.241432,0.168846,0.227314,-0.213561,0.0780646,0.0124394,18.2738,16.5548,20.3436,0.216858,0.237088,0.22,0.215,0.158973,0.665,0.868664,1.28988,0.941524
0.9,1000,0.5,vfl_uncorrected,4,R4 count,R,0.120716,1758.88,0.119016,-0.0937596,0.0734918,0.0118444,10.0484,8.9106,11.5079,0.109612,0.128663,0.78,0.78,1734.11,0.65,0.798716,1.52524,0.985919
0.9,1000,0.5,vfl_uncorrected,5,O1 income ($),O,0.482865,0.336309,0.444206,-0.436063,0.0848806,0.0120998,36.7118,32.9927,41.3893,0.43195,0.456785,0,0,0.309384,0.725,0.893326,1.13966,0.91994
0.9,1000,0.5,vfl_uncorrected,6,O2 age (yr),O,-0.30179,-337.216,0.303242,0.292712,0.0794164,0.0110083,27.5467,24.8172,31.2316,0.291713,0.314455,0.045,0.045,338.838,0.535,0.966681,1.32825,1.00481
0.9,1000,0.5,vfl_uncorrected,7,O3 binary,O,0.181074,7841.96,0.181198,-0.162028,0.0813177,0.0110427,16.4088,14.7794,18.467,0.170007,0.191966,0.47,0.475,7847.31,0.595,0.895696,1.41528,1.00068
0.9,1000,0.5,vfl_uncorrected,8,O4 count,O,0.0603581,881.06,0.0926457,-0.0448585,0.0812648,0.011234,8.24689,7.17108,9.43294,0.0832832,0.102045,0.925,0.925,1352.37,0.56,,,
0.9,1000,0.5,vfl_uncorrected,9,O5 score,O,-0.120716,-805.341,0.147189,0.12359,0.0801388,0.0118177,12.455,11.2152,13.9312,0.136567,0.157484,0.67,0.67,981.952,0.48,1.05954,1.95683,1.2193
0.9,1000,0.5,vfl_uncorrected,10,O6 assets ($),O,0.362148,0.252222,0.33209,-0.322275,0.0803433,0.0124927,26.5828,24.1609,29.6381,0.321099,0.343108,0.05,0.05,0.231287,0.68,0.905177,1.15008,0.917
0.9,1000,1,vfl_bc,0,intercept,R,0,,0.0693377,0.00140966,0.0694973,0.0100177,6.92154,6.03476,8.00473,0.0625807,0.0757845,0.945,0.945,,,,,
0.9,1000,1,vfl_bc,1,R1 score,R,0.603581,4030.22,0.492608,-0.487399,0.071624,0.0108327,45.4742,41.8384,50.0933,0.482435,0.503238,0,0,3289.24,0.945,0.808439,0.948711,0.816143
0.9,1000,1,vfl_bc,2,R2 binary,R,-0.362148,-15675.5,0.319176,0.310964,0.0721175,0.0111845,28.5375,26.0926,31.651,0.309518,0.328694,0.025,0.025,13815.5,0.755,0.878667,1.09294,0.881341
0.9,1000,1,vfl_bc,3,R3 income ($),R,0.241432,0.168846,0.200431,-0.186856,0.0726913,0.0124394,16.1127,14.555,18.0644,0.190745,0.209899,0.265,0.255,0.140172,0.75,0.773767,1.15869,0.830176
0.9,1000,1,vfl_bc,4,R4 count,R,0.120716,1758.88,0.111508,-0.0829652,0.0746906,0.0118444,9.41444,8.31429,10.7907,0.102584,0.120499,0.78,0.775,1624.71,0.7,0.718326,1.50988,0.92372
0.9,1000,1,vfl_bc,5,O1 income ($),O,0.482865,0.336309,0.397637,-0.390829,0.0734492,0.0120998,32.8631,29.3037,37.0726,0.387853,0.407326,0,0,0.276949,0.905,0.813264,0.994551,0.823496
0.9,1000,1,vfl_bc,6,O2 age (yr),O,-0.30179,-337.216,0.290771,0.281421,0.0733248,0.0110083,26.4138,23.858,29.7033,0.280531,0.30047,0.02,0.02,324.903,0.585,0.92674,1.25156,0.963486
0.9,1000,1,vfl_bc,7,O3 binary,O,0.181074,7841.96,0.165465,-0.14946,0.0711734,0.0110427,14.9841,13.4339,16.9229,0.155873,0.174993,0.485,0.49,7165.95,0.69,0.846831,1.32274,0.913797
0.9,1000,1,vfl_bc,8,O4 count,O,0.0603581,881.06,0.0813683,-0.0494814,0.0647561,0.011234,7.24302,6.41775,8.26404,0.0740139,0.0888269,0.93,0.93,1187.75,0.555,,,
0.9,1000,1,vfl_bc,9,O5 score,O,-0.120716,-805.341,0.14155,0.121827,0.0722539,0.0118177,11.9778,10.812,13.4412,0.131982,0.150927,0.685,0.685,944.329,0.5,1.00119,1.72237,1.17258
0.9,1000,1,vfl_bc,10,O6 assets ($),O,0.362148,0.252222,0.301965,-0.29452,0.0668038,0.0124927,24.1713,22.0364,26.9071,0.292697,0.310673,0.035,0.03,0.210306,0.845,0.816633,1.02709,0.833815
0.9,1000,1,vfl_uncorrected,0,intercept,R,0,,0.0720007,0.00149571,0.0721658,0.0100177,7.18737,6.2588,8.32186,0.0649576,0.0787074,0.945,0.945,,,,,
0.9,1000,1,vfl_uncorrected,1,R1 score,R,0.603581,4030.22,0.489157,-0.483528,0.0741764,0.0108327,45.1556,41.5404,49.7504,0.478619,0.500155,0,0,3266.19,0.945,0.802074,0.948579,0.810425
0.9,1000,1,vfl_uncorrected,2,R2 binary,R,-0.362148,-15675.5,0.317601,0.308671,0.07497,0.0111845,28.3967,25.9362,31.524,0.307543,0.327478,0.025,0.025,13747.3,0.745,0.869245,1.09685,0.876991
0.9,1000,1,vfl_uncorrected,3,R3 income ($),R,0.241432,0.168846,0.199828,-0.185082,0.0755279,0.0124394,16.0642,14.4925,18.0262,0.189794,0.209616,0.28,0.27,0.13975,0.75,0.766925,1.16599,0.827679
0.9,1000,1,vfl_uncorrected,4,R4 count,R,0.120716,1758.88,0.112838,-0.0821892,0.0775077,0.0118444,9.52675,8.40153,10.9173,0.103626,0.122022,0.77,0.77,1644.09,0.7,0.708075,1.53582,0.93474
0.9,1000,1,vfl_uncorrected,5,O1 income ($),O,0.482865,0.336309,0.392858,-0.384902,0.0788619,0.0120998,32.4681,28.9194,36.6324,0.382313,0.40327,0.015,0.015,0.27362,0.905,0.802579,0.998118,0.813599
0.9,1000,1,vfl_uncorrected,6,O2 age (yr),O,-0.30179,-337.216,0.290371,0.279593,0.0785726,0.0110083,26.3775,23.7809,29.679,0.279488,0.300762,0.04,0.04,324.456,0.585,0.924657,1.27237,0.96216
0.9,1000,1,vfl_uncorrected,7,O3 binary,O,0.181074,7841.96,0.165888,-0.147431,0.0762361,0.0110427,15.0224,13.4419,17.0004,0.155633,0.175979,0.49,0.495,7184.28,0.69,0.837178,1.34006,0.916133
0.9,1000,1,vfl_uncorrected,8,O4 count,O,0.0603581,881.06,0.0844764,-0.0487595,0.0691569,0.011234,7.5197,6.65146,8.5966,0.0767346,0.0923203,0.92,0.915,1233.12,0.555,,,
0.9,1000,1,vfl_uncorrected,9,O5 score,O,-0.120716,-805.341,0.144037,0.121564,0.0774514,0.0118177,12.1882,10.9941,13.6903,0.133749,0.153988,0.685,0.685,960.921,0.5,0.996073,1.76353,1.19319
0.9,1000,1,vfl_uncorrected,10,O6 assets ($),O,0.362148,0.252222,0.299159,-0.290483,0.0717011,0.0124927,23.9467,21.8206,26.6886,0.289193,0.308403,0.04,0.04,0.208352,0.845,0.805461,1.02889,0.826067
0.9,1000,2,vfl_bc,0,intercept,R,0,,0.0597049,-0.00350741,0.0597514,0.0100177,5.95996,5.23609,6.81669,0.0539109,0.0650794,0.975,0.975,,,,,
0.9,1000,2,vfl_bc,1,R1 score,R,0.603581,4030.22,0.408955,-0.4042,0.0623336,0.0108327,37.7519,34.7617,41.5793,0.400218,0.417873,0,0,2730.67,1,0.671153,0.797413,0.677548
0.9,1000,2,vfl_bc,2,R2 binary,R,-0.362148,-15675.5,0.28925,0.28037,0.0712997,0.0111845,25.8618,23.6497,28.7269,0.279517,0.299623,0.015,0.015,12520.1,0.865,0.761984,1.02341,0.798705
0.9,1000,2,vfl_bc,3,R3 income ($),R,0.241432,0.168846,0.168298,-0.155945,0.0634462,0.0124394,13.5295,12.2299,15.1748,0.159806,0.176632,0.36,0.35,0.117699,0.93,0.664234,0.966364,0.69708
0.9,1000,2,vfl_bc,4,R4 count,R,0.120716,1758.88,0.081146,-0.0432594,0.0688257,0.0118444,6.85103,5.91746,7.95956,0.0733554,0.0894239,0.895,0.895,1182.33,0.87,0.427595,1.132,0.672205
0.9,1000,2,vfl_bc,5,O1 income ($),O,0.482865,0.336309,0.338844,-0.332862,0.0635492,0.0120998,28.0041,25.082,31.5381,0.329796,0.347018,0.005,0.005,0.236001,0.99,0.676211,0.863717,0.701738
0.9,1000,2,vfl_bc,6,O2 age (yr),O,-0.30179,-337.216,0.246322,0.23738,0.0659321,0.0110083,22.3761,20.1613,25.2086,0.237042,0.255266,0.075,0.075,275.237,0.86,0.787593,1.06464,0.816203
0.9,1000,2,vfl_bc,7,O3 binary,O,0.181074,7841.96,0.143783,-0.127671,0.0662993,0.0110427,13.0206,11.7468,14.6871,0.135516,0.15231,0.555,0.56,6226.95,0.8,0.731432,1.19221,0.794056
0.9,1000,2,vfl_bc,8,O4 count,O,0.0603581,881.06,0.0717698,-0.0337505,0.0634978,0.011234,6.38861,5.65574,7.22505,0.0645986,0.0794002,0.955,0.95,1047.64,0.67,,,
0.9,1000,2,vfl_bc,9,O5 score,O,-0.120716,-805.341,0.129624,0.112586,0.0644021,0.0118177,10.9687,9.96377,12.307,0.121833,0.137091,0.62,0.62,864.771,0.525,0.945186,1.59499,1.07379
0.9,1000,2,vfl_bc,10,O6 assets ($),O,0.362148,0.252222,0.252554,-0.242997,0.0689935,0.0124927,20.2162,18.4801,22.581,0.24295,0.262123,0.1,0.1,0.175894,0.96,0.677943,0.917237,0.697378
0.9,1000,2,vfl_uncorrected,0,intercept,R,0,,0.0615534,-0.00354212,0.0616057,0.0100177,6.14449,5.39626,7.03806,0.0555824,0.0671353,0.975,0.975,,,,,
0.9,1000,2,vfl_uncorrected,1,R1 score,R,0.603581,4030.22,0.403806,-0.39867,0.0643575,0.0108327,37.2766,34.3026,41.0621,0.394775,0.413046,0,0,2696.29,1,0.660919,0.792066,0.669017
0.9,1000,2,vfl_uncorrected,2,R2 binary,R,-0.362148,-15675.5,0.287077,0.277544,0.07355,0.0111845,25.6675,23.4712,28.5265,0.277037,0.297732,0.015,0.015,12426.1,0.865,0.751675,1.02397,0.792706
0.9,1000,2,vfl_uncorrected,3,R3 income ($),R,0.241432,0.168846,0.1672,-0.153921,0.0654651,0.0124394,13.4412,12.1318,15.0828,0.158416,0.175642,0.37,0.36,0.116931,0.93,0.656817,0.967654,0.692533
0.9,1000,2,vfl_uncorrected,4,R4 count,R,0.120716,1758.88,0.0824038,-0.0419412,0.0711098,0.0118444,6.95722,6.00537,8.08323,0.074412,0.09088,0.89,0.89,1200.65,0.87,0.425117,1.15085,0.682624
0.9,1000,2,vfl_uncorrected,5,O1 income ($),O,0.482865,0.336309,0.331829,-0.324928,0.0674929,0.0120998,27.4243,24.5693,30.9243,0.322204,0.340417,0.005,0.01,0.231115,0.99,0.659425,0.857562,0.68721
0.9,1000,2,vfl_uncorrected,6,O2 age (yr),O,-0.30179,-337.216,0.242962,0.232763,0.0698311,0.0110083,22.0708,19.8695,24.8653,0.233119,0.2525,0.09,0.095,271.482,0.86,0.773456,1.06869,0.805068
0.9,1000,2,vfl_uncorrected,7,O3 binary,O,0.181074,7841.96,0.143387,-0.124994,0.0704349,0.0110427,12.9848,11.6779,14.6718,0.134719,0.152371,0.57,0.57,6209.8,0.8,0.711625,1.20272,0.791869
0.9,1000,2,vfl_uncorrected,8,O4 count,O,0.0603581,881.06,0.0743017,-0.0324412,0.0670132,0.011234,6.614,5.86531,7.48338,0.0669448,0.0822024,0.94,0.94,1084.6,0.67,,,
0.9,1000,2,vfl_uncorrected,9,O5 score,O,-0.120716,-805.341,0.130618,0.111368,0.0684219,0.0118177,11.0527,10.0169,12.4068,0.122507,0.138524,0.62,0.62,871.397,0.53,0.930499,1.61786,1.08202
0.9,1000,2,vfl_uncorrected,10,O6 assets ($),O,0.362148,0.252222,0.247808,-0.236685,0.0735917,0.0124927,19.8362,18.1352,22.1775,0.237754,0.257912,0.12,0.12,0.172588,0.955,0.656528,0.914022,0.684271
0.9,1000,4,vfl_bc,0,intercept,R,0,,0.0587166,-0.00211376,0.0588258,0.0100177,5.86131,5.12946,6.73952,0.052961,0.0644859,0.955,0.955,,,,,
0.9,1000,4,vfl_bc,1,R1 score,R,0.603581,4030.22,0.294671,-0.287861,0.0631458,0.0108327,27.202,25.1623,29.7752,0.286078,0.303445,0.005,0.005,1967.58,1,0.480994,0.610761,0.488205
0.9,1000,4,vfl_bc,2,R2 binary,R,-0.362148,-15675.5,0.220007,0.211801,0.0596741,0.0111845,19.6708,17.9765,21.839,0.211893,0.227974,0.08,0.09,9522.97,0.99,0.593885,0.788486,0.607505
0.9,1000,4,vfl_bc,3,R3 income ($),R,0.241432,0.168846,0.122137,-0.104261,0.0637755,0.0124394,9.81859,8.71157,11.1993,0.113407,0.130809,0.655,0.63,0.0854166,0.975,0.411624,0.796182,0.505885
0.9,1000,4,vfl_bc,4,R4 count,R,0.120716,1758.88,0.063797,-0.0173771,0.0615388,0.0118444,5.38628,4.57745,6.32271,0.0564447,0.0712661,0.94,0.94,929.545,0.945,0.326483,0.80506,0.528487
0.9,1000,4,vfl_bc,5,O1 income ($),O,0.482865,0.336309,0.252947,-0.241798,0.0744568,0.0120998,20.9051,18.7061,23.7141,0.243763,0.262529,0.11,0.115,0.176174,1,0.497898,0.690538,0.523847
0.9,1000,4,vfl_bc,6,O2 age (yr),O,-0.30179,-337.216,0.196754,0.185516,0.0657102,0.0110083,17.8733,16.1168,20.2227,0.188205,0.205318,0.25,0.255,219.85,0.955,0.619448,0.901062,0.651957
0.9,1000,4,vfl_bc,7,O3 binary,O,0.181074,7841.96,0.1168,-0.0968331,0.0654755,0.0110427,10.5771,9.49664,12.0075,0.108459,0.12535,0.735,0.735,5058.37,0.895,0.509436,1.01082,0.64504
0.9,1000,4,vfl_bc,8,O4 count,O,0.0603581,881.06,0.0748117,-0.0228973,0.0714002,0.011234,6.65939,5.86366,7.56139,0.0678253,0.0817644,0.94,0.94,1092.04,0.69,,,
0.9,1000,4,vfl_bc,9,O5 score,O,-0.120716,-805.341,0.10779,0.084335,0.0672967,0.0118177,9.12104,8.16088,10.2951,0.0989105,0.115935,0.78,0.78,719.103,0.705,0.667949,1.40291,0.892918
0.9,1000,4,vfl_bc,10,O6 assets ($),O,0.362148,0.252222,0.181139,-0.166524,0.0714605,0.0124927,14.4996,13.0299,16.338,0.171636,0.190849,0.355,0.345,0.126156,1,0.453341,0.724285,0.500178
0.9,1000,4,vfl_uncorrected,0,intercept,R,0,,0.0603929,-0.00214171,0.0605064,0.0100177,6.02864,5.27521,6.92749,0.0545279,0.0663398,0.95,0.955,,,,,
0.9,1000,4,vfl_uncorrected,1,R1 score,R,0.603581,4030.22,0.288308,-0.280935,0.0649446,0.0108327,26.6146,24.6139,29.1638,0.279488,0.297298,0.005,0.005,1925.09,1,0.468326,0.603696,0.477663
0.9,1000,4,vfl_uncorrected,2,R2 binary,R,-0.362148,-15675.5,0.216065,0.207178,0.0614853,0.0111845,19.3183,17.6414,21.4599,0.207876,0.224203,0.1,0.11,9352.35,0.99,0.582105,0.78337,0.59662
0.9,1000,4,vfl_uncorrected,3,R3 income ($),R,0.241432,0.168846,0.12086,-0.101604,0.0656157,0.0124394,9.71598,8.61739,11.0997,0.111952,0.129717,0.675,0.65,0.084524,0.98,0.396554,0.793818,0.500598
0.9,1000,4,vfl_uncorrected,4,R4 count,R,0.120716,1758.88,0.0655565,-0.0170582,0.0634571,0.0118444,5.53483,4.70575,6.4981,0.0579571,0.073264,0.94,0.94,955.181,0.945,0.338955,0.821607,0.543063
0.9,1000,4,vfl_uncorrected,5,O1 income ($),O,0.482865,0.336309,0.244431,-0.231569,0.0784397,0.0120998,20.2012,18.0741,22.9427,0.234853,0.254308,0.15,0.165,0.170243,1,0.477868,0.67879,0.50621
0.9,1000,4,vfl_uncorrected,6,O2 age (yr),O,-0.30179,-337.216,0.191699,0.178773,0.0693747,0.0110083,17.4141,15.6806,19.7497,0.182831,0.200573,0.28,0.29,214.202,0.955,0.603328,0.89032,0.635207
0.9,1000,4,vfl_uncorrected,7,O3 binary,O,0.181074,7841.96,0.115757,-0.0932603,0.0687446,0.0110427,10.4826,9.39711,11.9396,0.107057,0.124538,0.76,0.76,5013.2,0.885,0.489309,1.00831,0.639279
0.9,1000,4,vfl_uncorrected,8,O4 count,O,0.0603581,881.06,0.077798,-0.0212859,0.0750171,0.011234,6.92521,6.09328,7.86569,0.0704593,0.0852818,0.925,0.925,1135.63,0.69,,,
0.9,1000,4,vfl_uncorrected,9,O5 score,O,-0.120716,-805.341,0.107762,0.0811303,0.0711045,0.0118177,9.11872,8.13188,10.2854,0.0985737,0.116243,0.78,0.78,718.921,0.715,0.643485,1.42191,0.892691
0.9,1000,4,vfl_uncorrected,10,O6 assets ($),O,0.362148,0.252222,0.175257,-0.158375,0.0752382,0.0124927,14.0288,12.5757,15.8328,0.165301,0.185375,0.41,0.405,0.122059,1,0.43445,0.717979,0.483937
0.9,1000,8,vfl_bc,0,intercept,R,0,,0.0472223,0.00277507,0.047259,0.0100177,4.7139,4.09679,5.41329,0.0425016,0.0516469,0.965,0.965,,,,,
0.9,1000,8,vfl_bc,1,R1 score,R,0.603581,4030.22,0.139823,-0.126543,0.0596234,0.0108327,12.9075,11.7504,14.3529,0.131863,0.149009,0.395,0.435,933.622,1,0.203559,0.335678,0.231655
0.9,1000,8,vfl_bc,2,R2 binary,R,-0.362148,-15675.5,0.108218,0.0903654,0.0596909,0.0111845,9.67574,8.64987,10.9536,0.100769,0.115539,0.64,0.645,4684.19,1,0.242341,0.472339,0.298822
0.9,1000,8,vfl_bc,3,R3 income ($),R,0.241432,0.168846,0.0740529,-0.0453223,0.0587107,0.0124394,5.95311,5.26869,6.76923,0.0676048,0.080727,0.9,0.89,0.051789,1,0.204964,0.520682,0.306723
0.9,1000,8,vfl_bc,4,R4 count,R,0.120716,1758.88,0.0584334,0.0121242,0.0573052,0.0118444,4.93344,4.27293,5.66182,0.0522249,0.0643348,0.98,0.98,851.396,0.995,0.28531,0.794609,0.484056
0.9,1000,8,vfl_bc,5,O1 income ($),O,0.482865,0.336309,0.127084,-0.108158,0.0668917,0.0120998,10.503,9.41293,11.9106,0.119613,0.134929,0.63,0.655,0.0885122,1,0.235771,0.391375,0.263187
0.9,1000,8,vfl_bc,6,O2 age (yr),O,-0.30179,-337.216,0.103178,0.0825492,0.0620532,0.0110083,9.37276,8.32493,10.6976,0.0956774,0.111162,0.775,0.78,115.29,1,0.272751,0.515866,0.341887
0.9,1000,8,vfl_bc,7,O3 binary,O,0.181074,7841.96,0.0715625,-0.0350405,0.0625533,0.0110427,6.48051,5.69853,7.38181,0.0657583,0.0777136,0.935,0.935,3099.22,0.995,0.289359,0.645288,0.395211
0.9,1000,8,vfl_bc,8,O4 count,O,0.0603581,881.06,0.0662637,-0.0178866,0.0639641,0.011234,5.89849,5.17479,6.77256,0.059369,0.0730429,0.955,0.95,967.267,0.76,,,
0.9,1000,8,vfl_bc,9,O5 score,O,-0.120716,-805.341,0.0752108,0.0412496,0.0630477,0.0118177,6.36426,5.62511,7.28802,0.0681903,0.0824624,0.935,0.935,501.759,0.89,0.442478,1.0323,0.623039
0.9,1000,8,vfl_bc,10,O6 assets ($),O,0.362148,0.252222,0.0898222,-0.0641018,0.0630784,0.0124927,7.18999,6.37975,8.24202,0.0822373,0.0972188,0.85,0.85,0.0625575,1,0.191295,0.39596,0.248026
0.9,1000,8,vfl_uncorrected,0,intercept,R,0,,0.0481864,0.00292154,0.0482185,0.0100177,4.81014,4.18218,5.52499,0.0433464,0.0526889,0.96,0.96,,,,,
0.9,1000,8,vfl_uncorrected,1,R1 score,R,0.603581,4030.22,0.133879,-0.119166,0.0611693,0.0108327,12.3588,11.2258,13.7566,0.125733,0.143209,0.46,0.475,893.933,1,0.191343,0.327797,0.221807
0.9,1000,8,vfl_uncorrected,2,R2 binary,R,-0.362148,-15675.5,0.104254,0.0845558,0.0611379,0.0111845,9.3213,8.31919,10.5799,0.0967311,0.111648,0.66,0.66,4512.61,1,0.228872,0.460061,0.287876
0.9,1000,8,vfl_uncorrected,3,R3 income ($),R,0.241432,0.168846,0.0734646,-0.042277,0.0602315,0.0124394,5.90582,5.22327,6.72206,0.0669378,0.0802053,0.915,0.895,0.0513776,1,0.198394,0.517357,0.304287
0.9,1000,8,vfl_uncorrected,4,R4 count,R,0.120716,1758.88,0.0598544,0.0113587,0.0589142,0.0118444,5.05341,4.37663,5.79953,0.0535594,0.0659435,0.975,0.975,872.1,0.995,0.286838,0.810043,0.495828
0.9,1000,8,vfl_uncorrected,5,O1 income ($),O,0.482865,0.336309,0.11889,-0.0962298,0.0699932,0.0120998,9.82574,8.77491,11.1525,0.111344,0.126929,0.69,0.745,0.082805,1,0.214429,0.374784,0.246217
0.9,1000,8,vfl_uncorrected,6,O2 age (yr),O,-0.30179,-337.216,0.0976305,0.07311,0.0648666,0.0110083,8.86881,7.83656,10.1656,0.0897752,0.10582,0.82,0.83,109.091,1,0.247271,0.493072,0.323504
0.9,1000,8,vfl_uncorrected,7,O3 binary,O,0.181074,7841.96,0.0716841,-0.0300652,0.0652378,0.0110427,6.49152,5.70831,7.39812,0.0659168,0.0778684,0.935,0.935,3104.49,0.995,0.296247,0.63287,0.395882
0.9,1000,8,vfl_uncorrected,8,O4 count,O,0.0603581,881.06,0.0688592,-0.0168038,0.066945,0.011234,6.12953,5.37101,7.03695,0.0616331,0.0759189,0.95,0.95,1005.15,0.755,,,
0.9,1000,8,vfl_uncorrected,9,O5 score,O,-0.120716,-805.341,0.0753399,0.036632,0.0659998,0.0118177,6.37518,5.62499,7.30358,0.0679902,0.0827846,0.94,0.94,502.62,0.905,0.427849,1.04878,0.624108
0.9,1000,8,vfl_uncorrected,10,O6 assets ($),O,0.362148,0.252222,0.0857692,-0.0552057,0.0658053,0.0124927,6.86555,6.0767,7.90221,0.0781266,0.0934696,0.875,0.87,0.0597348,1,0.173767,0.383112,0.236834
0.9,2500,,ols,0,intercept,R,0,,0.00650099,0.000318247,0.00650948,0.00650948,0.998694,0.9975,1.01497,0.00582839,0.00721766,0.945,0.95,,,,,
0.9,2500,,ols,1,R1 score,R,0.603581,4030.22,0.00770639,-0.00309381,0.00707581,0.00707581,1.08912,1.04014,1.16039,0.00704166,0.00836473,0.9,0.945,51.457,1,0.00889392,0.0211806,0.0127678
0.9,2500,,ols,2,R2 binary,R,-0.362148,-15675.5,0.00646412,0.0011126,0.00638363,0.00638363,1.01261,0.998302,1.04528,0.0057931,0.00715059,0.965,0.965,279.799,1,0.0121074,0.0279463,0.0178494
0.9,2500,,ols,3,R3 income ($),R,0.241432,0.168846,0.00851814,0.00268351,0.00810468,0.00810468,1.05101,1.01657,1.1023,0.00760161,0.00942835,0.885,0.91,0.00595717,1,0.0219778,0.0592057,0.0352817
0.9,2500,,ols,4,R4 count,R,0.120716,1758.88,0.00800633,0.000560159,0.00800675,0.00800675,0.999947,0.997504,1.01863,0.00709726,0.00888147,0.905,0.905,116.655,1,0.0460539,0.109695,0.0663236
0.9,2500,,ols,5,O1 income ($),O,0.482865,0.336309,0.00904584,-0.00459981,0.00780857,0.00780857,1.15845,1.09576,1.23778,0.00812715,0.0099815,0.865,0.91,0.00630031,1,0.0122627,0.0306587,0.0187337
0.9,2500,,ols,6,O2 age (yr),O,-0.30179,-337.216,0.00777187,0.00169017,0.00760489,0.00760489,1.02196,1.00133,1.06273,0.00708047,0.00846926,0.9,0.915,8.68417,1,0.0175854,0.0436525,0.0257525
0.9,2500,,ols,7,O3 binary,O,0.181074,7841.96,0.00682297,-0.000605758,0.00681308,0.00681308,1.00145,0.997506,1.02366,0.00622412,0.00743742,0.965,0.965,295.489,1,0.0278013,0.0579554,0.0376805
0.9,2500,,ols,8,O4 count,O,0.0603581,881.06,0.00736216,0.000767364,0.00734043,0.00734043,1.00296,0.997519,1.02531,0.00666266,0.00803247,0.925,0.93,107.467,1,,,
0.9,2500,,ols,9,O5 score,O,-0.120716,-805.341,0.00688021,-0.000950592,0.00683132,0.00683132,1.00716,0.997679,1.03515,0.0060965,0.00774866,0.96,0.96,45.9004,1,0.0372798,0.0924633,0.0569949
0.9,2500,,ols,10,O6 assets ($),O,0.362148,0.252222,0.007617,0.000851575,0.00758825,0.00758825,1.00379,0.997533,1.02883,0.00688015,0.00832476,0.92,0.92,0.00530494,1,0.0124311,0.0357764,0.0210328
0.9,2500,,ols_unclipped,0,intercept,R,0,,0.00650268,-0.00040319,0.00650645,0.00650948,0.998954,0.975539,1.0273,0.00580712,0.00722441,,,,,,,
0.9,2500,,ols_unclipped,1,R1 score,R,0.603581,4030.22,0.00692109,-0.000586115,0.00691353,0.00707581,0.978134,0.952414,1.01227,0.00631073,0.00751179,,,46.2134,1,0.00805656,0.0186888,0.0114667
0.9,2500,,ols_unclipped,2,R2 binary,R,-0.362148,-15675.5,0.00632854,0.000140015,0.00634287,0.00638363,0.99137,0.970528,1.01776,0.00567708,0.00701616,,,273.93,1,0.0120287,0.0269357,0.017475
0.9,2500,,ols_unclipped,3,R3 income ($),R,0.241432,0.168846,0.0073867,-0.000842586,0.00735691,0.00810468,0.911412,0.859897,0.969978,0.0067111,0.00809313,,,0.0051659,1,0.0199353,0.0508647,0.0305953
0.9,2500,,ols_unclipped,4,R4 count,R,0.120716,1758.88,0.00784307,0.000155079,0.00786122,0.00800675,0.979558,0.950492,1.01411,0.00696715,0.00869129,,,114.276,1,0.041962,0.107458,0.0649712
0.9,2500,,ols_unclipped,5,O1 income ($),O,0.482865,0.336309,0.00693024,-0.000279468,0.00694198,0.00780857,0.887517,0.830435,0.951458,0.00618824,0.00767499,,,0.00482682,1,0.0100396,0.0222882,0.0143524
0.9,2500,,ols_unclipped,6,O2 age (yr),O,-0.30179,-337.216,0.00755631,0.000222656,0.00757198,0.00760489,0.993612,0.970289,1.02413,0.00689264,0.00823527,,,8.44331,1,0.0167891,0.0411365,0.0250383
0.9,2500,,ols_unclipped,7,O3 binary,O,0.181074,7841.96,0.0066881,0.000276564,0.00669915,0.00681308,0.981656,0.960595,1.00834,0.00611613,0.00726858,,,289.648,1,0.0292397,0.0562874,0.0369357
0.9,2500,,ols_unclipped,8,O4 count,O,0.0603581,881.06,0.00710046,0.000315006,0.00711127,0.00734043,0.967308,0.939524,0.999084,0.00639639,0.00777907,,,103.647,1,,,
0.9,2500,,ols_unclipped,9,O5 score,O,-0.120716,-805.341,0.00680252,-0.000959624,0.00675139,0.00683132,0.995783,0.970539,1.03137,0.00604084,0.00767366,,,45.3821,1,0.0355277,0.0889636,0.0563514
0.9,2500,,ols_unclipped,10,O6 assets ($),O,0.362148,0.252222,0.00651386,-9.13188e-05,0.00652957,0.00758825,0.858415,0.803397,0.920285,0.00585504,0.00714427,,,0.00453664,1,0.0130768,0.0281046,0.0179867
0.9,2500,0.5,vfl_bc,0,intercept,R,0,,0.0673442,0.00122996,0.0675019,0.00650948,10.3455,9.04519,11.938,0.0612451,0.0732052,0.965,0.965,,,,,
0.9,2500,0.5,vfl_bc,1,R1 score,R,0.603581,4030.22,0.459239,-0.454197,0.0680315,0.00707581,64.9027,59.4311,71.2512,0.450288,0.468697,0,0,3066.43,0.98,0.751516,0.896685,0.760858
0.9,2500,0.5,vfl_bc,2,R2 binary,R,-0.362148,-15675.5,0.317458,0.30849,0.0751111,0.00638363,49.73,44.9273,55.4987,0.307093,0.328064,0.025,0.025,13741.1,0.76,0.847707,1.09959,0.876596
0.9,2500,0.5,vfl_bc,3,R3 income ($),R,0.241432,0.168846,0.192891,-0.181646,0.06506,0.00810468,23.7999,21.3425,26.7997,0.184429,0.201289,0.24,0.23,0.134898,0.84,0.760616,1.09278,0.798943
0.9,2500,0.5,vfl_bc,4,R4 count,R,0.120716,1758.88,0.0845676,-0.0538647,0.0653578,0.00800675,10.562,9.18515,12.2067,0.0769884,0.0923867,0.9,0.9,1232.18,0.85,0.47341,1.17786,0.700549
0.9,2500,0.5,vfl_bc,5,O1 income ($),O,0.482865,0.336309,0.367623,-0.362003,0.0641981,0.00780857,47.0794,42.8817,52.4823,0.359083,0.376329,0,0,0.256045,0.97,0.753216,0.908558,0.761338
0.9,2500,0.5,vfl_bc,6,O2 age (yr),O,-0.30179,-337.216,0.266886,0.25676,0.0729995,0.00760489,35.094,31.8263,38.8325,0.256521,0.276656,0.085,0.09,298.214,0.74,0.879099,1.14537,0.884342
0.9,2500,0.5,vfl_bc,7,O3 binary,O,0.181074,7841.96,0.155738,-0.138639,0.0711253,0.00681308,22.8586,20.5508,25.6827,0.145939,0.164932,0.54,0.55,6744.68,0.74,0.75136,1.28454,0.860076
0.9,2500,0.5,vfl_bc,8,O4 count,O,0.0603581,881.06,0.081427,-0.0378679,0.0722669,0.00734043,11.093,9.83208,12.6404,0.0742329,0.0888124,0.94,0.94,1188.61,0.61,,,
0.9,2500,0.5,vfl_bc,9,O5 score,O,-0.120716,-805.341,0.129898,0.107267,0.0734458,0.00683132,19.0151,16.7452,21.7558,0.120594,0.138618,0.705,0.705,866.6,0.58,0.901598,1.68729,1.07607
0.9,2500,0.5,vfl_bc,10,O6 assets ($),O,0.362148,0.252222,0.284204,-0.273664,0.0768731,0.00758825,37.4532,34.0976,41.9399,0.273867,0.293985,0.085,0.085,0.197937,0.89,0.773435,1.00784,0.784772
0.9,2500,0.5,vfl_uncorrected,0,intercept,R,0,,0.0697779,0.00123237,0.0699421,0.00650948,10.7194,9.37186,12.3608,0.0634705,0.0758748,0.955,0.955,,,,,
0.9,2500,0.5,vfl_uncorrected,1,R1 score,R,0.603581,4030.22,0.454872,-0.449387,0.0705999,0.00707581,64.2854,58.8796,70.6048,0.445722,0.464697,0,0,3037.26,0.98,0.741614,0.894236,0.753622
0.9,2500,0.5,vfl_uncorrected,2,R2 binary,R,-0.362148,-15675.5,0.315861,0.306137,0.0779656,0.00638363,49.4798,44.6672,55.238,0.305188,0.326831,0.025,0.025,13672,0.755,0.841075,1.10298,0.872186
0.9,2500,0.5,vfl_uncorrected,3,R3 income ($),R,0.241432,0.168846,0.192061,-0.179849,0.0675629,0.00810468,23.6976,21.2182,26.6887,0.183272,0.200766,0.275,0.25,0.134318,0.835,0.754252,1.09016,0.795508
0.9,2500,0.5,vfl_uncorrected,4,R4 count,R,0.120716,1758.88,0.0856788,-0.0525924,0.0678077,0.00800675,10.7008,9.29429,12.3905,0.077792,0.0937282,0.89,0.89,1248.37,0.845,0.460887,1.20035,0.709754
0.9,2500,0.5,vfl_uncorrected,5,O1 income ($),O,0.482865,0.336309,0.361227,-0.354656,0.0687626,0.00780857,46.2604,42.1494,51.5281,0.352129,0.370497,0.005,0.005,0.25159,0.97,0.737065,0.901802,0.748092
0.9,2500,0.5,vfl_uncorrected,6,O2 age (yr),O,-0.30179,-337.216,0.264778,0.253094,0.0779817,0.00760489,34.8168,31.5358,38.5951,0.253754,0.275251,0.11,0.11,295.859,0.74,0.869169,1.16081,0.877356
0.9,2500,0.5,vfl_uncorrected,7,O3 binary,O,0.181074,7841.96,0.155779,-0.136096,0.0759872,0.00681308,22.8647,20.5317,25.7118,0.14548,0.165528,0.555,0.555,6746.48,0.74,0.740521,1.29928,0.860306
0.9,2500,0.5,vfl_uncorrected,8,O4 count,O,0.0603581,881.06,0.0851356,-0.0364371,0.0771372,0.00734043,11.5982,10.2926,13.2141,0.0774158,0.0929716,0.93,0.93,1242.74,0.61,,,
0.9,2500,0.5,vfl_uncorrected,9,O5 score,O,-0.120716,-805.341,0.131529,0.105686,0.0784934,0.00683132,19.2539,16.9283,22.0585,0.121825,0.140769,0.705,0.705,877.48,0.585,0.897121,1.74548,1.08958
0.9,2500,0.5,vfl_uncorrected,10,O6 assets ($),O,0.362148,0.252222,0.280441,-0.268134,0.0823705,0.00758825,36.9572,33.5854,41.4462,0.269399,0.290807,0.115,0.115,0.195316,0.885,0.76119,1.01039,0.77438
0.9,2500,1,vfl_bc,0,intercept,R,0,,0.0580252,0.00426947,0.0580132,0.00650948,8.91395,7.73296,10.3325,0.0519756,0.0639912,0.955,0.955,,,,,
0.9,2500,1,vfl_bc,1,R1 score,R,0.603581,4030.22,0.355776,-0.350007,0.0639688,0.00707581,50.2806,45.9905,55.7827,0.346884,0.36432,0,0,2375.59,1,0.583706,0.714538,0.589443
0.9,2500,1,vfl_bc,2,R2 binary,R,-0.362148,-15675.5,0.267833,0.259943,0.064691,0.00638363,41.9561,37.7672,47.1522,0.258766,0.277151,0.02,0.02,11593.1,0.925,0.70663,0.97379,0.739566
0.9,2500,1,vfl_bc,3,R3 income ($),R,0.241432,0.168846,0.15527,-0.141465,0.0641644,0.00810468,19.1581,17.0751,21.7117,0.146737,0.163993,0.44,0.415,0.108589,0.95,0.589036,0.910599,0.643122
0.9,2500,1,vfl_bc,4,R4 count,R,0.120716,1758.88,0.0699896,-0.0371278,0.0594791,0.00800675,8.74133,7.67241,10.0791,0.0640133,0.0756125,0.955,0.955,1019.77,0.935,0.411636,0.913546,0.579787
0.9,2500,1,vfl_bc,5,O1 income ($),O,0.482865,0.336309,0.294699,-0.287308,0.0657503,0.00780857,37.7404,34.1893,42.3945,0.285669,0.30392,0.015,0.02,0.205254,1,0.582682,0.774569,0.610313
0.9,2500,1,vfl_bc,6,O2 age (yr),O,-0.30179,-337.216,0.228079,0.216498,0.0719338,0.00760489,29.991,27.083,33.4532,0.218543,0.237493,0.135,0.145,254.852,0.88,0.728519,1.02876,0.755752
0.9,2500,1,vfl_bc,7,O3 binary,O,0.181074,7841.96,0.135266,-0.117749,0.06674,0.00681308,19.8538,17.8658,22.2967,0.127241,0.143335,0.625,0.625,5858.09,0.83,0.673335,1.11977,0.747019
0.9,2500,1,vfl_bc,8,O4 count,O,0.0603581,881.06,0.0734991,-0.0289534,0.0677256,0.00734043,10.0129,8.74747,11.5238,0.0665664,0.080588,0.96,0.96,1072.88,0.67,,,
0.9,2500,1,vfl_bc,9,O5 score,O,-0.120716,-805.341,0.117029,0.0988464,0.0628078,0.00683132,17.1312,14.9625,19.8018,0.109719,0.123975,0.72,0.72,780.74,0.61,0.872463,1.40697,0.969453
0.9,2500,1,vfl_bc,10,O6 assets ($),O,0.362148,0.252222,0.217592,-0.206491,0.0687846,0.00758825,28.6749,25.979,32.0263,0.208562,0.226898,0.21,0.205,0.151544,0.985,0.567321,0.819486,0.600837
0.9,2500,1,vfl_uncorrected,0,intercept,R,0,,0.0599,0.00439837,0.0598882,0.00650948,9.20196,7.97753,10.6595,0.0536517,0.0660651,0.955,0.955,,,,,
0.9,2500,1,vfl_uncorrected,1,R1 score,R,0.603581,4030.22,0.349801,-0.343519,0.0661594,0.00707581,49.4361,45.1809,54.8863,0.340655,0.358641,0,0,2335.69,1,0.574137,0.707917,0.579543
0.9,2500,1,vfl_uncorrected,2,R2 binary,R,-0.362148,-15675.5,0.264942,0.256451,0.0667025,0.00638363,41.5033,37.3329,46.6927,0.255606,0.274495,0.03,0.035,11468,0.925,0.699301,0.970571,0.731584
0.9,2500,1,vfl_uncorrected,3,R3 income ($),R,0.241432,0.168846,0.154002,-0.139092,0.0662729,0.00810468,19.0016,16.923,21.5569,0.145177,0.162938,0.455,0.435,0.107702,0.95,0.582073,0.912949,0.637869
0.9,2500,1,vfl_uncorrected,4,R4 count,R,0.120716,1758.88,0.0711553,-0.0364413,0.0612689,0.00800675,8.88691,7.795,10.2448,0.0650018,0.0768613,0.955,0.955,1036.76,0.925,0.421519,0.933859,0.589443
0.9,2500,1,vfl_uncorrected,5,O1 income ($),O,0.482865,0.336309,0.28635,-0.277772,0.0697357,0.00780857,36.6712,33.1741,41.2052,0.276766,0.296031,0.04,0.045,0.199439,1,0.561773,0.763209,0.593023
0.9,2500,1,vfl_uncorrected,6,O2 age (yr),O,-0.30179,-337.216,0.224227,0.211034,0.0759685,0.00760489,29.4845,26.6018,32.935,0.214192,0.234142,0.17,0.17,250.547,0.88,0.711427,1.02505,0.742988
0.9,2500,1,vfl_uncorrected,7,O3 binary,O,0.181074,7841.96,0.134712,-0.114849,0.0705834,0.00681308,19.7726,17.7678,22.2676,0.126371,0.143285,0.625,0.625,5834.11,0.83,0.656899,1.13336,0.743961
0.9,2500,1,vfl_uncorrected,8,O4 count,O,0.0603581,881.06,0.0765613,-0.0276241,0.0715832,0.00734043,10.4301,9.11104,12.0082,0.0692313,0.0840399,0.96,0.96,1117.58,0.67,,,
0.9,2500,1,vfl_uncorrected,9,O5 score,O,-0.120716,-805.341,0.117113,0.0965228,0.0664894,0.00683132,17.1435,14.9425,19.8271,0.109534,0.124335,0.725,0.725,781.302,0.61,0.852657,1.41691,0.97015
0.9,2500,1,vfl_uncorrected,10,O6 assets ($),O,0.362148,0.252222,0.211744,-0.19893,0.0727237,0.00758825,27.9042,25.2391,31.2584,0.202275,0.221561,0.23,0.225,0.147471,0.985,0.545597,0.808132,0.584688
0.9,2500,2,vfl_bc,0,intercept,R,0,,0.0549108,-0.00450483,0.054863,0.00650948,8.4355,7.36706,9.77986,0.04961,0.0597886,0.96,0.96,,,,,
0.9,2500,2,vfl_bc,1,R1 score,R,0.603581,4030.22,0.216663,-0.209262,0.0562849,0.00707581,30.6202,28.0538,33.9063,0.208928,0.224288,0.055,0.055,1446.7,1,0.347995,0.469935,0.358963
0.9,2500,2,vfl_bc,2,R2 binary,R,-0.362148,-15675.5,0.171947,0.160577,0.061642,0.00638363,26.9355,24.2027,30.2449,0.163938,0.179644,0.25,0.255,7442.69,1,0.455687,0.649451,0.474796
0.9,2500,2,vfl_bc,3,R3 income ($),R,0.241432,0.168846,0.102976,-0.0830841,0.0609888,0.00810468,12.7057,11.2287,14.4672,0.0952825,0.110444,0.745,0.72,0.0720162,1,0.34301,0.679842,0.42652
0.9,2500,2,vfl_bc,4,R4 count,R,0.120716,1758.88,0.0584506,-0.00675597,0.0582046,0.00800675,7.30017,6.3257,8.49295,0.0528358,0.0636398,0.98,0.98,851.647,0.975,0.337805,0.806043,0.484199
0.9,2500,2,vfl_bc,5,O1 income ($),O,0.482865,0.336309,0.187436,-0.17547,0.0660645,0.00780857,24.0039,21.5836,27.1643,0.178402,0.196344,0.31,0.315,0.130547,1,0.350976,0.541789,0.388176
0.9,2500,2,vfl_bc,6,O2 age (yr),O,-0.30179,-337.216,0.151432,0.137149,0.0643622,0.00760489,19.9124,17.929,22.2335,0.142359,0.159994,0.505,0.52,169.207,0.995,0.441812,0.726384,0.501777
0.9,2500,2,vfl_bc,7,O3 binary,O,0.181074,7841.96,0.0906181,-0.06608,0.0621643,0.00681308,13.3006,11.8697,15.0837,0.0831065,0.0981151,0.84,0.845,3924.49,0.975,0.373942,0.836942,0.500447
0.9,2500,2,vfl_bc,8,O4 count,O,0.0603581,881.06,0.0666396,-0.0173401,0.0645055,0.00734043,9.07843,7.8773,10.4712,0.0588533,0.0747739,0.955,0.955,972.753,0.74,,,
0.9,2500,2,vfl_bc,9,O5 score,O,-0.120716,-805.341,0.0926132,0.0648569,0.0662779,0.00683132,13.5571,11.8336,15.5737,0.0845731,0.101172,0.855,0.855,617.857,0.805,0.550863,1.20223,0.767199
0.9,2500,2,vfl_bc,10,O6 assets ($),O,0.362148,0.252222,0.145796,-0.128749,0.068584,0.00758825,19.2135,17.3015,21.5575,0.137943,0.15321,0.475,0.47,0.101541,1,0.378599,0.575238,0.402587
0.9,2500,2,vfl_uncorrected,0,intercept,R,0,,0.0561182,-0.00440236,0.0560857,0.00650948,8.62099,7.52532,9.99792,0.0507248,0.0611073,0.96,0.96,,,,,
0.9,2500,2,vfl_uncorrected,1,R1 score,R,0.603581,4030.22,0.209975,-0.201905,0.0577973,0.00707581,29.675,27.1373,32.8912,0.202086,0.217832,0.06,0.07,1402.04,1,0.337227,0.460713,0.347882
0.9,2500,2,vfl_uncorrected,2,R2 binary,R,-0.362148,-15675.5,0.167701,0.155272,0.0635167,0.00638363,26.2704,23.5643,29.5213,0.159595,0.175594,0.29,0.29,7258.9,1,0.441742,0.636534,0.463072
0.9,2500,2,vfl_uncorrected,3,R3 income ($),R,0.241432,0.168846,0.10178,-0.080322,0.0626676,0.00810468,12.5582,11.0802,14.3066,0.0938875,0.109361,0.765,0.735,0.0711802,1,0.329349,0.676282,0.421569
0.9,2500,2,vfl_uncorrected,4,R4 count,R,0.120716,1758.88,0.0603103,-0.00711039,0.0600399,0.00800675,7.53243,6.5278,8.75907,0.0544994,0.0655849,0.965,0.965,878.742,0.97,0.346986,0.826121,0.499604
0.9,2500,2,vfl_uncorrected,5,O1 income ($),O,0.482865,0.336309,0.177962,-0.163938,0.0694171,0.00780857,22.7906,20.4189,25.8454,0.16855,0.187278,0.37,0.4,0.123948,1,0.327215,0.527082,0.368554
0.9,2500,2,vfl_uncorrected,6,O2 age (yr),O,-0.30179,-337.216,0.14525,0.128703,0.0674966,0.00760489,19.0995,17.159,21.3916,0.135821,0.154168,0.55,0.555,162.3,0.995,0.412795,0.712128,0.481294
0.9,2500,2,vfl_uncorrected,7,O3 binary,O,0.181074,7841.96,0.0895689,-0.0616751,0.0651151,0.00681308,13.1466,11.7079,14.9391,0.0819996,0.0973568,0.855,0.855,3879.05,0.97,0.362203,0.838416,0.494653
0.9,2500,2,vfl_uncorrected,8,O4 count,O,0.0603581,881.06,0.0692683,-0.0159789,0.0675692,0.00734043,9.43654,8.17303,10.8896,0.0611822,0.0776412,0.955,0.955,1011.12,0.745,,,
0.9,2500,2,vfl_uncorrected,9,O5 score,O,-0.120716,-805.341,0.0923893,0.0608217,0.0697195,0.00683132,13.5244,11.7732,15.5623,0.0841078,0.101061,0.86,0.86,616.362,0.81,0.515081,1.20884,0.765343
0.9,2500,2,vfl_uncorrected,10,O6 assets ($),O,0.362148,0.252222,0.140139,-0.120416,0.0718658,0.00758825,18.4679,16.5905,20.7173,0.132084,0.14762,0.52,0.51,0.0976011,1,0.35806,0.564011,0.386965
0.9,2500,4,vfl_bc,0,intercept,R,0,,0.0518698,-0.00361079,0.0518738,0.00650948,7.96834,6.88947,9.29474,0.0466263,0.0573009,0.925,0.925,,,,,
0.9,2500,4,vfl_bc,1,R1 score,R,0.603581,4030.22,0.0501324,-0.00597968,0.0498994,0.00707581,7.08504,6.17272,8.09617,0.0448758,0.0548123,0.94,0.945,334.744,1,0.0545934,0.134806,0.0830584
0.9,2500,4,vfl_bc,2,R2 binary,R,-0.362148,-15675.5,0.0530646,0.00960614,0.0523189,0.00638363,8.31261,7.30201,9.63931,0.048658,0.0578146,0.965,0.97,2296.9,1,0.11267,0.23558,0.146527
0.9,2500,4,vfl_bc,3,R3 income ($),R,0.241432,0.168846,0.0551617,0.000500928,0.0552978,0.00810468,6.80615,5.83629,8.04326,0.0484557,0.0630417,0.975,0.97,0.0385774,1,0.146937,0.368651,0.228477
0.9,2500,4,vfl_bc,4,R4 count,R,0.120716,1758.88,0.0613786,0.0044721,0.061369,0.00800675,7.66585,6.59864,9.00442,0.05493,0.0673784,0.95,0.95,894.307,0.985,0.345757,0.850587,0.508454
0.9,2500,4,vfl_bc,5,O1 income ($),O,0.482865,0.336309,0.0750265,-0.0123516,0.0741885,0.00780857,9.60822,8.30774,11.2191,0.0664509,0.08403,0.94,0.945,0.0522549,1,0.0968249,0.251807,0.155378
0.9,2500,4,vfl_bc,6,O2 age (yr),O,-0.30179,-337.216,0.0642063,0.00668943,0.0640171,0.00760489,8.44276,7.42698,9.69215,0.0580875,0.0705927,0.965,0.965,71.7432,1,0.150305,0.345803,0.212751
0.9,2500,4,vfl_bc,7,O3 binary,O,0.181074,7841.96,0.0626102,-0.00547081,0.0625272,0.00681308,9.1897,7.86651,10.839,0.0551509,0.0705205,0.955,0.955,2711.52,0.995,0.20655,0.551581,0.345771
0.9,2500,4,vfl_bc,8,O4 count,O,0.0603581,881.06,0.0611282,0.00198224,0.0612494,0.00734043,8.3276,7.26537,9.61323,0.0547789,0.0673153,0.98,0.98,892.302,0.85,,,
0.9,2500,4,vfl_bc,9,O5 score,O,-0.120716,-805.341,0.0660154,-0.00111804,0.0661716,0.00683132,9.66364,8.27573,11.3917,0.0591025,0.0732711,0.955,0.955,440.413,0.965,0.386883,0.87516,0.546865
0.9,2500,4,vfl_bc,10,O6 assets ($),O,0.362148,0.252222,0.0628482,0.000677798,0.0630023,0.00758825,8.28231,7.19947,9.58512,0.0566591,0.069395,0.985,0.98,0.0437713,1,0.124396,0.272501,0.173543
0.9,2500,4,vfl_uncorrected,0,intercept,R,0,,0.0528424,-0.00355267,0.0528551,0.00650948,8.11775,7.02507,9.47375,0.0475449,0.0583124,0.925,0.925,,,,,
0.9,2500,4,vfl_uncorrected,1,R1 score,R,0.603581,4030.22,0.0510306,0.00149177,0.0511368,0.00707581,7.21198,6.30619,8.26138,0.045878,0.0555069,0.945,0.95,340.741,1,0.0547976,0.141992,0.0845465
0.9,2500,4,vfl_uncorrected,2,R2 binary,R,-0.362148,-15675.5,0.0536626,0.00350693,0.0536823,0.00638363,8.40628,7.36096,9.78536,0.0490961,0.0585549,0.975,0.975,2322.78,1,0.108121,0.237658,0.148179
0.9,2500,4,vfl_uncorrected,3,R3 income ($),R,0.241432,0.168846,0.0567346,0.00375426,0.0567523,0.00810468,7.00023,5.99565,8.28932,0.0499223,0.0649978,0.975,0.975,0.0396774,1,0.148881,0.372662,0.234992
0.9,2500,4,vfl_uncorrected,4,R4 count,R,0.120716,1758.88,0.0630038,0.00235778,0.0631177,0.00800675,7.86884,6.76436,9.25446,0.0564663,0.0692099,0.95,0.94,917.988,0.965,0.346766,0.878805,0.521917
0.9,2500,4,vfl_uncorrected,5,O1 income ($),O,0.482865,0.336309,0.0772372,0.000254274,0.0774306,0.00780857,9.89134,8.46217,11.6335,0.0678329,0.0875416,0.94,0.945,0.0537947,1,0.0999847,0.250405,0.159956
0.9,2500,4,vfl_uncorrected,6,O2 age (yr),O,-0.30179,-337.216,0.0667717,-0.0037588,0.0668331,0.00760489,8.7801,7.67528,10.134,0.0602189,0.073913,0.96,0.96,74.6097,1,0.147023,0.35911,0.221252
0.9,2500,4,vfl_uncorrected,7,O3 binary,O,0.181074,7841.96,0.0648562,-0.000547182,0.0650166,0.00681308,9.51936,8.12267,11.2324,0.0573467,0.0731186,0.94,0.94,2808.79,0.995,0.207877,0.561297,0.358175
0.9,2500,4,vfl_uncorrected,8,O4 count,O,0.0603581,881.06,0.0636151,0.00364888,0.0636698,0.00734043,8.6664,7.56082,10.003,0.056985,0.0700803,0.975,0.98,928.605,0.85,,,
0.9,2500,4,vfl_uncorrected,9,O5 score,O,-0.120716,-805.341,0.0690373,-0.00671948,0.0688819,0.00683132,10.106,8.65444,11.9162,0.0617412,0.0766818,0.97,0.97,460.573,0.965,0.387563,0.934451,0.571898
0.9,2500,4,vfl_uncorrected,10,O6 assets ($),O,0.362148,0.252222,0.0659676,0.00955676,0.0654355,0.00758825,8.69339,7.49527,10.1207,0.0590818,0.0730886,0.975,0.975,0.0459438,1,0.129965,0.294926,0.182156
0.9,2500,8,vfl_bc,0,intercept,R,0,,0.0268342,-0.00100476,0.0268827,0.00650948,4.12233,3.64456,4.66781,0.0242605,0.0293462,0.96,0.96,,,,,
0.9,2500,8,vfl_bc,1,R1 score,R,0.603581,4030.22,0.0299049,-0.00524768,0.0295148,0.00707581,4.22636,3.71031,4.81243,0.0270188,0.032892,0.95,0.94,199.681,1,0.0311846,0.078666,0.0495459
0.9,2500,8,vfl_bc,2,R2 binary,R,-0.362148,-15675.5,0.030375,0.000341298,0.0304493,0.00638363,4.75826,4.14567,5.50043,0.0277947,0.0331078,0.97,0.97,1314.78,1,0.0579836,0.136838,0.0838744
0.9,2500,8,vfl_bc,3,R3 income ($),R,0.241432,0.168846,0.0363102,0.00560824,0.0359645,0.00810468,4.48015,3.89925,5.19881,0.0328145,0.039874,0.91,0.92,0.0253936,1,0.10145,0.264558,0.150395
0.9,2500,8,vfl_bc,4,R4 count,R,0.120716,1758.88,0.0364649,0.00106154,0.0365409,0.00800675,4.55427,3.99132,5.27854,0.033331,0.0397954,0.93,0.92,531.306,1,0.200846,0.517582,0.302071
0.9,2500,8,vfl_bc,5,O1 income ($),O,0.482865,0.336309,0.0412087,-0.00365731,0.0411491,0.00780857,5.27737,4.59374,6.05463,0.0374869,0.0447587,0.95,0.955,0.0287013,1,0.0588204,0.144979,0.0853422
0.9,2500,8,vfl_bc,6,O2 age (yr),O,-0.30179,-337.216,0.04339,0.00194078,0.0434554,0.00760489,5.70554,5.04736,6.45493,0.0397151,0.0472494,0.93,0.935,48.4833,1,0.106805,0.228314,0.143775
0.9,2500,8,vfl_bc,7,O3 binary,O,0.181074,7841.96,0.0363929,0.00217547,0.036419,0.00681308,5.34162,4.70834,6.12573,0.0332322,0.039602,0.955,0.955,1576.1,1,0.143376,0.348059,0.200983
0.9,2500,8,vfl_bc,8,O4 count,O,0.0603581,881.06,0.03772,0.00612129,0.0373134,0.00734043,5.13867,4.57136,5.87005,0.0343985,0.0410564,0.97,0.97,550.608,0.955,,,
0.9,2500,8,vfl_bc,9,O5 score,O,-0.120716,-805.341,0.0377379,-0.00500622,0.0374982,0.00683132,5.52424,4.68995,6.43402,0.0340979,0.0411219,0.97,0.97,251.763,1,0.216948,0.535221,0.312617
0.9,2500,8,vfl_bc,10,O6 assets ($),O,0.362148,0.252222,0.0362955,0.00435966,0.0361231,0.00758825,4.78312,4.14043,5.48714,0.0325027,0.0398073,0.945,0.945,0.0252783,1,0.0625352,0.181923,0.100223
0.9,2500,8,vfl_uncorrected,0,intercept,R,0,,0.0269982,-0.00097724,0.0270482,0.00650948,4.14751,3.66521,4.69443,0.0244034,0.0295173,0.96,0.96,,,,,
0.9,2500,8,vfl_uncorrected,1,R1 score,R,0.603581,4030.22,0.0297621,-0.00304298,0.0296804,0.00707581,4.20617,3.69942,4.78792,0.0269524,0.0326831,0.94,0.945,198.727,1,0.0316906,0.0773456,0.0493092
0.9,2500,8,vfl_uncorrected,2,R2 binary,R,-0.362148,-15675.5,0.0306311,-0.00151372,0.0306704,0.00638363,4.79838,4.176,5.55787,0.027963,0.0333814,0.965,0.955,1325.86,1,0.0598782,0.136621,0.0845816
0.9,2500,8,vfl_uncorrected,3,R3 income ($),R,0.241432,0.168846,0.0367493,0.00660203,0.0362421,0.00810468,4.53433,3.94544,5.26389,0.0331561,0.040396,0.915,0.92,0.0257007,1,0.100432,0.268911,0.152214
0.9,2500,8,vfl_uncorrected,4,R4 count,R,0.120716,1758.88,0.0367574,0.000427566,0.0368472,0.00800675,4.5908,4.02625,5.31709,0.0335625,0.0400823,0.92,0.915,535.569,1,0.197428,0.519453,0.304495
0.9,2500,8,vfl_uncorrected,5,O1 income ($),O,0.482865,0.336309,0.0415781,0.000105759,0.0416823,0.00780857,5.32467,4.63808,6.12039,0.0377131,0.0451813,0.95,0.955,0.0289586,1,0.0592062,0.141629,0.0861072
0.9,2500,8,vfl_uncorrected,6,O2 age (yr),O,-0.30179,-337.216,0.0438742,-0.00117915,0.0439684,0.00760489,5.7692,5.09591,6.53936,0.040239,0.0478809,0.92,0.925,49.0243,1,0.1061,0.232591,0.14538
0.9,2500,8,vfl_uncorrected,7,O3 binary,O,0.181074,7841.96,0.0369003,0.00367878,0.0368086,0.00681308,5.41609,4.7776,6.22277,0.0337089,0.0401513,0.955,0.955,1598.07,1,0.147325,0.350777,0.203785
0.9,2500,8,vfl_uncorrected,8,O4 count,O,0.0603581,881.06,0.0382017,0.0066625,0.0377106,0.00734043,5.20428,4.63447,5.94339,0.0348385,0.0415728,0.97,0.97,557.638,0.955,,,
0.9,2500,8,vfl_uncorrected,9,O5 score,O,-0.120716,-805.341,0.038453,-0.00670244,0.0379594,0.00683132,5.62892,4.77015,6.55966,0.0347319,0.0418936,0.96,0.96,256.534,1,0.20981,0.535563,0.31854
0.9,2500,8,vfl_uncorrected,10,O6 assets ($),O,0.362148,0.252222,0.0370898,0.00700642,0.0365134,0.00758825,4.88779,4.2242,5.6263,0.033122,0.0407406,0.935,0.95,0.0258315,1,0.0651526,0.188681,0.102416
0.9,5000,,ols,0,intercept,R,0,,0.00483265,0.00101827,0.00473601,0.00473601,1.02041,1.0006,1.06217,0.00434227,0.00528002,0.92,0.93,,,,,
0.9,5000,,ols,1,R1 score,R,0.603581,4030.22,0.0048492,-0.00195171,0.00445023,0.00445023,1.08965,1.03981,1.16115,0.00428729,0.00536846,0.94,0.955,32.379,1,0.00538972,0.0127347,0.00803405
0.9,5000,,ols,2,R2 binary,R,-0.362148,-15675.5,0.00461244,0.0010263,0.0045081,0.0045081,1.02315,1.00195,1.06561,0.00420724,0.005014,0.955,0.965,199.649,1,0.00918604,0.0206386,0.0127363
0.9,5000,,ols,3,R3 income ($),R,0.241432,0.168846,0.00657836,0.0035316,0.00556394,0.00556394,1.18232,1.10825,1.28514,0.00598084,0.00717116,0.855,0.925,0.00460058,1,0.0203313,0.0425712,0.0272472
0.9,5000,,ols,4,R4 count,R,0.120716,1758.88,0.00504103,0.00043153,0.00503512,0.00503512,1.00117,0.99751,1.02215,0.00457335,0.00550305,0.96,0.955,73.4495,1,0.0316148,0.0659097,0.0417593
0.9,5000,,ols,5,O1 income ($),O,0.482865,0.336309,0.00724016,-0.00476617,0.00546377,0.00546377,1.32512,1.22399,1.44781,0.00661638,0.00781208,0.76,0.94,0.00504267,1,0.0103615,0.0251863,0.0149942
0.9,5000,,ols,6,O2 age (yr),O,-0.30179,-337.216,0.00476145,0.00139922,0.00456264,0.00456264,1.04357,1.0114,1.09711,0.00430734,0.00521469,0.94,0.965,5.32037,1,0.0108342,0.0256456,0.0157773
0.9,5000,,ols,7,O3 binary,O,0.181074,7841.96,0.00480368,-0.000878228,0.00473457,0.00473457,1.0146,0.998532,1.0511,0.00439297,0.00524458,0.94,0.945,208.038,1,0.0187469,0.0451581,0.0265288
0.9,5000,,ols,8,O4 count,O,0.0603581,881.06,0.00520398,0.000800078,0.00515501,0.00515501,1.0095,0.997729,1.04005,0.00467301,0.00578122,0.935,0.945,75.9637,1,,,
0.9,5000,,ols,9,O5 score,O,-0.120716,-805.341,0.00542492,4.81057e-05,0.00543832,0.00543832,0.997536,0.997499,1.01037,0.00496334,0.00590185,0.905,0.905,36.1916,1,0.0292688,0.0761994,0.0449395
0.9,5000,,ols,10,O6 assets ($),O,0.362148,0.252222,0.00463162,0.000680689,0.00459283,0.00459283,1.00845,0.997715,1.03984,0.00421241,0.0050609,0.955,0.965,0.00322574,1,0.00895415,0.021347,0.0127893
0.9,5000,,ols_unclipped,0,intercept,R,0,,0.00475712,0.000331706,0.00475745,0.00473601,1.00446,0.98494,1.0309,0.00425356,0.00519842,,,,,,,
0.9,5000,,ols_unclipped,1,R1 score,R,0.603581,4030.22,0.00449635,0.000555348,0.00447312,0.00445023,1.01036,0.979614,1.05131,0.0039717,0.00502382,,,30.023,1,0.00420499,0.0117775,0.00744947
0.9,5000,,ols_unclipped,2,R2 binary,R,-0.362148,-15675.5,0.00445112,-3.5198e-05,0.00446215,0.0045081,0.987363,0.959837,1.0216,0.00410284,0.00478401,,,192.666,1,0.00872469,0.0200775,0.0122909
0.9,5000,,ols_unclipped,3,R3 income ($),R,0.241432,0.168846,0.00494402,0.000214855,0.00495174,0.00556394,0.888582,0.831046,0.952384,0.00443328,0.00544515,,,0.00345761,1,0.0142584,0.0307843,0.0204779
0.9,5000,,ols_unclipped,4,R4 count,R,0.120716,1758.88,0.00476518,-0.000261888,0.00476992,0.00503512,0.946388,0.909488,0.992643,0.00438469,0.00514974,,,69.4304,1,0.028897,0.0630408,0.0394743
0.9,5000,,ols_unclipped,5,O1 income ($),O,0.482865,0.336309,0.00476446,-0.000308605,0.00476639,0.00546377,0.872009,0.803573,0.947994,0.00430977,0.00521221,,,0.00331838,1,0.00719355,0.0156867,0.00986708
0.9,5000,,ols_unclipped,6,O2 age (yr),O,-0.30179,-337.216,0.00451912,-4.43496e-05,0.00453024,0.00456264,0.990461,0.964405,1.02408,0.00406859,0.00496269,,,5.04959,1,0.0106341,0.0229853,0.0149744
0.9,5000,,ols_unclipped,7,O3 binary,O,0.181074,7841.96,0.00473661,-8.02518e-06,0.00474849,0.00473457,1.00043,0.982564,1.02476,0.00432083,0.00517239,,,205.133,1,0.0170823,0.0463113,0.0261584
0.9,5000,,ols_unclipped,8,O4 count,O,0.0603581,881.06,0.00506318,0.00021168,0.00507145,0.00515501,0.982185,0.951611,1.01874,0.00455891,0.00555251,,,73.9084,1,,,
0.9,5000,,ols_unclipped,9,O5 score,O,-0.120716,-805.341,0.00531999,-0.00011242,0.00533214,0.00543832,0.978241,0.957356,1.00391,0.00486096,0.00578877,,,35.4916,1,0.0294993,0.07536,0.0440702
0.9,5000,,ols_unclipped,10,O6 assets ($),O,0.362148,0.252222,0.00429316,-9.11959e-05,0.00430296,0.00459283,0.934753,0.877073,1.00162,0.00390476,0.00468069,,,0.00299001,1,0.00879806,0.0197348,0.0118547
0.9,5000,0.5,vfl_bc,0,intercept,R,0,,0.061921,-0.00984149,0.0612874,0.00473601,13.0745,11.3035,15.0703,0.0553002,0.0685889,0.96,0.96,,,,,
0.9,5000,0.5,vfl_bc,1,R1 score,R,0.603581,4030.22,0.342487,-0.336176,0.0656094,0.00445023,76.9594,69.0261,87.5276,0.332753,0.351543,0.005,0.005,2286.85,1,0.536624,0.697982,0.567426
0.9,5000,0.5,vfl_bc,2,R2 binary,R,-0.362148,-15675.5,0.251059,0.243944,0.0594917,0.0045081,55.6906,51.0983,61.4784,0.242971,0.258725,0.03,0.03,10867,0.965,0.670278,0.893955,0.693248
0.9,5000,0.5,vfl_bc,3,R3 income ($),R,0.241432,0.168846,0.143524,-0.128431,0.0642294,0.00556394,25.7955,23.1256,29.2575,0.135315,0.151772,0.54,0.515,0.100374,0.955,0.500487,0.883276,0.59447
0.9,5000,0.5,vfl_bc,4,R4 count,R,0.120716,1758.88,0.0679481,-0.0284638,0.0618538,0.00503512,13.4948,11.9796,15.3156,0.0621418,0.0736618,0.965,0.965,990.029,0.955,0.442154,0.896473,0.562875
0.9,5000,0.5,vfl_bc,5,O1 income ($),O,0.482865,0.336309,0.286406,-0.278715,0.0660926,0.00546377,52.4191,47.4907,58.6668,0.277867,0.295437,0.035,0.04,0.199478,1,0.593573,0.740279,0.59314
0.9,5000,0.5,vfl_bc,6,O2 age (yr),O,-0.30179,-337.216,0.217009,0.205886,0.0687572,0.00456264,47.5621,42.9813,53.4046,0.207522,0.226151,0.185,0.185,242.482,0.915,0.666175,0.994794,0.719071
0.9,5000,0.5,vfl_bc,7,O3 binary,O,0.181074,7841.96,0.12509,-0.106262,0.0661641,0.00473457,26.4205,23.5365,29.715,0.115704,0.134621,0.685,0.685,5417.38,0.89,0.58397,1.05263,0.69082
0.9,5000,0.5,vfl_bc,8,O4 count,O,0.0603581,881.06,0.0733765,-0.0229968,0.0698545,0.00515501,14.234,12.3808,16.3995,0.0664828,0.0800722,0.935,0.935,1071.09,0.705,,,
0.9,5000,0.5,vfl_bc,9,O5 score,O,-0.120716,-805.341,0.116103,0.095546,0.0661259,0.00543832,21.349,19.2878,23.8174,0.107867,0.124839,0.745,0.745,774.563,0.64,0.809401,1.40549,0.961782
0.9,5000,0.5,vfl_bc,10,O6 assets ($),O,0.362148,0.252222,0.215491,-0.204941,0.0667666,0.00459283,46.919,42.876,52.1158,0.20684,0.223812,0.185,0.185,0.150081,0.995,0.563189,0.797016,0.595034
0.9,5000,0.5,vfl_uncorrected,0,intercept,R,0,,0.0636788,-0.0100536,0.063038,0.00473601,13.4457,11.631,15.4794,0.0568753,0.0704643,0.96,0.955,,,,,
0.9,5000,0.5,vfl_uncorrected,1,R1 score,R,0.603581,4030.22,0.33641,-0.329548,0.0677724,0.00445023,75.5938,67.7394,85.9761,0.326236,0.345693,0.005,0.005,2246.27,1,0.523809,0.691625,0.557357
0.9,5000,0.5,vfl_uncorrected,2,R2 binary,R,-0.362148,-15675.5,0.247666,0.239987,0.0613477,0.0045081,54.938,50.3508,60.6521,0.239359,0.25555,0.035,0.035,10720.2,0.965,0.660946,0.882757,0.683879
0.9,5000,0.5,vfl_uncorrected,3,R3 income ($),R,0.241432,0.168846,0.142312,-0.125982,0.0663556,0.00556394,25.5775,22.9059,29.0592,0.133878,0.150797,0.55,0.54,0.0995259,0.955,0.489914,0.886594,0.589448
0.9,5000,0.5,vfl_uncorrected,4,R4 count,R,0.120716,1758.88,0.0694448,-0.0275563,0.0639035,0.00503512,13.7921,12.236,15.6521,0.0634542,0.0752587,0.965,0.96,1011.84,0.945,0.451693,0.932897,0.575274
0.9,5000,0.5,vfl_uncorrected,5,O1 income ($),O,0.482865,0.336309,0.277792,-0.268872,0.0700062,0.00546377,50.8426,46.0544,56.9413,0.268842,0.287316,0.05,0.055,0.193479,1,0.576051,0.728271,0.575301
0.9,5000,0.5,vfl_uncorrected,6,O2 age (yr),O,-0.30179,-337.216,0.212461,0.199703,0.072694,0.00456264,46.5652,42.0035,52.3393,0.202602,0.221948,0.215,0.22,237.4,0.915,0.646508,0.989195,0.704
0.9,5000,0.5,vfl_uncorrected,7,O3 binary,O,0.181074,7841.96,0.124075,-0.102718,0.0697713,0.00473457,26.2062,23.2329,29.5417,0.114155,0.134082,0.71,0.71,5373.44,0.89,0.572933,1.05318,0.685217
0.9,5000,0.5,vfl_uncorrected,8,O4 count,O,0.0603581,881.06,0.0768074,-0.0213688,0.0739601,0.00515501,14.8995,12.9624,17.2019,0.0697443,0.0838657,0.925,0.925,1121.17,0.705,,,
0.9,5000,0.5,vfl_uncorrected,9,O5 score,O,-0.120716,-805.341,0.116261,0.0928404,0.0701556,0.00543832,21.3781,19.2989,23.8995,0.10755,0.12547,0.75,0.75,775.617,0.65,0.791189,1.42625,0.963091
0.9,5000,0.5,vfl_uncorrected,10,O6 assets ($),O,0.362148,0.252222,0.209749,-0.197542,0.0706882,0.00459283,45.6688,41.7438,50.7927,0.200691,0.218433,0.2,0.2,0.146082,0.995,0.54296,0.786734,0.57918
0.9,5000,1,vfl_bc,0,intercept,R,0,,0.0595545,0.00154377,0.0596839,0.00473601,12.5748,10.8567,14.6588,0.0532593,0.0657795,0.94,0.935,,,,,
0.9,5000,1,vfl_bc,1,R1 score,R,0.603581,4030.22,0.198139,-0.189013,0.0595897,0.00445023,44.5234,39.8986,50.7476,0.18994,0.206596,0.09,0.1,1323.01,1,0.308039,0.431684,0.328273
0.9,5000,1,vfl_bc,2,R2 binary,R,-0.362148,-15675.5,0.158213,0.145383,0.0625677,0.0045081,35.0953,31.8589,38.9891,0.150102,0.166017,0.31,0.31,6848.22,1,0.406753,0.599376,0.436873
0.9,5000,1,vfl_bc,3,R3 income ($),R,0.241432,0.168846,0.097907,-0.0765947,0.0611369,0.00556394,17.5967,15.8112,19.8374,0.0910296,0.104999,0.77,0.765,0.0684714,1,0.317556,0.669346,0.405526
0.9,5000,1,vfl_bc,4,R4 count,R,0.120716,1758.88,0.0545038,0.0034801,0.0545291,0.00503512,10.8247,9.65095,12.2459,0.0499056,0.0588186,0.985,0.985,794.141,0.995,0.353118,0.707414,0.451504
0.9,5000,1,vfl_bc,5,O1 income ($),O,0.482865,0.336309,0.170171,-0.157144,0.0654623,0.00546377,31.1453,28.1861,34.7824,0.161361,0.178523,0.375,0.395,0.118522,1,0.324397,0.500326,0.352419
0.9,5000,1,vfl_bc,6,O2 age (yr),O,-0.30179,-337.216,0.145576,0.128888,0.0678469,0.00456264,31.906,28.6768,35.7278,0.137048,0.154107,0.505,0.51,162.664,1,0.447253,0.695461,0.482373
0.9,5000,1,vfl_bc,7,O3 binary,O,0.181074,7841.96,0.0921393,-0.0654085,0.065058,0.00473457,19.461,17.2929,21.9707,0.0844772,0.099473,0.85,0.855,3990.37,0.97,0.393333,0.843365,0.508848
0.9,5000,1,vfl_bc,8,O4 count,O,0.0603581,881.06,0.0707323,-0.0237762,0.0667836,0.00515501,13.7211,11.8072,16.0011,0.0633782,0.0779922,0.95,0.95,1032.5,0.73,,,
0.9,5000,1,vfl_bc,9,O5 score,O,-0.120716,-805.341,0.0880187,0.0573322,0.0669532,0.00543832,16.1849,14.2651,18.2621,0.0798854,0.096268,0.845,0.845,587.205,0.82,0.496328,1.24976,0.729138
0.9,5000,1,vfl_bc,10,O6 assets ($),O,0.362148,0.252222,0.12437,-0.108544,0.0608653,0.00459283,27.0791,24.2028,30.426,0.115993,0.13224,0.635,0.635,0.0866185,1,0.295213,0.509028,0.343422
0.9,5000,1,vfl_uncorrected,0,intercept,R,0,,0.0611372,0.00178634,0.0612644,0.00473601,12.909,11.1527,15.0544,0.0547421,0.0675173,0.935,0.935,,,,,
0.9,5000,1,vfl_uncorrected,1,R1 score,R,0.603581,4030.22,0.191584,-0.181617,0.061145,0.00445023,43.0504,38.5248,49.124,0.183173,0.200181,0.12,0.13,1279.25,1,0.294787,0.420953,0.317413
0.9,5000,1,vfl_uncorrected,2,R2 binary,R,-0.362148,-15675.5,0.154103,0.140063,0.064428,0.0045081,34.1836,31.0407,38.0159,0.145843,0.162111,0.345,0.36,6670.33,1,0.38907,0.590904,0.425525
0.9,5000,1,vfl_uncorrected,3,R3 income ($),R,0.241432,0.168846,0.0970023,-0.0739169,0.0629728,0.00556394,17.4341,15.6534,19.6996,0.0899511,0.104154,0.79,0.765,0.0678387,1,0.309006,0.66612,0.401779
0.9,5000,1,vfl_uncorrected,4,R4 count,R,0.120716,1758.88,0.0560648,0.00324063,0.0561115,0.00503512,11.1347,9.919,12.585,0.0513114,0.0605242,0.985,0.985,816.884,0.99,0.365718,0.745057,0.464435
0.9,5000,1,vfl_uncorrected,5,O1 income ($),O,0.482865,0.336309,0.160824,-0.145485,0.0687164,0.00546377,29.4346,26.5659,32.8953,0.151726,0.169481,0.445,0.46,0.112012,1,0.299681,0.483494,0.333062
0.9,5000,1,vfl_uncorrected,6,O2 age (yr),O,-0.30179,-337.216,0.13964,0.120266,0.0711384,0.00456264,30.6051,27.4865,34.3017,0.130808,0.148285,0.55,0.56,156.032,1,0.421205,0.678339,0.462706
0.9,5000,1,vfl_uncorrected,7,O3 binary,O,0.181074,7841.96,0.0914532,-0.0610412,0.0682713,0.00473457,19.3161,17.111,21.8359,0.0835013,0.09903,0.855,0.855,3960.65,0.965,0.382895,0.837075,0.505059
0.9,5000,1,vfl_uncorrected,8,O4 count,O,0.0603581,881.06,0.0735631,-0.0227657,0.0701273,0.00515501,14.2702,12.2774,16.6785,0.0659842,0.0811284,0.945,0.945,1073.82,0.725,,,
0.9,5000,1,vfl_uncorrected,9,O5 score,O,-0.120716,-805.341,0.0879939,0.0530178,0.0704048,0.00543832,16.1804,14.2202,18.2651,0.079705,0.0964758,0.85,0.85,587.039,0.82,0.501781,1.25569,0.728933
0.9,5000,1,vfl_uncorrected,10,O6 assets ($),O,0.362148,0.252222,0.118382,-0.0997925,0.0638443,0.00459283,25.7754,23.0053,29.0875,0.109767,0.126625,0.675,0.665,0.0824482,1,0.268043,0.500421,0.326888
0.9,5000,2,vfl_bc,0,intercept,R,0,,0.044197,0.00403416,0.044123,0.00473601,9.33212,8.15686,10.7972,0.0399539,0.0485042,0.93,0.935,,,,,
0.9,5000,2,vfl_bc,1,R1 score,R,0.603581,4030.22,0.0436008,-0.00101664,0.0436983,0.00445023,9.79742,8.65791,11.1869,0.0394405,0.0474675,0.97,0.97,291.131,1,0.0486061,0.123097,0.0722369
0.9,5000,2,vfl_bc,2,R2 binary,R,-0.362148,-15675.5,0.0497825,0.00105992,0.0498961,0.0045081,11.0429,9.64777,12.6565,0.0445354,0.054468,0.955,0.955,2154.83,1,0.092099,0.213102,0.137464
0.9,5000,2,vfl_bc,3,R3 income ($),R,0.241432,0.168846,0.0514612,0.00644444,0.0511842,0.00556394,9.24906,8.02295,10.731,0.0469143,0.0558856,0.97,0.99,0.0359894,1,0.14526,0.349201,0.213149
0.9,5000,2,vfl_bc,4,R4 count,R,0.120716,1758.88,0.0592336,-0.00312836,0.0592994,0.00503512,11.7641,10.3778,13.346,0.0538575,0.0642478,0.955,0.955,863.055,0.99,0.350651,0.814672,0.490685
0.9,5000,2,vfl_bc,5,O1 income ($),O,0.482865,0.336309,0.0695876,0.00343302,0.0696773,0.00546377,12.7362,11.1363,14.569,0.0626598,0.0761012,0.935,0.94,0.0484668,1,0.089442,0.25453,0.144114
0.9,5000,2,vfl_bc,6,O2 age (yr),O,-0.30179,-337.216,0.0644719,-0.00553746,0.0643949,0.00456264,14.1304,12.2252,16.3162,0.0573627,0.0718718,0.95,0.95,72.0399,1,0.135639,0.33338,0.213631
0.9,5000,2,vfl_bc,7,O3 binary,O,0.181074,7841.96,0.0559524,0.0019168,0.0560599,0.00473457,11.8179,10.4006,13.4606,0.0504767,0.0612408,0.98,0.98,2423.19,1,0.189022,0.504261,0.309003
0.9,5000,2,vfl_bc,8,O4 count,O,0.0603581,881.06,0.0629917,-0.00448292,0.0629896,0.00515501,12.2195,10.4458,14.2172,0.0561316,0.0696364,0.955,0.955,919.503,0.845,,,
0.9,5000,2,vfl_bc,9,O5 score,O,-0.120716,-805.341,0.066215,-0.00537943,0.0661618,0.00543832,12.1756,10.7831,13.6273,0.0601161,0.0717378,0.965,0.965,441.744,0.985,0.377746,0.895919,0.548518
0.9,5000,2,vfl_bc,10,O6 assets ($),O,0.362148,0.252222,0.0610429,0.00415775,0.0610539,0.00459283,13.2909,11.6206,15.2738,0.0550063,0.0668632,0.965,0.96,0.0425139,1,0.111682,0.275985,0.168558
0.9,5000,2,vfl_uncorrected,0,intercept,R,0,,0.0449786,0.00416806,0.0448975,0.00473601,9.49716,8.30046,10.9993,0.0406726,0.0493589,0.935,0.93,,,,,
0.9,5000,2,vfl_uncorrected,1,R1 score,R,0.603581,4030.22,0.0448442,0.00542646,0.0446264,0.00445023,10.0768,8.93992,11.5275,0.0407131,0.0487482,0.965,0.97,299.433,1,0.0478301,0.126699,0.074297
0.9,5000,2,vfl_uncorrected,2,R2 binary,R,-0.362148,-15675.5,0.0509642,-0.00437725,0.0509033,0.0045081,11.305,9.8667,12.9634,0.0455421,0.0559738,0.945,0.955,2205.98,1,0.0971366,0.226975,0.140727
0.9,5000,2,vfl_uncorrected,3,R3 income ($),R,0.241432,0.168846,0.0531468,0.00935114,0.0524489,0.00556394,9.55201,8.27932,11.0839,0.0483368,0.0577416,0.965,0.97,0.0371683,1,0.151822,0.359287,0.220131
0.9,5000,2,vfl_uncorrected,4,R4 count,R,0.120716,1758.88,0.0608472,-0.00509032,0.0607861,0.00503512,12.0845,10.647,13.7272,0.0553741,0.0659466,0.955,0.955,886.566,0.98,0.350227,0.851789,0.504052
0.9,5000,2,vfl_uncorrected,5,O1 income ($),O,0.482865,0.336309,0.0734763,0.0146176,0.0721883,0.00546377,13.4479,11.7255,15.4598,0.0658999,0.0807351,0.93,0.92,0.0511753,1,0.0948028,0.272076,0.152168
0.9,5000,2,vfl_uncorrected,6,O2 age (yr),O,-0.30179,-337.216,0.0682252,-0.0148433,0.066758,0.00456264,14.953,12.9138,17.2466,0.0606493,0.0759465,0.95,0.95,76.2338,1,0.150029,0.333011,0.226068
0.9,5000,2,vfl_uncorrected,7,O3 binary,O,0.181074,7841.96,0.0582297,0.0063581,0.0580267,0.00473457,12.2988,10.7833,14.0415,0.0523743,0.0637894,0.975,0.975,2521.81,1,0.19341,0.53009,0.321579
0.9,5000,2,vfl_uncorrected,8,O4 count,O,0.0603581,881.06,0.0650706,-0.00322377,0.0651537,0.00515501,12.6228,10.7859,14.7087,0.0579567,0.0720264,0.95,0.95,949.85,0.835,,,
0.9,5000,2,vfl_uncorrected,9,O5 score,O,-0.120716,-805.341,0.0692613,-0.0103164,0.0686605,0.00543832,12.7358,11.2875,14.2283,0.0629926,0.0751269,0.955,0.955,462.067,0.985,0.39358,0.929391,0.573753
0.9,5000,2,vfl_uncorrected,10,O6 assets ($),O,0.362148,0.252222,0.0640957,0.0118167,0.0631551,0.00459283,13.9556,12.2033,16.0836,0.0576496,0.0702025,0.965,0.965,0.0446401,1,0.127787,0.294678,0.176987
0.9,5000,4,vfl_bc,0,intercept,R,0,,0.0237442,9.86413e-05,0.0238036,0.00473601,5.01354,4.43038,5.71423,0.0215437,0.0260175,0.955,0.955,,,,,
0.9,5000,4,vfl_bc,1,R1 score,R,0.603581,4030.22,0.0234199,-0.00121524,0.0234471,0.00445023,5.26263,4.51212,6.15367,0.0210767,0.0256577,0.965,0.96,156.379,1,0.0245715,0.064265,0.0388017
0.9,5000,4,vfl_bc,2,R2 binary,R,-0.362148,-15675.5,0.0276894,0.00107939,0.0277378,0.0045081,6.14215,5.36326,7.08917,0.0248382,0.0306178,0.94,0.93,1198.53,1,0.0491983,0.125454,0.0764587
0.9,5000,4,vfl_bc,3,R3 income ($),R,0.241432,0.168846,0.0288062,0.000127476,0.0288782,0.00556394,5.17731,4.62525,5.86628,0.0262842,0.0314137,0.965,0.955,0.0201457,1,0.0853925,0.2017,0.119314
0.9,5000,4,vfl_bc,4,R4 count,R,0.120716,1758.88,0.0299761,0.00448379,0.0297133,0.00503512,5.9534,5.25085,6.78093,0.0272887,0.0327344,0.945,0.945,436.763,1,0.173777,0.415944,0.248319
0.9,5000,4,vfl_bc,5,O1 income ($),O,0.482865,0.336309,0.0355631,-0.0114121,0.0337669,0.00546377,6.50889,5.75391,7.40135,0.032561,0.038422,0.94,0.955,0.0247692,1,0.0568209,0.12231,0.0736503
0.9,5000,4,vfl_bc,6,O2 age (yr),O,-0.30179,-337.216,0.034074,0.005613,0.0336928,0.00456264,7.46804,6.56498,8.51236,0.0310807,0.0369992,0.945,0.965,38.0737,1,0.0772116,0.182134,0.112906
0.9,5000,4,vfl_bc,7,O3 binary,O,0.181074,7841.96,0.0319441,-0.00545768,0.0315534,0.00473457,6.747,5.9599,7.62164,0.0291066,0.0348544,0.94,0.945,1383.44,1,0.130348,0.283075,0.176415
0.9,5000,4,vfl_bc,8,O4 count,O,0.0603581,881.06,0.0318486,0.00289792,0.031796,0.00515501,6.17817,5.30478,7.16524,0.0285675,0.035086,0.965,0.965,464.901,0.98,,,
0.9,5000,4,vfl_bc,9,O5 score,O,-0.120716,-805.341,0.0352726,-0.000138295,0.0353608,0.00543832,6.48593,5.69727,7.43766,0.03189,0.0386826,0.95,0.95,235.316,1,0.210466,0.494006,0.292194
0.9,5000,4,vfl_bc,10,O6 assets ($),O,0.362148,0.252222,0.035745,-0.00123579,0.0358133,0.00459283,7.78279,6.81141,8.92196,0.0320504,0.0394205,0.935,0.935,0.024895,1,0.0629546,0.16494,0.0987027
0.9,5000,4,vfl_uncorrected,0,intercept,R,0,,0.0238623,0.000141146,0.0239217,0.00473601,5.03847,4.45209,5.74349,0.0216492,0.0261447,0.955,0.955,,,,,
0.9,5000,4,vfl_uncorrected,1,R1 score,R,0.603581,4030.22,0.0235202,0.000563339,0.0235725,0.00445023,5.28517,4.53216,6.18617,0.0211315,0.0257275,0.96,0.955,157.049,1,0.0262327,0.0640022,0.0389678
0.9,5000,4,vfl_uncorrected,2,R2 binary,R,-0.362148,-15675.5,0.027819,-0.000409192,0.0278858,0.0045081,6.1709,5.4008,7.11171,0.0250126,0.0307681,0.93,0.935,1204.14,1,0.0471891,0.126469,0.0768166
0.9,5000,4,vfl_uncorrected,3,R3 income ($),R,0.241432,0.168846,0.0289783,0.000899624,0.029037,0.00556394,5.20824,4.64768,5.90364,0.0264294,0.03159,0.965,0.96,0.020266,1,0.0856593,0.20263,0.120027
0.9,5000,4,vfl_uncorrected,4,R4 count,R,0.120716,1758.88,0.0301052,0.00401097,0.0299116,0.00503512,5.97903,5.27932,6.80626,0.0274246,0.0328438,0.945,0.945,438.643,1,0.17988,0.414934,0.249388
0.9,5000,4,vfl_uncorrected,5,O1 income ($),O,0.482865,0.336309,0.0350727,-0.00847705,0.0341183,0.00546377,6.41914,5.67967,7.30012,0.0322266,0.0378233,0.95,0.965,0.0244277,1,0.0555872,0.118239,0.0726347
0.9,5000,4,vfl_uncorrected,6,O2 age (yr),O,-0.30179,-337.216,0.0340823,0.00318066,0.0340187,0.00456264,7.46986,6.56299,8.52874,0.0310762,0.0370321,0.97,0.97,38.083,1,0.076899,0.183502,0.112934
0.9,5000,4,vfl_uncorrected,7,O3 binary,O,0.181074,7841.96,0.0320317,-0.00431039,0.03182,0.00473457,6.76549,5.97496,7.63665,0.0291627,0.034933,0.945,0.945,1387.23,1,0.129789,0.279938,0.176898
0.9,5000,4,vfl_uncorrected,8,O4 count,O,0.0603581,881.06,0.0321824,0.00328237,0.0320949,0.00515501,6.24294,5.36384,7.24732,0.0288492,0.0355188,0.965,0.965,469.774,0.975,,,
0.9,5000,4,vfl_uncorrected,9,O5 score,O,-0.120716,-805.341,0.0356449,-0.00143567,0.0357054,0.00543832,6.5544,5.74404,7.50151,0.0322441,0.0390515,0.945,0.945,237.8,1,0.217661,0.493299,0.295279
0.9,5000,4,vfl_uncorrected,10,O6 assets ($),O,0.362148,0.252222,0.036052,0.000836398,0.0361327,0.00459283,7.84963,6.86781,9.01183,0.0322888,0.0397745,0.93,0.93,0.0251088,1,0.0635559,0.161164,0.0995503
0.9,5000,8,vfl_bc,0,intercept,R,0,,0.0147187,0.00124686,0.0147026,0.00473601,3.10783,2.75575,3.54567,0.0133869,0.0161044,0.93,0.93,,,,,
0.9,5000,8,vfl_bc,1,R1 score,R,0.603581,4030.22,0.0146446,-0.0021252,0.014526,0.00445023,3.29076,2.86987,3.79862,0.0133749,0.0158895,0.955,0.95,97.785,1,0.0188682,0.038721,0.0242629
0.9,5000,8,vfl_bc,2,R2 binary,R,-0.362148,-15675.5,0.0155175,0.000364589,0.0155521,0.0045081,3.44213,3.02767,3.94781,0.0139926,0.0171198,0.95,0.95,671.671,1,0.0274855,0.0666781,0.0428483
0.9,5000,8,vfl_bc,3,R3 income ($),R,0.241432,0.168846,0.0187597,0.00283119,0.0185914,0.00556394,3.37166,2.97319,3.82128,0.0166978,0.0206538,0.935,0.935,0.0131196,1,0.0553481,0.123096,0.0777018
0.9,5000,8,vfl_bc,4,R4 count,R,0.120716,1758.88,0.0178423,0.00126757,0.0178419,0.00503512,3.54356,3.13912,3.99099,0.0161141,0.0195863,0.92,0.92,259.969,1,0.0929309,0.241414,0.147804
0.9,5000,8,vfl_bc,5,O1 income ($),O,0.482865,0.336309,0.021304,-0.00291425,0.0211567,0.00546377,3.89914,3.42727,4.49991,0.0190477,0.0236009,0.93,0.93,0.014838,1,0.0268321,0.0722008,0.0441201
0.9,5000,8,vfl_bc,6,O2 age (yr),O,-0.30179,-337.216,0.018267,0.000263191,0.0183109,0.00456264,4.00359,3.4188,4.67495,0.0160159,0.0204754,0.95,0.95,20.4112,1,0.0356503,0.0959,0.0605286
0.9,5000,8,vfl_bc,7,O3 binary,O,0.181074,7841.96,0.0181508,-0.00132727,0.0181477,0.00473457,3.83369,3.34052,4.42533,0.0164713,0.0199099,0.955,0.96,786.076,1,0.0737216,0.161657,0.10024
0.9,5000,8,vfl_bc,8,O4 count,O,0.0603581,881.06,0.0196446,0.00215325,0.0195753,0.00515501,3.81078,3.30695,4.42115,0.0176646,0.0217071,0.935,0.94,286.757,1,,,
0.9,5000,8,vfl_bc,9,O5 score,O,-0.120716,-805.341,0.0187035,-0.000949988,0.0187263,0.00543832,3.43921,3.05078,3.88527,0.0169683,0.0205328,0.945,0.945,124.778,1,0.104494,0.251999,0.154938
0.9,5000,8,vfl_bc,10,O6 assets ($),O,0.362148,0.252222,0.0178661,0.00140427,0.0178555,0.00459283,3.89,3.39522,4.49422,0.0161699,0.0195648,0.96,0.96,0.012443,1,0.0345121,0.0799674,0.0493336
0.9,5000,8,vfl_uncorrected,0,intercept,R,0,,0.0147392,0.00125757,0.0147223,0.00473601,3.11216,2.75963,3.55045,0.0134068,0.0161268,0.93,0.93,,,,,
0.9,5000,8,vfl_uncorrected,1,R1 score,R,0.603581,4030.22,0.0146011,-0.00157996,0.0145518,0.00445023,3.28097,2.85629,3.78719,0.0133153,0.0158301,0.955,0.95,97.4943,1,0.0183584,0.0385524,0.0241908
0.9,5000,8,vfl_uncorrected,2,R2 binary,R,-0.362148,-15675.5,0.0155423,-9.56631e-05,0.015581,0.0045081,3.44765,3.03483,3.95497,0.0139985,0.0171508,0.95,0.95,672.747,1,0.0283888,0.0669702,0.042917
0.9,5000,8,vfl_uncorrected,3,R3 income ($),R,0.241432,0.168846,0.018831,0.00307377,0.0186251,0.00556394,3.38448,2.98494,3.83574,0.0167478,0.0207384,0.935,0.945,0.0131695,1,0.0550289,0.124309,0.0779971
0.9,5000,8,vfl_uncorrected,4,R4 count,R,0.120716,1758.88,0.0178694,0.00111565,0.0178793,0.00503512,3.54895,3.14308,3.99964,0.0161417,0.0196118,0.92,0.92,260.363,1,0.0915948,0.243029,0.148028
0.9,5000,8,vfl_uncorrected,5,O1 income ($),O,0.482865,0.336309,0.0212617,-0.00200151,0.0212204,0.00546377,3.89139,3.42858,4.47494,0.0190118,0.0235297,0.93,0.935,0.0148085,1,0.0260524,0.0722453,0.0440323
0.9,5000,8,vfl_uncorrected,6,O2 age (yr),O,-0.30179,-337.216,0.0183266,-0.000490608,0.018366,0.00456264,4.01667,3.42547,4.69165,0.0160576,0.0205112,0.95,0.94,20.4779,1,0.0365801,0.0975192,0.0607263
0.9,5000,8,vfl_uncorrected,7,O3 binary,O,0.181074,7841.96,0.0181811,-0.000966581,0.0182009,0.00473457,3.84007,3.34819,4.43278,0.016499,0.0199541,0.96,0.96,787.384,1,0.0729724,0.159991,0.100407
0.9,5000,8,vfl_uncorrected,8,O4 count,O,0.0603581,881.06,0.0197129,0.00226691,0.0196312,0.00515501,3.82402,3.32,4.43909,0.0177285,0.0217672,0.935,0.94,287.753,1,,,
0.9,5000,8,vfl_uncorrected,9,O5 score,O,-0.120716,-805.341,0.0187846,-0.00134814,0.0187832,0.00543832,3.45413,3.06298,3.90466,0.0170607,0.020638,0.94,0.94,125.319,1,0.105153,0.250953,0.15561
0.9,5000,8,vfl_uncorrected,10,O6 assets ($),O,0.362148,0.252222,0.0179763,0.00203862,0.0179051,0.00459283,3.91399,3.42851,4.51568,0.0162519,0.0196712,0.96,0.96,0.0125198,1,0.0350705,0.0802318,0.0496379
0.9,10000,,ols,0,intercept,R,0,,0.00325423,0.000754662,0.00317347,0.00317347,1.02545,1.00275,1.06882,0.00293269,0.00355573,0.945,0.945,,,,,
0.9,10000,,ols,1,R1 score,R,0.603581,4030.22,0.00399663,-0.00221926,0.00333218,0.00333218,1.1994,1.12156,1.31135,0.00369045,0.00431875,0.9,0.94,26.6862,1,0.00509489,0.0105971,0.00662153
0.9,10000,,ols,2,R2 binary,R,-0.362148,-15675.5,0.00342222,0.00108289,0.00325452,0.00325452,1.05153,1.01478,1.10866,0.00312236,0.00373183,0.945,0.955,148.13,1,0.0069343,0.0155066,0.00944978
0.9,10000,,ols,3,R3 income ($),R,0.241432,0.168846,0.00490932,0.00330475,0.00363955,0.00363955,1.34888,1.24149,1.47847,0.00450105,0.00532946,0.82,0.935,0.00343334,1,0.0150074,0.031587,0.0203342
0.9,10000,,ols,4,R4 count,R,0.120716,1758.88,0.00360649,0.00087734,0.00350693,0.00350693,1.02839,1.00388,1.07111,0.00328031,0.00395062,0.935,0.95,52.5479,1,0.0207668,0.0473117,0.0298758
0.9,10000,,ols,5,O1 income ($),O,0.482865,0.336309,0.00597357,-0.00455665,0.0038724,0.0038724,1.5426,1.41968,1.69182,0.00547288,0.00646647,0.745,0.93,0.00416051,1,0.00956738,0.0206077,0.0123711
0.9,10000,,ols,6,O2 age (yr),O,-0.30179,-337.216,0.00349157,0.00123504,0.00327404,0.00327404,1.06644,1.02589,1.12958,0.00316775,0.00380756,0.94,0.945,3.90143,1,0.00829824,0.0190331,0.0115695
0.9,10000,,ols,7,O3 binary,O,0.181074,7841.96,0.00354808,-0.000861808,0.00345046,0.00345046,1.02829,1.00382,1.07221,0.00323403,0.00384825,0.925,0.955,153.66,1,0.0141445,0.0323782,0.0195946
0.9,10000,,ols,8,O4 count,O,0.0603581,881.06,0.00323798,0.000429885,0.00321737,0.00321737,1.00641,0.997563,1.03712,0.00289758,0.00359131,0.955,0.96,47.2655,1,,,
0.9,10000,,ols,9,O5 score,O,-0.120716,-805.341,0.00351872,0.000575644,0.00348003,0.00348003,1.01112,0.997928,1.0443,0.00315802,0.00387857,0.94,0.94,23.4747,1,0.0198527,0.0494535,0.0291487
0.9,10000,,ols,10,O6 assets ($),O,0.362148,0.252222,0.00385149,0.00084909,0.00376615,0.00376615,1.02266,1.00063,1.06236,0.00348408,0.00423015,0.915,0.915,0.00268241,1,0.00733528,0.0175493,0.0106351
0.9,10000,,ols_unclipped,0,intercept,R,0,,0.00310378,0.000147485,0.00310806,0.00317347,0.978042,0.957363,1.00533,0.00278862,0.00339634,,,,,,,
0.9,10000,,ols_unclipped,1,R1 score,R,0.603581,4030.22,0.00337694,0.00034193,0.00336802,0.00333218,1.01343,0.982192,1.05145,0.00302814,0.00371701,,,22.5485,1,0.00373651,0.0088361,0.00559485
0.9,10000,,ols_unclipped,2,R2 binary,R,-0.362148,-15675.5,0.0031861,3.0516e-05,0.00319395,0.00325452,0.978977,0.954627,1.01145,0.00290101,0.00348362,,,137.91,1,0.0063314,0.0143176,0.00879779
0.9,10000,,ols_unclipped,3,R3 income ($),R,0.241432,0.168846,0.00329759,-6.58845e-05,0.00330521,0.00363955,0.906044,0.845596,0.970978,0.00296187,0.00363446,,,0.00230617,1,0.00879213,0.0235378,0.0136584
0.9,10000,,ols_unclipped,4,R4 count,R,0.120716,1758.88,0.00327008,0.00033699,0.00326083,0.00350693,0.932462,0.892811,0.981548,0.0029701,0.00356464,,,47.6462,1,0.0187634,0.0449646,0.027089
0.9,10000,,ols_unclipped,5,O1 income ($),O,0.482865,0.336309,0.00324119,0.000235007,0.00324077,0.0038724,0.836999,0.772731,0.912506,0.00293014,0.00357378,,,0.00225744,1,0.00449557,0.010559,0.00671242
0.9,10000,,ols_unclipped,6,O2 age (yr),O,-0.30179,-337.216,0.00321395,-0.000338898,0.00320405,0.00327404,0.981645,0.955359,1.01464,0.00287457,0.00354253,,,3.59121,1,0.00658886,0.0184475,0.0106496
0.9,10000,,ols_unclipped,7,O3 binary,O,0.181074,7841.96,0.00343143,-0.000102856,0.00343849,0.00345046,0.994484,0.975566,1.01912,0.00312726,0.00373509,,,148.608,1,0.0130691,0.0318509,0.0189504
0.9,10000,,ols_unclipped,8,O4 count,O,0.0603581,881.06,0.00316016,-0.000175956,0.00316317,0.00321737,0.982218,0.957809,1.01642,0.0028159,0.00351877,,,46.1295,1,,,
0.9,10000,,ols_unclipped,9,O5 score,O,-0.120716,-805.341,0.00348666,0.000561443,0.00344979,0.00348003,1.00191,0.977596,1.03798,0.00313755,0.00384179,,,23.2608,1,0.0193742,0.0462121,0.0288831
0.9,10000,,ols_unclipped,10,O6 assets ($),O,0.362148,0.252222,0.00329732,-4.91132e-05,0.00330523,0.00376615,0.875514,0.825259,0.931522,0.00294842,0.00364702,,,0.00229645,1,0.00589062,0.0154679,0.00910488
0.9,10000,0.5,vfl_bc,0,intercept,R,0,,0.0543249,0.00304925,0.0543753,0.00317347,17.1185,14.8641,19.9377,0.0484956,0.0602601,0.955,0.955,,,,,
0.9,10000,0.5,vfl_bc,1,R1 score,R,0.603581,4030.22,0.169605,-0.160792,0.0540953,0.00333218,50.899,46.297,56.7538,0.162253,0.177249,0.185,0.21,1132.48,1,0.2631,0.392542,0.280998
0.9,10000,0.5,vfl_bc,2,R2 binary,R,-0.362148,-15675.5,0.137996,0.126208,0.0559484,0.00325452,42.4013,38.1459,47.8416,0.130616,0.145508,0.435,0.44,5973.14,1,0.352109,0.539551,0.381049
0.9,10000,0.5,vfl_bc,3,R3 income ($),R,0.241432,0.168846,0.0836944,-0.0588166,0.0596924,0.00363955,22.9958,20.0314,26.4533,0.0763223,0.0910772,0.855,0.83,0.0585318,1,0.236421,0.577014,0.346658
0.9,10000,0.5,vfl_bc,4,R4 count,R,0.120716,1758.88,0.0618278,0.00434086,0.06183,0.00350693,17.6302,15.8354,19.7906,0.0560183,0.0674123,0.95,0.95,900.853,0.98,0.337683,0.844127,0.512175
0.9,10000,0.5,vfl_bc,5,O1 income ($),O,0.482865,0.336309,0.158989,-0.142185,0.0713182,0.0038724,41.0569,36.7878,46.2646,0.149922,0.168135,0.445,0.475,0.110733,1,0.307478,0.469441,0.329261
0.9,10000,0.5,vfl_bc,6,O2 age (yr),O,-0.30179,-337.216,0.129813,0.110695,0.0679787,0.00327404,39.6491,35.1295,45.1947,0.121595,0.138185,0.615,0.62,145.051,1,0.352113,0.657481,0.430142
0.9,10000,0.5,vfl_bc,7,O3 binary,O,0.181074,7841.96,0.0903063,-0.0626257,0.0652267,0.00345046,26.1722,23.2893,29.5678,0.0828626,0.0979902,0.845,0.845,3910.98,0.98,0.391334,0.802703,0.498725
0.9,10000,0.5,vfl_bc,8,O4 count,O,0.0603581,881.06,0.0652321,-0.00962132,0.0646806,0.00321737,20.275,16.8986,24.2546,0.0570118,0.0738921,0.955,0.955,952.208,0.785,,,
0.9,10000,0.5,vfl_bc,9,O5 score,O,-0.120716,-805.341,0.0804277,0.0501075,0.0630694,0.00348003,23.1112,20.0976,26.7117,0.0732418,0.08786,0.89,0.89,536.562,0.85,0.40929,1.11161,0.666255
0.9,10000,0.5,vfl_bc,10,O6 assets ($),O,0.362148,0.252222,0.117734,-0.0994464,0.0631799,0.00376615,31.2611,27.9756,35.211,0.110589,0.12486,0.67,0.665,0.0819971,1,0.282404,0.484173,0.325099
0.9,10000,0.5,vfl_uncorrected,0,intercept,R,0,,0.0557531,0.00318521,0.0558018,0.00317347,17.5685,15.2383,20.4531,0.0497361,0.0617947,0.955,0.955,,,,,
0.9,10000,0.5,vfl_uncorrected,1,R1 score,R,0.603581,4030.22,0.162664,-0.15294,0.0555381,0.00333218,48.8162,44.3671,54.492,0.155121,0.170408,0.25,0.255,1086.14,1,0.249939,0.384039,0.269499
0.9,10000,0.5,vfl_uncorrected,2,R2 binary,R,-0.362148,-15675.5,0.133433,0.120433,0.0575918,0.00325452,40.9992,36.8213,46.3388,0.125844,0.141041,0.48,0.485,5775.62,1,0.333055,0.525892,0.368448
0.9,10000,0.5,vfl_uncorrected,3,R3 income ($),R,0.241432,0.168846,0.082836,-0.0558608,0.0613202,0.00363955,22.7599,19.7767,26.2136,0.0754611,0.0903372,0.86,0.845,0.0579314,1,0.234307,0.577121,0.343102
0.9,10000,0.5,vfl_uncorrected,4,R4 count,R,0.120716,1758.88,0.0637012,0.00376377,0.0637495,0.00350693,18.1644,16.2937,20.3878,0.0577792,0.0693532,0.94,0.94,928.149,0.975,0.34535,0.869597,0.527694
0.9,10000,0.5,vfl_uncorrected,5,O1 income ($),O,0.482865,0.336309,0.150043,-0.130104,0.074927,0.0038724,38.7469,34.6296,43.8177,0.140629,0.159406,0.515,0.545,0.104503,1,0.282964,0.452669,0.310735
0.9,10000,0.5,vfl_uncorrected,6,O2 age (yr),O,-0.30179,-337.216,0.123926,0.10148,0.0713086,0.00327404,37.8512,33.4576,43.3578,0.115471,0.132526,0.65,0.655,138.473,1,0.323028,0.639899,0.410637
0.9,10000,0.5,vfl_uncorrected,7,O3 binary,O,0.181074,7841.96,0.0897467,-0.058388,0.0683275,0.00345046,26.01,23.1107,29.4122,0.0822301,0.0975921,0.85,0.855,3886.74,0.975,0.375972,0.795225,0.495635
0.9,10000,0.5,vfl_uncorrected,8,O4 count,O,0.0603581,881.06,0.0682237,-0.00801823,0.0679209,0.00321737,21.2048,17.6805,25.39,0.0596852,0.0772017,0.95,0.95,995.877,0.785,,,
0.9,10000,0.5,vfl_uncorrected,9,O5 score,O,-0.120716,-805.341,0.0802725,0.0455279,0.0662786,0.00348003,23.0666,20.0566,26.6821,0.0731043,0.0878169,0.895,0.895,535.527,0.85,0.399013,1.11379,0.664969
0.9,10000,0.5,vfl_uncorrected,10,O6 assets ($),O,0.362148,0.252222,0.112143,-0.0906436,0.0661947,0.00376615,29.7766,26.58,33.5916,0.104827,0.119597,0.705,0.705,0.0781032,1,0.258689,0.471287,0.309661
0.9,10000,1,vfl_bc,0,intercept,R,0,,0.041022,0.00552903,0.0407497,0.00317347,12.9266,11.1386,15.0845,0.0368287,0.0453849,0.96,0.965,,,,,
0.9,10000,1,vfl_bc,1,R1 score,R,0.603581,4030.22,0.047489,0.000719238,0.0476027,0.00333218,14.2516,12.4684,16.3993,0.0423263,0.0522536,0.925,0.93,317.093,1,0.0474748,0.12759,0.0786788
0.9,10000,1,vfl_bc,2,R2 binary,R,-0.362148,-15675.5,0.0496024,-0.00239749,0.0496688,0.00325452,15.2411,13.366,17.5141,0.0454974,0.053919,0.945,0.945,2147.03,1,0.0975745,0.222577,0.136967
0.9,10000,1,vfl_bc,3,R3 income ($),R,0.241432,0.168846,0.0505215,0.00773917,0.0500505,0.00363955,13.8812,12.0202,16.1483,0.0454417,0.0556853,0.94,0.935,0.0353323,1,0.131977,0.345813,0.209257
0.9,10000,1,vfl_bc,4,R4 count,R,0.120716,1758.88,0.0487063,-0.00401133,0.0486626,0.00350693,13.8886,12.2693,15.7137,0.0443493,0.0533677,0.985,0.985,709.668,0.995,0.320063,0.648213,0.403478
0.9,10000,1,vfl_bc,5,O1 income ($),O,0.482865,0.336309,0.0599772,-0.00113989,0.0601169,0.0038724,15.4884,13.4271,18.0059,0.0533617,0.0663363,0.96,0.955,0.0417733,1,0.0803581,0.20373,0.124211
0.9,10000,1,vfl_bc,6,O2 age (yr),O,-0.30179,-337.216,0.0538706,-0.00233008,0.0539552,0.00327404,16.4539,14.5369,18.7659,0.0494449,0.0581062,0.975,0.98,60.1941,1,0.129309,0.305178,0.178503
0.9,10000,1,vfl_bc,7,O3 binary,O,0.181074,7841.96,0.0516834,-0.00279031,0.0517375,0.00345046,14.9787,13.2881,17.087,0.0470888,0.0565258,0.965,0.965,2238.3,1,0.21568,0.47431,0.285426
0.9,10000,1,vfl_bc,8,O4 count,O,0.0603581,881.06,0.0594994,-0.00040322,0.0596473,0.00321737,18.4932,16.0405,21.5393,0.0531259,0.065649,0.945,0.945,868.526,0.845,,,
0.9,10000,1,vfl_bc,9,O5 score,O,-0.120716,-805.341,0.0569353,-0.00328683,0.0569829,0.00348003,16.3606,14.2048,18.9567,0.0512953,0.0624423,0.97,0.97,379.836,0.98,0.339073,0.793936,0.471646
0.9,10000,1,vfl_bc,10,O6 assets ($),O,0.362148,0.252222,0.0557987,0.00727174,0.0554617,0.00376615,14.8158,12.9012,17.2025,0.0505346,0.0608095,0.97,0.97,0.0388615,1,0.103882,0.257906,0.154077
0.9,10000,1,vfl_uncorrected,0,intercept,R,0,,0.0417088,0.0056722,0.041425,0.00317347,13.143,11.3352,15.323,0.0374352,0.0461278,0.96,0.96,,,,,
0.9,10000,1,vfl_uncorrected,1,R1 score,R,0.603581,4030.22,0.0487113,0.00626156,0.0484284,0.00333218,14.6184,12.7433,16.8091,0.0434283,0.0536196,0.93,0.925,325.254,1,0.0474559,0.126961,0.0807038
0.9,10000,1,vfl_uncorrected,2,R2 binary,R,-0.362148,-15675.5,0.0508744,-0.00714059,0.0504972,0.00325452,15.6319,13.703,18.0351,0.0466302,0.0553013,0.945,0.945,2202.09,1,0.0973437,0.227922,0.140479
0.9,10000,1,vfl_uncorrected,3,R3 income ($),R,0.241432,0.168846,0.0518857,0.0102446,0.0509919,0.00363955,14.2561,12.3409,16.5661,0.0466938,0.0571515,0.935,0.935,0.0362863,1,0.136888,0.36241,0.214908
0.9,10000,1,vfl_uncorrected,4,R4 count,R,0.120716,1758.88,0.049958,-0.00562178,0.0497652,0.00350693,14.2455,12.6042,16.1306,0.0455389,0.0547358,0.98,0.98,727.906,0.995,0.322254,0.660911,0.413847
0.9,10000,1,vfl_uncorrected,5,O1 income ($),O,0.482865,0.336309,0.0625141,0.00833106,0.0621119,0.0038724,16.1435,13.9287,18.8709,0.0555695,0.0694274,0.955,0.95,0.0435402,1,0.0818082,0.20766,0.129465
0.9,10000,1,vfl_uncorrected,6,O2 age (yr),O,-0.30179,-337.216,0.0564512,-0.0102506,0.0556521,0.00327404,17.2421,15.2393,19.6687,0.0518373,0.0608985,0.98,0.98,63.0777,1,0.128083,0.305846,0.187054
0.9,10000,1,vfl_uncorrected,7,O3 binary,O,0.181074,7841.96,0.0530838,0.000875696,0.0532097,0.00345046,15.3845,13.6087,17.5328,0.0483133,0.0581647,0.965,0.965,2298.95,1,0.216375,0.482256,0.29316
0.9,10000,1,vfl_uncorrected,8,O4 count,O,0.0603581,881.06,0.0612165,0.000782272,0.0613651,0.00321737,19.0269,16.4925,22.1413,0.0546711,0.0675229,0.945,0.945,893.591,0.845,,,
0.9,10000,1,vfl_uncorrected,9,O5 score,O,-0.120716,-805.341,0.059064,-0.00744459,0.05874,0.00348003,16.9723,14.74,19.6703,0.0532681,0.0647858,0.96,0.96,394.037,0.98,0.348905,0.84235,0.48928
0.9,10000,1,vfl_uncorrected,10,O6 assets ($),O,0.362148,0.252222,0.0586396,0.0138614,0.0571208,0.00376615,15.5702,13.527,18.0709,0.0530023,0.0641306,0.955,0.96,0.0408401,1,0.107264,0.266376,0.161922
0.9,10000,2,vfl_bc,0,intercept,R,0,,0.0217574,0.00106236,0.0217859,0.00317347,6.85602,5.99679,7.85182,0.0195272,0.0238947,0.965,0.965,,,,,
0.9,10000,2,vfl_bc,1,R1 score,R,0.603581,4030.22,0.0237872,-0.00138959,0.0238062,0.00333218,7.13863,6.29056,8.13617,0.0217132,0.0257422,0.96,0.96,158.832,1,0.0278774,0.0648384,0.0394102
0.9,10000,2,vfl_bc,2,R2 binary,R,-0.362148,-15675.5,0.0238856,0.000798042,0.0239321,0.00325452,7.33919,6.37582,8.46516,0.0214412,0.0262489,0.95,0.95,1033.88,1,0.0419975,0.103375,0.0659552
0.9,10000,2,vfl_bc,3,R3 income ($),R,0.241432,0.168846,0.0264426,0.00386928,0.0262236,0.00363955,7.26534,6.29375,8.47971,0.0237267,0.0290425,0.955,0.955,0.0184926,1,0.068196,0.184274,0.109524
0.9,10000,2,vfl_bc,4,R4 count,R,0.120716,1758.88,0.026546,-0.00208705,0.0265302,0.00350693,7.56958,6.64911,8.60478,0.0237375,0.0293227,0.955,0.96,386.785,1,0.145032,0.341703,0.219904
0.9,10000,2,vfl_bc,5,O1 income ($),O,0.482865,0.336309,0.0291505,-0.00250824,0.0291153,0.0038724,7.52778,6.487,8.69166,0.0260015,0.0321129,0.955,0.965,0.020303,1,0.0384516,0.0951539,0.06037
0.9,10000,2,vfl_bc,6,O2 age (yr),O,-0.30179,-337.216,0.0278547,-0.00110744,0.0279025,0.00327404,8.50774,7.40914,9.84835,0.0250487,0.0303912,0.965,0.97,31.1244,1,0.0569372,0.155995,0.0922981
0.9,10000,2,vfl_bc,7,O3 binary,O,0.181074,7841.96,0.0278751,0.000395027,0.0279423,0.00345046,8.07867,7.05338,9.3268,0.0249761,0.0307159,0.945,0.945,1207.22,1,0.105959,0.258851,0.153943
0.9,10000,2,vfl_bc,8,O4 count,O,0.0603581,881.06,0.0313257,-0.00199523,0.0313406,0.00321737,9.73645,8.36731,11.2765,0.0281456,0.0345356,0.955,0.96,457.269,0.98,,,
0.9,10000,2,vfl_bc,9,O5 score,O,-0.120716,-805.341,0.0317167,0.00255489,0.0316929,0.00348003,9.11391,7.95944,10.5509,0.028863,0.0348318,0.96,0.96,211.593,1,0.179442,0.455968,0.262737
0.9,10000,2,vfl_bc,10,O6 assets ($),O,0.362148,0.252222,0.0290035,0.00125326,0.0290491,0.00376615,7.7011,6.70814,8.91526,0.0263254,0.0317574,0.965,0.965,0.0201998,1,0.0577546,0.123087,0.0800873
0.9,10000,2,vfl_uncorrected,0,intercept,R,0,,0.0218564,0.00109864,0.0218836,0.00317347,6.88724,6.02274,7.89008,0.0196214,0.0240014,0.965,0.965,,,,,
0.9,10000,2,vfl_uncorrected,1,R1 score,R,0.603581,4030.22,0.0238454,0.000125496,0.0239049,0.00333218,7.15609,6.32601,8.15027,0.0218109,0.0258372,0.955,0.975,159.22,1,0.0292896,0.0631054,0.0395065
0.9,10000,2,vfl_uncorrected,2,R2 binary,R,-0.362148,-15675.5,0.0239836,-0.000472409,0.0240391,0.00325452,7.36932,6.39413,8.49763,0.0214976,0.0263831,0.95,0.96,1038.13,1,0.043676,0.10618,0.066226
0.9,10000,2,vfl_uncorrected,3,R3 income ($),R,0.241432,0.168846,0.0266809,0.00453299,0.026359,0.00363955,7.33082,6.34774,8.55273,0.0239632,0.029281,0.955,0.96,0.0186593,1,0.069623,0.182172,0.110511
0.9,10000,2,vfl_uncorrected,4,R4 count,R,0.120716,1758.88,0.0267357,-0.00252514,0.026683,0.00350693,7.62368,6.68822,8.66969,0.0239047,0.0295299,0.96,0.96,389.549,1,0.144989,0.347174,0.221476
0.9,10000,2,vfl_uncorrected,5,O1 income ($),O,0.482865,0.336309,0.0292819,4.76757e-05,0.0293554,0.0038724,7.56171,6.50064,8.7483,0.0261061,0.0322842,0.96,0.96,0.0203945,1,0.0392978,0.0937928,0.0606421
0.9,10000,2,vfl_uncorrected,6,O2 age (yr),O,-0.30179,-337.216,0.0282352,-0.0032298,0.0281203,0.00327404,8.62397,7.49359,9.97807,0.0253349,0.0308167,0.965,0.96,31.5496,1,0.0605382,0.15344,0.0935591
0.9,10000,2,vfl_uncorrected,7,O3 binary,O,0.181074,7841.96,0.0281057,0.00141403,0.0281405,0.00345046,8.14548,7.1118,9.39803,0.0251862,0.0309908,0.945,0.945,1217.2,1,0.108457,0.257771,0.155216
0.9,10000,2,vfl_uncorrected,8,O4 count,O,0.0603581,881.06,0.0315636,-0.00170165,0.0315968,0.00321737,9.81037,8.43228,11.3661,0.028364,0.0347938,0.95,0.955,460.741,0.98,,,
0.9,10000,2,vfl_uncorrected,9,O5 score,O,-0.120716,-805.341,0.0319051,0.00147466,0.031951,0.00348003,9.16806,8.0071,10.6336,0.0290556,0.0350624,0.945,0.945,212.85,1,0.178515,0.454519,0.264298
0.9,10000,2,vfl_uncorrected,10,O6 assets ($),O,0.362148,0.252222,0.029336,0.00300158,0.0292553,0.00376615,7.78939,6.77488,9.003,0.0266406,0.0321055,0.965,0.965,0.0204314,1,0.0613457,0.125839,0.0810055
0.9,10000,4,vfl_bc,0,intercept,R,0,,0.0113235,0.00148519,0.0112539,0.00317347,3.56819,3.18047,4.04764,0.0102608,0.0124209,0.96,0.97,,,,,
0.9,10000,4,vfl_bc,1,R1 score,R,0.603581,4030.22,0.0130416,-0.0027004,0.012791,0.00333218,3.91384,3.39995,4.50281,0.0116208,0.0144932,0.955,0.96,87.0813,1,0.0143871,0.0334723,0.0216071
0.9,10000,4,vfl_bc,2,R2 binary,R,-0.362148,-15675.5,0.0126263,0.00155674,0.0125614,0.00325452,3.87963,3.42487,4.41703,0.0115923,0.0137366,0.975,0.975,546.529,1,0.0268615,0.0531507,0.0348651
0.9,10000,4,vfl_bc,3,R3 income ($),R,0.241432,0.168846,0.0140594,0.00210298,0.0139362,0.00363955,3.86296,3.39048,4.46562,0.0126813,0.015499,0.955,0.975,0.00983249,1,0.0403506,0.0977919,0.0582335
0.9,10000,4,vfl_bc,4,R4 count,R,0.120716,1758.88,0.0143204,0.00102217,0.0143197,0.00350693,4.08346,3.60474,4.67467,0.0130775,0.0155818,0.96,0.965,208.654,1,0.0854377,0.203934,0.118629
0.9,10000,4,vfl_bc,5,O1 income ($),O,0.482865,0.336309,0.018004,-0.00325037,0.0177526,0.0038724,4.64931,4.10425,5.32233,0.0165172,0.0195993,0.955,0.97,0.0125395,1,0.0240536,0.0609278,0.0372858
0.9,10000,4,vfl_bc,6,O2 age (yr),O,-0.30179,-337.216,0.0173324,-0.00148133,0.0173123,0.00327404,5.29389,4.59633,6.14797,0.015745,0.0188592,0.945,0.945,19.367,1,0.0379845,0.0934586,0.0574319
0.9,10000,4,vfl_bc,7,O3 binary,O,0.181074,7841.96,0.0152029,0.00120297,0.0151933,0.00345046,4.40605,3.88824,5.03639,0.0136432,0.0167351,0.96,0.96,658.407,1,0.0564989,0.136948,0.0839596
0.9,10000,4,vfl_bc,8,O4 count,O,0.0603581,881.06,0.0173739,0.00137442,0.0173629,0.00321737,5.40002,4.64518,6.25378,0.015547,0.0192041,0.94,0.935,253.61,1,,,
0.9,10000,4,vfl_bc,9,O5 score,O,-0.120716,-805.341,0.017362,0.000736363,0.0173899,0.00348003,4.98903,4.37935,5.68283,0.0158768,0.0188213,0.97,0.97,115.828,1,0.0993424,0.235502,0.143825
0.9,10000,4,vfl_bc,10,O6 assets ($),O,0.362148,0.252222,0.0155713,0.000173354,0.0156094,0.00376615,4.13455,3.62708,4.71988,0.0141514,0.0170598,0.965,0.97,0.0108448,1,0.0306111,0.068733,0.0429971
0.9,10000,4,vfl_uncorrected,0,intercept,R,0,,0.0113373,0.00149417,0.0112666,0.00317347,3.57254,3.18418,4.05228,0.0102734,0.0124377,0.96,0.97,,,,,
0.9,10000,4,vfl_uncorrected,1,R1 score,R,0.603581,4030.22,0.0129733,-0.0022628,0.0128065,0.00333218,3.89333,3.38161,4.48103,0.0115675,0.0144116,0.955,0.96,86.625,1,0.0141645,0.0341123,0.0214939
0.9,10000,4,vfl_uncorrected,2,R2 binary,R,-0.362148,-15675.5,0.0126024,0.00118867,0.0125777,0.00325452,3.87228,3.41799,4.40697,0.0115666,0.0137073,0.975,0.975,545.494,1,0.0260394,0.0537613,0.034799
0.9,10000,4,vfl_uncorrected,3,R3 income ($),R,0.241432,0.168846,0.0141088,0.00229631,0.0139556,0.00363955,3.87651,3.40257,4.48213,0.0127306,0.0155563,0.955,0.975,0.00986698,1,0.0403124,0.0984901,0.0584377
0.9,10000,4,vfl_uncorrected,4,R4 count,R,0.120716,1758.88,0.0143335,0.000901279,0.0143411,0.00350693,4.0872,3.60859,4.67829,0.013094,0.0155888,0.96,0.965,208.845,1,0.0851584,0.203418,0.118738
0.9,10000,4,vfl_uncorrected,5,O1 income ($),O,0.482865,0.336309,0.0179254,-0.00251592,0.0177925,0.0038724,4.62903,4.09258,5.30068,0.0164336,0.0195432,0.96,0.97,0.0124848,1,0.0254203,0.0602889,0.0371231
0.9,10000,4,vfl_uncorrected,6,O2 age (yr),O,-0.30179,-337.216,0.0174352,-0.00209359,0.0173525,0.00327404,5.3253,4.62068,6.18112,0.0158182,0.0190007,0.945,0.945,19.4819,1,0.0383118,0.095069,0.0577727
0.9,10000,4,vfl_uncorrected,7,O3 binary,O,0.181074,7841.96,0.01526,0.00149887,0.0152243,0.00345046,4.42258,3.89645,5.05472,0.0137007,0.0168219,0.96,0.96,660.878,1,0.0566945,0.136471,0.0842746
0.9,10000,4,vfl_uncorrected,8,O4 count,O,0.0603581,881.06,0.0174168,0.00146509,0.0173986,0.00321737,5.41336,4.65732,6.26699,0.0155843,0.0192529,0.94,0.935,254.237,1,,,
0.9,10000,4,vfl_uncorrected,9,O5 score,O,-0.120716,-805.341,0.0173908,0.000421068,0.0174293,0.00348003,4.99731,4.38504,5.68541,0.0159095,0.0188426,0.97,0.97,116.02,1,0.101528,0.233409,0.144063
0.9,10000,4,vfl_uncorrected,10,O6 assets ($),O,0.362148,0.252222,0.015618,0.000678848,0.0156424,0.00376615,4.14695,3.63167,4.73828,0.0141863,0.0170908,0.965,0.965,0.0108773,1,0.0310207,0.0675579,0.0431261
0.9,10000,8,vfl_bc,0,intercept,R,0,,0.00720531,0.00140528,0.00708468,0.00317347,2.27049,2.03026,2.547,0.00661294,0.00778407,0.955,0.955,,,,,
0.9,10000,8,vfl_bc,1,R1 score,R,0.603581,4030.22,0.00829639,-0.00294417,0.00777587,0.00333218,2.48978,2.20071,2.81276,0.00745146,0.00916048,0.95,0.94,55.3965,1,0.00934936,0.0228358,0.0137453
0.9,10000,8,vfl_bc,2,R2 binary,R,-0.362148,-15675.5,0.0079956,0.000673293,0.0079872,0.00325452,2.45677,2.18751,2.77088,0.00724298,0.00869966,0.97,0.975,346.089,1,0.0147934,0.035868,0.0220783
0.9,10000,8,vfl_bc,3,R3 income ($),R,0.241432,0.168846,0.0094138,0.00364008,0.00870334,0.00363955,2.58653,2.27897,2.9704,0.00855339,0.0102973,0.955,0.96,0.00658355,1,0.0279176,0.060271,0.0389915
0.9,10000,8,vfl_bc,4,R4 count,R,0.120716,1758.88,0.00858208,0.00103458,0.00854087,0.00350693,2.44718,2.18946,2.74985,0.00774974,0.00941503,0.95,0.955,125.044,1,0.0471552,0.116863,0.0710931
0.9,10000,8,vfl_bc,5,O1 income ($),O,0.482865,0.336309,0.0108624,-0.00430515,0.00999785,0.0038724,2.80508,2.49318,3.18236,0.00995226,0.0117234,0.965,0.96,0.00756551,1,0.0180128,0.034761,0.0224957
0.9,10000,8,vfl_bc,6,O2 age (yr),O,-0.30179,-337.216,0.00903794,0.00157048,0.00892278,0.00327404,2.76049,2.41755,3.18896,0.00805833,0.00995891,0.955,0.96,10.0989,1,0.0187395,0.0471197,0.0299477
0.9,10000,8,vfl_bc,7,O3 binary,O,0.181074,7841.96,0.00905297,-0.000540553,0.0090595,0.00345046,2.6237,2.30169,2.99464,0.00812212,0.0100017,0.965,0.97,392.066,1,0.0318833,0.0829249,0.0499959
0.9,10000,8,vfl_bc,8,O4 count,O,0.0603581,881.06,0.00931208,-0.000202205,0.00933325,0.00321737,2.89432,2.48922,3.3603,0.00832949,0.0103359,0.96,0.97,135.931,1,,,
0.9,10000,8,vfl_bc,9,O5 score,O,-0.120716,-805.341,0.00963378,0.00106949,0.00959826,0.00348003,2.76831,2.41163,3.16854,0.00863124,0.0105337,0.945,0.945,64.2704,1,0.0520048,0.133894,0.0798052
0.9,10000,8,vfl_bc,10,O6 assets ($),O,0.362148,0.252222,0.00913077,0.000467788,0.00914166,0.00376615,2.42443,2.12837,2.7522,0.00831452,0.00990731,0.96,0.96,0.00635921,1,0.0174617,0.0409821,0.0252128
0.9,10000,8,vfl_uncorrected,0,intercept,R,0,,0.00720832,0.0014079,0.00708723,0.00317347,2.27143,2.03107,2.54798,0.00661582,0.00778692,0.955,0.955,,,,,
0.9,10000,8,vfl_uncorrected,1,R1 score,R,0.603581,4030.22,0.00825142,-0.00280935,0.00777792,0.00333218,2.47628,2.18725,2.79664,0.00740763,0.00912971,0.95,0.94,55.0963,1,0.00919703,0.0226242,0.0136708
0.9,10000,8,vfl_uncorrected,2,R2 binary,R,-0.362148,-15675.5,0.00798948,0.000560053,0.00798982,0.00325452,2.45488,2.18644,2.77009,0.00723413,0.00869804,0.975,0.975,345.823,1,0.0147255,0.0356283,0.0220613
0.9,10000,8,vfl_uncorrected,3,R3 income ($),R,0.241432,0.168846,0.00944027,0.00369984,0.00870683,0.00363955,2.5938,2.28581,2.97855,0.00857882,0.0103269,0.95,0.96,0.00660206,1,0.0281867,0.0602521,0.0391011
0.9,10000,8,vfl_uncorrected,4,R4 count,R,0.120716,1758.88,0.00858118,0.000997506,0.00854439,0.00350693,2.44692,2.18918,2.74906,0.00774658,0.00941607,0.95,0.955,125.031,1,0.047057,0.116908,0.0710856
0.9,10000,8,vfl_uncorrected,5,O1 income ($),O,0.482865,0.336309,0.0107817,-0.00408052,0.0100047,0.0038724,2.78424,2.47459,3.16244,0.00987807,0.0116341,0.965,0.96,0.00750931,1,0.0175467,0.034352,0.0223286
0.9,10000,8,vfl_uncorrected,6,O2 age (yr),O,-0.30179,-337.216,0.00901382,0.00138428,0.00892925,0.00327404,2.75312,2.4146,3.18184,0.00805191,0.0099298,0.95,0.965,10.0719,1,0.0191814,0.0465203,0.0298678
0.9,10000,8,vfl_uncorrected,7,O3 binary,O,0.181074,7841.96,0.00905402,-0.000450844,0.00906548,0.00345046,2.624,2.30165,2.99439,0.00812131,0.00999309,0.965,0.97,392.111,1,0.0315843,0.0825476,0.0500017
0.9,10000,8,vfl_uncorrected,8,O4 count,O,0.0603581,881.06,0.00931757,-0.000175098,0.0093393,0.00321737,2.89602,2.49013,3.36321,0.00833341,0.0103416,0.96,0.97,136.011,1,,,
0.9,10000,8,vfl_uncorrected,9,O5 score,O,-0.120716,-805.341,0.00963001,0.00097324,0.00960475,0.00348003,2.76722,2.4099,3.16679,0.00862057,0.0105285,0.945,0.945,64.2453,1,0.0520278,0.133118,0.079774
0.9,10000,8,vfl_uncorrected,10,O6 assets ($),O,0.362148,0.252222,0.00914512,0.00062312,0.00914676,0.00376615,2.42824,2.1317,2.75624,0.00834363,0.00992045,0.96,0.96,0.00636921,1,0.0174816,0.0409008,0.0252524
0.9,25000,,ols,0,intercept,R,0,,0.00203566,0.00070982,0.00191269,0.00191269,1.06429,1.02271,1.12821,0.00183498,0.00224034,0.965,0.96,,,,,
0.9,25000,,ols,1,R1 score,R,0.603581,4030.22,0.00346758,-0.00276089,0.00210325,0.00210325,1.64867,1.49453,1.83232,0.00321657,0.00369918,0.705,0.955,23.1537,1,0.004722,0.00901379,0.00574501
0.9,25000,,ols,2,R2 binary,R,-0.362148,-15675.5,0.00238057,0.00100335,0.00216421,0.00216421,1.09997,1.04931,1.16681,0.00213109,0.00263442,0.91,0.93,103.043,1,0.00438914,0.0108323,0.00657347
0.9,25000,,ols,3,R3 income ($),R,0.241432,0.168846,0.00431135,0.0035269,0.00248588,0.00248588,1.73434,1.599,1.90323,0.00399529,0.00461724,0.63,0.91,0.00301515,1,0.0140653,0.0286734,0.0178574
0.9,25000,,ols,4,R4 count,R,0.120716,1758.88,0.00254247,0.000558693,0.00248655,0.00248655,1.02249,1.00179,1.06552,0.00225105,0.00284272,0.915,0.92,37.0447,1,0.014127,0.0346947,0.0210616
0.9,25000,,ols,5,O1 income ($),O,0.482865,0.336309,0.00533871,-0.00470879,0.00252209,0.00252209,2.11678,1.91277,2.3761,0.00501426,0.00565318,0.43,0.915,0.00371834,1,0.0101542,0.0159214,0.0110563
0.9,25000,,ols,6,O2 age (yr),O,-0.30179,-337.216,0.00268503,0.0016302,0.00213886,0.00213886,1.25536,1.17038,1.36932,0.002437,0.00292417,0.875,0.945,3.00022,1,0.00638552,0.0145358,0.00889702
0.9,25000,,ols,7,O3 binary,O,0.181074,7841.96,0.00230175,-0.00110843,0.00202235,0.00202235,1.13816,1.07472,1.23011,0.0021074,0.00249832,0.94,0.95,99.6841,1,0.00902764,0.0197368,0.0127116
0.9,25000,,ols,8,O4 count,O,0.0603581,881.06,0.00239521,0.000856974,0.00224226,0.00224226,1.06821,1.02595,1.12902,0.00217495,0.00262027,0.915,0.96,34.9634,1,,,
0.9,25000,,ols,9,O5 score,O,-0.120716,-805.341,0.00215579,0.00025262,0.00214631,0.00214631,1.00442,0.997536,1.03101,0.00192031,0.00237182,0.94,0.94,14.382,1,0.0122875,0.0287306,0.0178583
0.9,25000,,ols,10,O6 assets ($),O,0.362148,0.252222,0.00248332,0.000795457,0.00235838,0.00235838,1.05298,1.01551,1.11363,0.0022219,0.00273504,0.9,0.91,0.00172953,1,0.00449798,0.0115386,0.00685719
0.9,25000,,ols_unclipped,0,intercept,R,0,,0.00186511,1.31175e-05,0.00186974,0.00191269,0.975124,0.952591,1.00496,0.00167739,0.00205691,,,,,,,
0.9,25000,,ols_unclipped,1,R1 score,R,0.603581,4030.22,0.00210078,-0.000300013,0.00208447,0.00210325,0.998825,0.966121,1.04342,0.00188049,0.00231704,,,14.0273,1,0.00253397,0.00545867,0.00348053
0.9,25000,,ols_unclipped,2,R2 binary,R,-0.362148,-15675.5,0.00212572,4.70421e-06,0.00213105,0.00216421,0.982215,0.958343,1.01071,0.0019177,0.00234456,,,92.0115,1,0.00401892,0.009553,0.00586975
0.9,25000,,ols_unclipped,3,R3 income ($),R,0.241432,0.168846,0.00222402,-4.03195e-05,0.00222923,0.00248588,0.89466,0.838984,0.95859,0.00201283,0.00242345,,,0.00155537,1,0.00594284,0.0158812,0.00921177
0.9,25000,,ols_unclipped,4,R4 count,R,0.120716,1758.88,0.00234626,6.50671e-05,0.00235125,0.00248655,0.943581,0.915726,0.981347,0.00209655,0.00260917,,,34.1859,1,0.0124342,0.0315455,0.0194362
0.9,25000,,ols_unclipped,5,O1 income ($),O,0.482865,0.336309,0.00225716,-0.000171113,0.00225632,0.00252209,0.894958,0.827976,0.972854,0.00202276,0.00249162,,,0.00157208,1,0.00279702,0.00773168,0.00467452
0.9,25000,,ols_unclipped,6,O2 age (yr),O,-0.30179,-337.216,0.00212034,0.000128999,0.00212173,0.00213886,0.991342,0.964565,1.02569,0.00192777,0.00231636,,,2.36924,1,0.00498413,0.0114749,0.00702588
0.9,25000,,ols_unclipped,7,O3 binary,O,0.181074,7841.96,0.00202,-0.000301157,0.00200244,0.00202235,0.99884,0.970892,1.04197,0.00182516,0.00219887,,,87.4821,1,0.00748225,0.0174074,0.0111556
0.9,25000,,ols_unclipped,8,O4 count,O,0.0603581,881.06,0.00227482,0.000265581,0.00226493,0.00224226,1.01452,0.982395,1.06114,0.00207391,0.0024939,,,33.2061,1,,,
0.9,25000,,ols_unclipped,9,O5 score,O,-0.120716,-805.341,0.00214626,0.000208885,0.00214143,0.00214631,0.999978,0.980109,1.03237,0.00192759,0.00235527,,,14.3185,1,0.0118707,0.0295132,0.0177794
0.9,25000,,ols_unclipped,10,O6 assets ($),O,0.362148,0.252222,0.00199875,-8.13107e-05,0.0020021,0.00235838,0.84751,0.79954,0.904731,0.00179635,0.00220432,,,0.00139205,1,0.00371353,0.00930061,0.00551913
0.9,25000,0.5,vfl_bc,0,intercept,R,0,,0.0311635,0.00624132,0.0306087,0.00191269,16.2931,14.1805,18.866,0.0283025,0.0339968,0.945,0.945,,,,,
0.9,25000,0.5,vfl_bc,1,R1 score,R,0.603581,4030.22,0.0310123,-0.00339043,0.0309037,0.00210325,14.7449,12.6099,17.2753,0.0277173,0.0342383,0.955,0.965,207.075,1,0.0347099,0.0798774,0.0513805
0.9,25000,0.5,vfl_bc,2,R2 binary,R,-0.362148,-15675.5,0.0316281,0.00267471,0.0315939,0.00216421,14.6141,12.9192,16.7348,0.0289025,0.0344538,0.985,0.98,1369.02,1,0.0629974,0.139272,0.0873347
0.9,25000,0.5,vfl_bc,3,R3 income ($),R,0.241432,0.168846,0.0369261,0.00398995,0.036802,0.00248588,14.8543,12.8698,17.2162,0.0328551,0.0409006,0.96,0.97,0.0258243,1,0.105937,0.237301,0.152946
0.9,25000,0.5,vfl_bc,4,R4 count,R,0.120716,1758.88,0.038613,-0.0029505,0.0385968,0.00248655,15.5287,13.3409,18.2234,0.0347772,0.042575,0.96,0.96,562.606,1,0.211333,0.526765,0.319866
0.9,25000,0.5,vfl_bc,5,O1 income ($),O,0.482865,0.336309,0.0494569,-0.00572578,0.0492476,0.00252209,19.6095,17.0376,22.8591,0.045044,0.0536724,0.935,0.95,0.0344461,1,0.075952,0.168889,0.102424
0.9,25000,0.5,vfl_bc,6,O2 age (yr),O,-0.30179,-337.216,0.0432093,0.00509115,0.0430159,0.00213886,20.202,17.3857,23.3661,0.0387042,0.0475478,0.95,0.95,48.2814,1,0.0894655,0.246431,0.143176
0.9,25000,0.5,vfl_bc,7,O3 binary,O,0.181074,7841.96,0.0405012,-0.00558435,0.0402151,0.00202235,20.0269,17.5013,23.0666,0.036814,0.0439995,0.96,0.96,1754.03,1,0.159427,0.364479,0.223672
0.9,25000,0.5,vfl_bc,8,O4 count,O,0.0603581,881.06,0.0389149,0.00529792,0.0386493,0.00224226,17.3552,15.165,19.8338,0.0349302,0.042654,0.975,0.975,568.05,0.96,,,
0.9,25000,0.5,vfl_bc,9,O5 score,O,-0.120716,-805.341,0.044588,-0.0054116,0.0443694,0.00214631,20.7743,18.1511,23.7867,0.039799,0.0488726,0.965,0.965,297.463,0.995,0.237351,0.593964,0.369362
0.9,25000,0.5,vfl_bc,10,O6 assets ($),O,0.362148,0.252222,0.0414252,0.000935959,0.0415185,0.00235838,17.5651,15.2634,20.2608,0.0374216,0.0450196,0.935,0.93,0.028851,1,0.075161,0.198537,0.114387
0.9,25000,0.5,vfl_uncorrected,0,intercept,R,0,,0.0314445,0.00634091,0.0308758,0.00191269,16.44,14.3019,19.0415,0.0285595,0.0343109,0.945,0.945,,,,,
0.9,25000,0.5,vfl_uncorrected,1,R1 score,R,0.603581,4030.22,0.0311277,-0.00037755,0.0312035,0.00210325,14.7998,12.679,17.2946,0.0277745,0.034411,0.965,0.96,207.846,1,0.0338927,0.0812059,0.0515718
0.9,25000,0.5,vfl_uncorrected,2,R2 binary,R,-0.362148,-15675.5,0.031858,0.000152322,0.0319375,0.00216421,14.7204,12.966,16.8588,0.0289771,0.0347989,0.975,0.975,1378.97,1,0.0604201,0.141229,0.0879693
0.9,25000,0.5,vfl_uncorrected,3,R3 income ($),R,0.241432,0.168846,0.0374643,0.00532015,0.0371777,0.00248588,15.0708,13.1114,17.4334,0.0334209,0.0415005,0.955,0.97,0.0262007,1,0.107301,0.243792,0.155175
0.9,25000,0.5,vfl_uncorrected,4,R4 count,R,0.120716,1758.88,0.0391298,-0.00385506,0.0390372,0.00248655,15.7366,13.5276,18.4559,0.0352544,0.0431153,0.96,0.96,570.136,1,0.214399,0.530309,0.324147
0.9,25000,0.5,vfl_uncorrected,5,O1 income ($),O,0.482865,0.336309,0.049963,-0.000617667,0.0500845,0.00252209,19.8102,17.2482,23.089,0.0455028,0.0542629,0.945,0.95,0.0347985,1,0.0752982,0.173634,0.103472
0.9,25000,0.5,vfl_uncorrected,6,O2 age (yr),O,-0.30179,-337.216,0.0436426,0.000924301,0.0437423,0.00213886,20.4046,17.5396,23.5995,0.0390899,0.0481278,0.945,0.95,48.7656,1,0.0892646,0.253017,0.144612
0.9,25000,0.5,vfl_uncorrected,7,O3 binary,O,0.181074,7841.96,0.0408527,-0.00358325,0.0407974,0.00202235,20.2007,17.6721,23.2664,0.0370857,0.0443092,0.96,0.955,1769.25,1,0.159039,0.371606,0.225613
0.9,25000,0.5,vfl_uncorrected,8,O4 count,O,0.0603581,881.06,0.0396108,0.00598677,0.0392541,0.00224226,17.6656,15.4251,20.185,0.0355954,0.0433974,0.975,0.975,578.208,0.96,,,
0.9,25000,0.5,vfl_uncorrected,9,O5 score,O,-0.120716,-805.341,0.045637,-0.00770927,0.045094,0.00214631,21.263,18.5279,24.3171,0.0408056,0.050037,0.965,0.965,304.461,0.995,0.241378,0.607598,0.378052
0.9,25000,0.5,vfl_uncorrected,10,O6 assets ($),O,0.362148,0.252222,0.0422813,0.00450246,0.0421464,0.00235838,17.9282,15.5477,20.692,0.0382366,0.0458957,0.935,0.935,0.0294472,1,0.0791643,0.1963,0.116751
0.9,25000,1,vfl_bc,0,intercept,R,0,,0.0178915,0.000859336,0.0179157,0.00191269,9.35415,8.11452,10.7371,0.0163785,0.0193108,0.93,0.935,,,,,
0.9,25000,1,vfl_bc,1,R1 score,R,0.603581,4030.22,0.0176761,-0.00237704,0.0175595,0.00210325,8.40417,7.25979,9.82476,0.0157597,0.0195347,0.955,0.945,118.027,1,0.0188331,0.048288,0.0292854
0.9,25000,1,vfl_bc,2,R2 binary,R,-0.362148,-15675.5,0.0175606,0.00136565,0.0175513,0.00216421,8.11407,7.11445,9.34882,0.0157552,0.0194492,0.96,0.96,760.107,1,0.0341925,0.0810074,0.04849
0.9,25000,1,vfl_bc,3,R3 income ($),R,0.241432,0.168846,0.0203363,0.00566471,0.0195804,0.00248588,8.18073,7.34164,9.22447,0.0186011,0.0220592,0.95,0.955,0.0142222,1,0.0544776,0.140073,0.084232
0.9,25000,1,vfl_bc,4,R4 count,R,0.120716,1758.88,0.0190615,-0.00273557,0.0189115,0.00248655,7.66582,6.57625,8.91789,0.0171846,0.0209729,0.965,0.97,277.732,1,0.105101,0.263622,0.157903
0.9,25000,1,vfl_bc,5,O1 income ($),O,0.482865,0.336309,0.024944,-0.0036139,0.0247427,0.00252209,9.89022,8.55883,11.6768,0.0221683,0.0278038,0.935,0.96,0.0173732,1,0.0334989,0.0806929,0.0516584
0.9,25000,1,vfl_bc,6,O2 age (yr),O,-0.30179,-337.216,0.0234074,0.00153025,0.0234159,0.00213886,10.9439,9.41148,12.8686,0.0209166,0.0261915,0.95,0.945,26.1551,1,0.0477717,0.123539,0.0775618
0.9,25000,1,vfl_bc,7,O3 binary,O,0.181074,7841.96,0.0223603,0.00090715,0.022398,0.00202235,11.0566,9.64807,12.864,0.0201237,0.024642,0.95,0.955,968.381,1,0.088564,0.199773,0.123487
0.9,25000,1,vfl_bc,8,O4 count,O,0.0603581,881.06,0.0230208,0.000425988,0.0230746,0.00224226,10.2668,8.8335,11.8036,0.0204502,0.025655,0.96,0.96,336.04,1,,,
0.9,25000,1,vfl_bc,9,O5 score,O,-0.120716,-805.341,0.0233628,0.00277789,0.0232553,0.00214631,10.8851,9.45401,12.7002,0.0209926,0.0257774,0.94,0.94,155.862,1,0.122105,0.324339,0.193535
0.9,25000,1,vfl_bc,10,O6 assets ($),O,0.362148,0.252222,0.0239067,-0.000404398,0.0239633,0.00235838,10.137,8.76348,11.8026,0.0216788,0.0259503,0.935,0.935,0.0166501,1,0.0488504,0.106925,0.0660136
0.9,25000,1,vfl_uncorrected,0,intercept,R,0,,0.0179328,0.000875491,0.0179563,0.00191269,9.3757,8.13427,10.7634,0.0164157,0.019356,0.93,0.935,,,,,
0.9,25000,1,vfl_uncorrected,1,R1 score,R,0.603581,4030.22,0.0176263,-0.0015389,0.017603,0.00210325,8.38047,7.23168,9.80757,0.0157219,0.0195023,0.955,0.945,117.694,1,0.018687,0.0480575,0.0292028
0.9,25000,1,vfl_uncorrected,2,R2 binary,R,-0.362148,-15675.5,0.017567,0.000660706,0.0175987,0.00216421,8.11706,7.1149,9.35167,0.0157927,0.0194303,0.96,0.96,760.387,1,0.0341143,0.0795818,0.0485078
0.9,25000,1,vfl_uncorrected,3,R3 income ($),R,0.241432,0.168846,0.0204955,0.00604331,0.0196334,0.00248588,8.24475,7.40297,9.29891,0.0187539,0.0222195,0.95,0.955,0.0143335,1,0.053543,0.140374,0.0848911
0.9,25000,1,vfl_uncorrected,4,R4 count,R,0.120716,1758.88,0.0191555,-0.00298015,0.0189698,0.00248655,7.70364,6.60605,8.97042,0.0172638,0.021091,0.965,0.97,279.103,1,0.1058,0.265996,0.158682
0.9,25000,1,vfl_uncorrected,5,O1 income ($),O,0.482865,0.336309,0.0248895,-0.0022076,0.0248536,0.00252209,9.8686,8.53231,11.6609,0.0220968,0.0277486,0.945,0.955,0.0173352,1,0.033606,0.0805533,0.0515455
0.9,25000,1,vfl_uncorrected,6,O2 age (yr),O,-0.30179,-337.216,0.0234689,0.000375717,0.0235248,0.00213886,10.9726,9.43155,12.8983,0.0209777,0.0261942,0.945,0.945,26.2238,1,0.0505022,0.121549,0.0777656
0.9,25000,1,vfl_uncorrected,7,O3 binary,O,0.181074,7841.96,0.0224853,0.00147414,0.0224932,0.00202235,11.1184,9.7038,12.9362,0.020242,0.0248036,0.95,0.945,973.791,1,0.0883392,0.203076,0.124177
0.9,25000,1,vfl_uncorrected,8,O4 count,O,0.0603581,881.06,0.0231247,0.000591301,0.0231751,0.00224226,10.3131,8.873,11.8545,0.0205284,0.0257784,0.96,0.96,337.556,1,,,
0.9,25000,1,vfl_uncorrected,9,O5 score,O,-0.120716,-805.341,0.0234045,0.00218141,0.0233611,0.00214631,10.9046,9.46561,12.7278,0.0210589,0.0258573,0.945,0.945,156.14,1,0.121536,0.331146,0.193881
0.9,25000,1,vfl_uncorrected,10,O6 assets ($),O,0.362148,0.252222,0.0240084,0.000559776,0.0240621,0.00235838,10.18,8.78801,11.839,0.0217887,0.0260827,0.93,0.935,0.0167209,1,0.0487645,0.105983,0.0662943
0.9,25000,2,vfl_bc,0,intercept,R,0,,0.00893453,0.000246266,0.00895355,0.00191269,4.6712,4.03798,5.41065,0.00806299,0.00978491,0.935,0.935,,,,,
0.9,25000,2,vfl_bc,1,R1 score,R,0.603581,4030.22,0.00931613,-0.00168792,0.00918494,0.00210325,4.42939,3.93188,5.03738,0.00838357,0.010215,0.95,0.935,62.2056,1,0.010618,0.0250233,0.0154348
0.9,25000,2,vfl_bc,2,R2 binary,R,-0.362148,-15675.5,0.00976076,0.000619203,0.00976554,0.00216421,4.51007,3.95346,5.13346,0.00874358,0.0107818,0.95,0.945,422.493,1,0.0176847,0.0424802,0.0269524
0.9,25000,2,vfl_bc,3,R3 income ($),R,0.241432,0.168846,0.0125672,0.00433056,0.0118271,0.00248588,5.05545,4.48355,5.71137,0.0113126,0.0137022,0.935,0.94,0.00878892,1,0.0380994,0.0822375,0.0520529
0.9,25000,2,vfl_bc,4,R4 count,R,0.120716,1758.88,0.0106739,-0.000142351,0.0106998,0.00248655,4.29267,3.67489,4.96871,0.00955807,0.0116595,0.96,0.955,155.523,1,0.0599908,0.142466,0.0884219
0.9,25000,2,vfl_bc,5,O1 income ($),O,0.482865,0.336309,0.0140182,-0.00398366,0.013474,0.00252209,5.55818,4.86011,6.48026,0.0126885,0.0153799,0.95,0.935,0.0097635,1,0.0198795,0.0482129,0.0290314
0.9,25000,2,vfl_bc,6,O2 age (yr),O,-0.30179,-337.216,0.0120152,0.000818129,0.0120174,0.00213886,5.61756,4.86265,6.4673,0.0106924,0.0132917,0.955,0.935,13.4256,1,0.0240155,0.0676483,0.039813
0.9,25000,2,vfl_bc,7,O3 binary,O,0.181074,7841.96,0.0111889,-0.00142611,0.0111255,0.00202235,5.53266,4.90056,6.37799,0.0102408,0.0122092,0.96,0.955,484.57,1,0.0438304,0.100369,0.061792
0.9,25000,2,vfl_bc,8,O4 count,O,0.0603581,881.06,0.0117003,0.000951267,0.0116908,0.00224226,5.21807,4.59162,5.96008,0.0105271,0.0129445,0.96,0.96,170.792,1,,,
0.9,25000,2,vfl_bc,9,O5 score,O,-0.120716,-805.341,0.0127409,-0.000226014,0.0127708,0.00214631,5.93617,5.13898,6.8982,0.0114805,0.0140174,0.95,0.95,84.9988,1,0.0669629,0.183514,0.105544
0.9,25000,2,vfl_bc,10,O6 assets ($),O,0.362148,0.252222,0.0112116,0.00114674,0.0111807,0.00235838,4.75393,4.10001,5.53601,0.00996799,0.0124772,0.95,0.955,0.0078084,1,0.0204679,0.0489597,0.0309584
0.9,25000,2,vfl_uncorrected,0,intercept,R,0,,0.00894035,0.000249662,0.00895929,0.00191269,4.67424,4.04027,5.41472,0.00806849,0.00979164,0.935,0.935,,,,,
0.9,25000,2,vfl_uncorrected,1,R1 score,R,0.603581,4030.22,0.00928175,-0.00144964,0.00919086,0.00210325,4.41305,3.92147,5.0261,0.00835073,0.0101827,0.955,0.935,61.976,1,0.0105673,0.0248187,0.0153778
0.9,25000,2,vfl_uncorrected,2,R2 binary,R,-0.362148,-15675.5,0.00975716,0.00041935,0.0097726,0.00216421,4.50841,3.9518,5.13435,0.00872832,0.0107689,0.95,0.945,422.337,1,0.0182452,0.0419606,0.0269424
0.9,25000,2,vfl_uncorrected,3,R3 income ($),R,0.241432,0.168846,0.0126128,0.00443641,0.0118364,0.00248588,5.07377,4.49981,5.7342,0.0113566,0.0137507,0.935,0.94,0.00882077,1,0.0382423,0.0827235,0.0522415
0.9,25000,2,vfl_uncorrected,4,R4 count,R,0.120716,1758.88,0.0106851,-0.000209283,0.0107099,0.00248655,4.29715,3.6786,4.97399,0.00956643,0.0116717,0.96,0.955,155.686,1,0.0597547,0.14299,0.0885143
0.9,25000,2,vfl_uncorrected,5,O1 income ($),O,0.482865,0.336309,0.0139268,-0.00358561,0.013491,0.00252209,5.52192,4.83908,6.44442,0.0126105,0.0152763,0.95,0.935,0.0096998,1,0.0198679,0.0476367,0.028842
0.9,25000,2,vfl_uncorrected,6,O2 age (yr),O,-0.30179,-337.216,0.0120122,0.000489604,0.0120323,0.00213886,5.61616,4.87215,6.46833,0.0106849,0.013281,0.95,0.925,13.4222,1,0.0239924,0.0668894,0.0398031
0.9,25000,2,vfl_uncorrected,7,O3 binary,O,0.181074,7841.96,0.0111817,-0.00126813,0.0111374,0.00202235,5.52908,4.89714,6.37214,0.010237,0.0121947,0.96,0.955,484.257,1,0.0429788,0.101366,0.0617521
0.9,25000,2,vfl_uncorrected,8,O4 count,O,0.0603581,881.06,0.0117184,0.000999859,0.0117049,0.00224226,5.22614,4.59838,5.97098,0.0105428,0.0129606,0.955,0.96,171.056,1,,,
0.9,25000,2,vfl_uncorrected,9,O5 score,O,-0.120716,-805.341,0.0127617,-0.000397624,0.0127875,0.00214631,5.94589,5.14801,6.91439,0.0114948,0.0140425,0.95,0.95,85.138,1,0.0661768,0.185085,0.105717
0.9,25000,2,vfl_uncorrected,10,O6 assets ($),O,0.362148,0.252222,0.0112562,0.00142183,0.011194,0.00235838,4.77285,4.11471,5.56067,0.0100054,0.0125027,0.95,0.955,0.00783948,1,0.0197435,0.0489993,0.0310817
0.9,25000,4,vfl_bc,0,intercept,R,0,,0.00508367,0.000966127,0.00500355,0.00191269,2.65787,2.32233,3.08406,0.00453632,0.00566913,0.955,0.95,,,,,
0.9,25000,4,vfl_bc,1,R1 score,R,0.603581,4030.22,0.0059606,-0.0021968,0.00555492,0.00210325,2.83399,2.5142,3.23365,0.00540146,0.00651702,0.92,0.945,39.8001,1,0.00666689,0.0157933,0.00987541
0.9,25000,4,vfl_bc,2,R2 binary,R,-0.362148,-15675.5,0.00599254,0.00127274,0.00587052,0.00216421,2.76892,2.52332,3.07323,0.00543034,0.00653621,0.95,0.95,259.386,1,0.0114193,0.02599,0.0165472
0.9,25000,4,vfl_bc,3,R3 income ($),R,0.241432,0.168846,0.00626123,0.00301512,0.00550122,0.00248588,2.51872,2.21471,2.89023,0.00565944,0.00684658,0.935,0.97,0.0043788,1,0.0173561,0.0445852,0.0259337
0.9,25000,4,vfl_bc,4,R4 count,R,0.120716,1758.88,0.00609297,0.00102574,0.00602108,0.00248655,2.45037,2.10674,2.84673,0.00542751,0.00675311,0.955,0.96,88.7767,1,0.033997,0.083069,0.0504735
0.9,25000,4,vfl_bc,5,O1 income ($),O,0.482865,0.336309,0.00882007,-0.0048415,0.00739099,0.00252209,3.49713,3.04779,4.05561,0.00801645,0.00956588,0.895,0.96,0.00614306,1,0.0123985,0.0303399,0.0182661
0.9,25000,4,vfl_bc,6,O2 age (yr),O,-0.30179,-337.216,0.00790665,0.00157582,0.00776747,0.00213886,3.69666,3.24015,4.18116,0.00707106,0.00871352,0.93,0.93,8.83477,1,0.0174722,0.0401039,0.0261991
0.9,25000,4,vfl_bc,7,O3 binary,O,0.181074,7841.96,0.0067776,-0.00132359,0.00666379,0.00202235,3.35136,2.98986,3.80222,0.00619574,0.00733722,0.96,0.955,293.524,1,0.0263688,0.0607547,0.03743
0.9,25000,4,vfl_bc,8,O4 count,O,0.0603581,881.06,0.00699113,0.000574371,0.00698498,0.00224226,3.11789,2.74126,3.54392,0.00623378,0.0078191,0.945,0.945,102.051,1,,,
0.9,25000,4,vfl_bc,9,O5 score,O,-0.120716,-805.341,0.00697264,0.000966481,0.00692267,0.00214631,3.24867,2.8232,3.75591,0.00629009,0.00767413,0.965,0.965,46.517,1,0.0394779,0.0933423,0.0577607
0.9,25000,4,vfl_bc,10,O6 assets ($),O,0.362148,0.252222,0.00740857,0.000385377,0.0074171,0.00235838,3.14139,2.74813,3.60827,0.00666335,0.00812744,0.95,0.93,0.00515977,1,0.0144714,0.0317577,0.0204573
0.9,25000,4,vfl_uncorrected,0,intercept,R,0,,0.00508463,0.000967301,0.0050043,0.00191269,2.65837,2.32273,3.08465,0.00453737,0.00567014,0.955,0.95,,,,,
0.9,25000,4,vfl_uncorrected,1,R1 score,R,0.603581,4030.22,0.00593616,-0.00212695,0.00555593,0.00210325,2.82237,2.50361,3.21907,0.00538111,0.00649283,0.925,0.945,39.6369,1,0.00671787,0.0157061,0.0098349
0.9,25000,4,vfl_uncorrected,2,R2 binary,R,-0.362148,-15675.5,0.00598162,0.00121426,0.00587178,0.00216421,2.76388,2.51896,3.06546,0.00541919,0.00651921,0.95,0.95,258.914,1,0.011327,0.0258335,0.016517
0.9,25000,4,vfl_uncorrected,3,R3 income ($),R,0.241432,0.168846,0.00627692,0.00304585,0.00550217,0.00248588,2.52503,2.22087,2.89689,0.00567448,0.00686225,0.935,0.97,0.00438977,1,0.0174845,0.0447128,0.0259987
0.9,25000,4,vfl_uncorrected,4,R4 count,R,0.120716,1758.88,0.0060911,0.00100642,0.00602245,0.00248655,2.44962,2.10564,2.84579,0.00542515,0.00675072,0.955,0.96,88.7495,1,0.0339218,0.0829689,0.050458
0.9,25000,4,vfl_uncorrected,5,O1 income ($),O,0.482865,0.336309,0.00875912,-0.00472503,0.00739389,0.00252209,3.47296,3.0282,4.02674,0.00795852,0.00950396,0.895,0.965,0.00610061,1,0.0121549,0.0301072,0.0181399
0.9,25000,4,vfl_uncorrected,6,O2 age (yr),O,-0.30179,-337.216,0.0078907,0.00147971,0.00777017,0.00213886,3.68921,3.2351,4.17395,0.00706222,0.00869299,0.93,0.93,8.81695,1,0.0172326,0.0403667,0.0261463
0.9,25000,4,vfl_uncorrected,7,O3 binary,O,0.181074,7841.96,0.00677092,-0.00127734,0.00666603,0.00202235,3.34805,2.98765,3.80018,0.00619402,0.00733019,0.955,0.955,293.235,1,0.0263311,0.0605247,0.0373931
0.9,25000,4,vfl_uncorrected,8,O4 count,O,0.0603581,881.06,0.00699474,0.000588545,0.00698743,0.00224226,3.1195,2.74252,3.54516,0.00623786,0.00782461,0.945,0.945,102.104,1,,,
0.9,25000,4,vfl_uncorrected,9,O5 score,O,-0.120716,-805.341,0.00696838,0.000916668,0.00692516,0.00214631,3.24668,2.82159,3.75525,0.00628543,0.00766768,0.97,0.97,46.4886,1,0.0390889,0.0935797,0.0577253
0.9,25000,4,vfl_uncorrected,10,O6 assets ($),O,0.362148,0.252222,0.0074153,0.00046588,0.00741922,0.00235838,3.14424,2.75036,3.61534,0.0066702,0.00814275,0.95,0.935,0.00516446,1,0.0145394,0.0319922,0.0204759
0.9,25000,8,vfl_bc,0,intercept,R,0,,0.00359711,0.000788883,0.00351835,0.00191269,1.88066,1.69723,2.10856,0.00321095,0.00398675,0.93,0.93,,,,,
0.9,25000,8,vfl_bc,1,R1 score,R,0.603581,4030.22,0.00452139,-0.00280707,0.00355337,0.00210325,2.14971,1.94273,2.40968,0.00406101,0.00495869,0.865,0.955,30.1902,1,0.00487784,0.0125267,0.00749094
0.9,25000,8,vfl_bc,2,R2 binary,R,-0.362148,-15675.5,0.00411492,0.000863447,0.00403341,0.00216421,1.90135,1.72416,2.11612,0.00375852,0.00445628,0.91,0.925,178.114,1,0.00791134,0.0190548,0.0113625
0.9,25000,8,vfl_bc,3,R3 income ($),R,0.241432,0.168846,0.00551901,0.00360525,0.0041892,0.00248588,2.22014,1.99431,2.48728,0.00500585,0.00603673,0.83,0.935,0.00385973,1,0.0163925,0.0351749,0.0228595
0.9,25000,8,vfl_bc,4,R4 count,R,0.120716,1758.88,0.0044215,0.00054349,0.00439899,0.00248655,1.77817,1.61013,1.97755,0.00398692,0.00489043,0.925,0.93,64.4229,1,0.0251139,0.0585028,0.0366273
0.9,25000,8,vfl_bc,5,O1 income ($),O,0.482865,0.336309,0.00692269,-0.00489347,0.00490897,0.00252209,2.74483,2.42982,3.12706,0.00626944,0.00757162,0.78,0.905,0.00482156,1,0.0101577,0.022624,0.0143367
0.9,25000,8,vfl_bc,6,O2 age (yr),O,-0.30179,-337.216,0.00487412,0.00183662,0.00452618,0.00213886,2.27884,2.02786,2.57992,0.00445414,0.00528559,0.925,0.955,5.44626,1,0.0110852,0.0269424,0.0161507
0.9,25000,8,vfl_bc,7,O3 binary,O,0.181074,7841.96,0.00435263,-0.00118723,0.00419809,0.00202235,2.15227,1.91967,2.45689,0.00393983,0.00478769,0.935,0.93,188.503,1,0.0174013,0.0379648,0.0240378
0.9,25000,8,vfl_bc,8,O4 count,O,0.0603581,881.06,0.004498,0.00136349,0.00429712,0.00224226,2.00601,1.79523,2.24676,0.00409162,0.00493465,0.955,0.96,65.6583,1,,,
0.9,25000,8,vfl_bc,9,O5 score,O,-0.120716,-805.341,0.00428694,-2.95702e-05,0.00429759,0.00214631,1.99735,1.7663,2.27266,0.0038136,0.00473459,0.935,0.935,28.5997,1,0.0215596,0.0630736,0.0355126
0.9,25000,8,vfl_bc,10,O6 assets ($),O,0.362148,0.252222,0.00417699,0.000990294,0.00406808,0.00235838,1.77113,1.56767,2.03442,0.0037299,0.00460339,0.93,0.96,0.00290911,1,0.0068586,0.0195535,0.0115339
0.9,25000,8,vfl_uncorrected,0,intercept,R,0,,0.00359734,0.000789267,0.0035185,0.00191269,1.88078,1.69735,2.10871,0.00321112,0.00398704,0.93,0.93,,,,,
0.9,25000,8,vfl_uncorrected,1,R1 score,R,0.603581,4030.22,0.00450825,-0.00278558,0.00355359,0.00210325,2.14347,1.93766,2.40267,0.00404738,0.0049455,0.865,0.955,30.1024,1,0.00484232,0.0124916,0.00746918
0.9,25000,8,vfl_uncorrected,2,R2 binary,R,-0.362148,-15675.5,0.00411141,0.000845406,0.00403365,0.00216421,1.89973,1.72297,2.11376,0.00375691,0.0044526,0.91,0.92,177.962,1,0.00791231,0.0190061,0.0113528
0.9,25000,8,vfl_uncorrected,3,R3 income ($),R,0.241432,0.168846,0.00552542,0.00361476,0.00418946,0.00248588,2.22272,1.99651,2.49001,0.00501242,0.0060434,0.83,0.935,0.00386421,1,0.0164302,0.0352165,0.022886
0.9,25000,8,vfl_uncorrected,4,R4 count,R,0.120716,1758.88,0.00442106,0.000537546,0.00439927,0.00248655,1.77799,1.61029,1.97735,0.0039868,0.00488968,0.925,0.93,64.4164,1,0.0251191,0.0584563,0.0366236
0.9,25000,8,vfl_uncorrected,5,O1 income ($),O,0.482865,0.336309,0.00689778,-0.00485764,0.0049095,0.00252209,2.73495,2.42209,3.11641,0.00624423,0.00754675,0.78,0.905,0.00480421,1,0.0100827,0.0225506,0.0142851
0.9,25000,8,vfl_uncorrected,6,O2 age (yr),O,-0.30179,-337.216,0.00486353,0.00180706,0.00452669,0.00213886,2.27389,2.02397,2.57465,0.00444515,0.00527427,0.92,0.96,5.43444,1,0.0110781,0.0268473,0.0161156
0.9,25000,8,vfl_uncorrected,7,O3 binary,O,0.181074,7841.96,0.00434912,-0.00117297,0.00419846,0.00202235,2.15053,1.91836,2.45539,0.00393672,0.0047849,0.935,0.93,188.351,1,0.0174019,0.0378887,0.0240184
0.9,25000,8,vfl_uncorrected,8,O4 count,O,0.0603581,881.06,0.00449976,0.00136793,0.00429755,0.00224226,2.00679,1.79617,2.24748,0.0040933,0.00493678,0.955,0.96,65.684,1,,,
0.9,25000,8,vfl_uncorrected,9,O5 score,O,-0.120716,-805.341,0.00428748,-4.50254e-05,0.004298,0.00214631,1.99761,1.76692,2.27226,0.00381355,0.00473432,0.935,0.935,28.6033,1,0.0215396,0.0632085,0.035517
0.9,25000,8,vfl_uncorrected,10,O6 assets ($),O,0.362148,0.252222,0.0041833,0.00101517,0.00406843,0.00235838,1.7738,1.56925,2.03808,0.00373423,0.00461012,0.93,0.96,0.0029135,1,0.0068571,0.0196215,0.0115513
0.9,50000,,ols,0,intercept,R,0,,0.00150532,0.000560013,0.00140078,0.00140078,1.07463,1.0308,1.14121,0.00136477,0.00164386,0.935,0.95,,,,,
0.9,50000,,ols,1,R1 score,R,0.603581,4030.22,0.00281409,-0.00240814,0.00145966,0.00145966,1.92791,1.775,2.11935,0.00261588,0.00301267,0.635,0.955,18.7902,1,0.00409364,0.00712085,0.00466233
0.9,50000,,ols,2,R2 binary,R,-0.362148,-15675.5,0.00190036,0.00106402,0.00157851,0.00157851,1.20389,1.13482,1.28631,0.00169795,0.00210076,0.875,0.92,82.2568,1,0.00323175,0.00872038,0.00524746
0.9,50000,,ols,3,R3 income ($),R,0.241432,0.168846,0.00381431,0.00350004,0.00151995,0.00151995,2.50949,2.29852,2.7829,0.00360455,0.00403708,0.43,0.95,0.00266754,1,0.0140553,0.0226332,0.0157987
0.9,50000,,ols,4,R4 count,R,0.120716,1758.88,0.00149114,0.000564586,0.00138358,0.00138358,1.07774,1.03482,1.1415,0.00134025,0.00164924,0.98,0.98,21.7264,1,0.0086376,0.019583,0.0123524
0.9,50000,,ols,5,O1 income ($),O,0.482865,0.336309,0.00495918,-0.0046423,0.00174865,0.00174865,2.836,2.59021,3.16304,0.00472479,0.00517981,0.195,0.9,0.003454,1,0.00959546,0.0141045,0.0102703
0.9,50000,,ols,6,O2 age (yr),O,-0.30179,-337.216,0.00207512,0.00135366,0.00157675,0.00157675,1.31607,1.21591,1.43773,0.0018986,0.00224414,0.855,0.93,2.31871,1,0.00499765,0.0108655,0.00687603
0.9,50000,,ols,7,O3 binary,O,0.181074,7841.96,0.00171552,-0.000713877,0.00156384,0.00156384,1.09699,1.04636,1.16979,0.00155969,0.00188238,0.905,0.915,74.2955,1,0.0066683,0.015955,0.0094741
0.9,50000,,ols,8,O4 count,O,0.0603581,881.06,0.00184834,0.000652126,0.00173382,0.00173382,1.06605,1.02485,1.13005,0.00170065,0.00199739,0.9,0.9,26.9807,1,,,
0.9,50000,,ols,9,O5 score,O,-0.120716,-805.341,0.00154702,8.67571e-05,0.00154846,0.00154846,0.999069,0.997502,1.01711,0.00140572,0.00167914,0.955,0.955,10.3207,1,0.00917253,0.0207357,0.0128154
0.9,50000,,ols,10,O6 assets ($),O,0.362148,0.252222,0.00165364,0.000636518,0.00153006,0.00153006,1.08077,1.0333,1.14678,0.00149396,0.00181284,0.92,0.965,0.0011517,1,0.00304655,0.00727655,0.0045662
0.9,50000,,ols_unclipped,0,intercept,R,0,,0.00138363,-0.000109186,0.00138278,0.00140078,0.987758,0.963671,1.02018,0.00125108,0.00151794,,,,,,,
0.9,50000,,ols_unclipped,1,R1 score,R,0.603581,4030.22,0.00144235,0.000121234,0.00144086,0.00145966,0.988144,0.956044,1.02826,0.0012976,0.00158971,,,9.63088,1,0.00157846,0.00398429,0.00238966
0.9,50000,,ols_unclipped,2,R2 binary,R,-0.362148,-15675.5,0.00156385,-1.05457e-05,0.00156774,0.00157851,0.990711,0.969477,1.01812,0.00141695,0.00171147,,,67.6909,1,0.00283786,0.00707433,0.00431825
0.9,50000,,ols_unclipped,3,R3 income ($),R,0.241432,0.168846,0.00138471,7.96791e-05,0.00138588,0.00151995,0.911019,0.856431,0.972796,0.00124568,0.00151511,,,0.000968397,1,0.00393621,0.00941568,0.00573538
0.9,50000,,ols_unclipped,4,R4 count,R,0.120716,1758.88,0.00135017,-1.26183e-05,0.0013535,0.00138358,0.975851,0.934851,1.02302,0.00121304,0.00149504,,,19.6725,1,0.00815761,0.0166075,0.0111847
0.9,50000,,ols_unclipped,5,O1 income ($),O,0.482865,0.336309,0.0014724,-1.3103e-06,0.0014761,0.00174865,0.842022,0.780251,0.91039,0.00132023,0.00161837,,,0.00102551,1,0.00198486,0.00514823,0.00304931
0.9,50000,,ols_unclipped,6,O2 age (yr),O,-0.30179,-337.216,0.0015657,-0.000183444,0.00155882,0.00157675,0.992993,0.966026,1.03069,0.00142483,0.00171458,,,1.74949,1,0.00362201,0.008376,0.00518805
0.9,50000,,ols_unclipped,7,O3 binary,O,0.181074,7841.96,0.00155282,8.06897e-05,0.00155461,0.00156384,0.992952,0.971447,1.02166,0.00140632,0.00170058,,,67.2494,1,0.00531527,0.0146589,0.0085756
0.9,50000,,ols_unclipped,8,O4 count,O,0.0603581,881.06,0.00167643,0.000110244,0.001677,0.00173382,0.9669,0.942929,0.999122,0.00152959,0.00182588,,,24.4712,1,,,
0.9,50000,,ols_unclipped,9,O5 score,O,-0.120716,-805.341,0.00151986,-7.98573e-06,0.00152366,0.00154846,0.981531,0.957232,1.01199,0.00139222,0.00164225,,,10.1396,1,0.00940703,0.0202134,0.0125904
0.9,50000,,ols_unclipped,10,O6 assets ($),O,0.362148,0.252222,0.00132179,-0.000183971,0.00131221,0.00153006,0.86388,0.806141,0.928456,0.00119042,0.00147187,,,0.000920573,1,0.00247989,0.00559654,0.00364986
0.9,50000,0.5,vfl_bc,0,intercept,R,0,,0.0165284,0.000141217,0.0165693,0.00140078,11.7995,10.3586,13.504,0.0149862,0.0180161,0.925,0.92,,,,,
0.9,50000,0.5,vfl_bc,1,R1 score,R,0.603581,4030.22,0.0157022,-0.00145774,0.0156736,0.00145966,10.7574,9.31974,12.4361,0.0142073,0.0173676,0.94,0.96,104.847,1,0.0173072,0.0471406,0.0260151
0.9,50000,0.5,vfl_bc,2,R2 binary,R,-0.362148,-15675.5,0.018799,0.00171477,0.0187676,0.00157851,11.9093,10.3265,13.6812,0.0168667,0.0206554,0.93,0.925,813.711,1,0.0338938,0.0867481,0.0519096
0.9,50000,0.5,vfl_bc,3,R3 income ($),R,0.241432,0.168846,0.0191562,0.00498425,0.0185428,0.00151995,12.6031,10.9234,14.7086,0.0172732,0.0211398,0.935,0.945,0.0133969,1,0.0518075,0.131631,0.0793439
0.9,50000,0.5,vfl_bc,4,R4 count,R,0.120716,1758.88,0.0208208,-0.00087094,0.0208548,0.00138358,15.0485,13.1097,17.399,0.0189785,0.0225172,0.92,0.91,303.367,1,0.137313,0.277189,0.172477
0.9,50000,0.5,vfl_bc,5,O1 income ($),O,0.482865,0.336309,0.0210823,-0.00441169,0.0206673,0.00174865,12.0563,10.6782,13.7728,0.0192764,0.0228527,0.965,0.975,0.0146835,1,0.0322395,0.0700358,0.0436609
0.9,50000,0.5,vfl_bc,6,O2 age (yr),O,-0.30179,-337.216,0.021093,0.00130119,0.0211057,0.00157675,13.3775,11.6801,15.2688,0.0190907,0.0230072,0.965,0.955,23.569,1,0.0474161,0.114984,0.069893
0.9,50000,0.5,vfl_bc,7,O3 binary,O,0.181074,7841.96,0.0211452,-0.00228732,0.0210739,0.00156384,13.5213,11.8525,15.441,0.0191462,0.0231497,0.94,0.94,915.757,1,0.0710606,0.182502,0.116777
0.9,50000,0.5,vfl_bc,8,O4 count,O,0.0603581,881.06,0.0222189,-0.0004539,0.02227,0.00173382,12.815,11.3051,14.6141,0.020036,0.0243079,0.92,0.92,324.335,0.995,,,
0.9,50000,0.5,vfl_bc,9,O5 score,O,-0.120716,-805.341,0.0222832,0.00151435,0.0222875,0.00154846,14.3905,12.6114,16.4575,0.020163,0.0243994,0.95,0.95,148.659,1,0.129814,0.316104,0.184592
0.9,50000,0.5,vfl_bc,10,O6 assets ($),O,0.362148,0.252222,0.0189074,0.000582575,0.0189458,0.00153006,12.3573,10.6768,14.3606,0.0170407,0.0207632,0.97,0.97,0.0131682,1,0.0337201,0.0894091,0.0522089
0.9,50000,0.5,vfl_uncorrected,0,intercept,R,0,,0.0165638,0.00014998,0.0166046,0.00140078,11.8247,10.3802,13.5361,0.0150193,0.0180556,0.925,0.92,,,,,
0.9,50000,0.5,vfl_uncorrected,1,R1 score,R,0.603581,4030.22,0.015685,-0.000712711,0.0157081,0.00145966,10.7456,9.31844,12.389,0.0142044,0.0173027,0.94,0.95,104.731,1,0.016752,0.0459916,0.0259865
0.9,50000,0.5,vfl_uncorrected,2,R2 binary,R,-0.362148,-15675.5,0.0187973,0.00109255,0.0188126,0.00157851,11.9082,10.3178,13.6782,0.0168623,0.0206635,0.925,0.93,813.638,1,0.0340572,0.0860264,0.0519049
0.9,50000,0.5,vfl_uncorrected,3,R3 income ($),R,0.241432,0.168846,0.0192908,0.00531437,0.0185909,0.00151995,12.6917,10.9895,14.8068,0.0173824,0.0212955,0.935,0.945,0.013491,1,0.0520908,0.133396,0.0799015
0.9,50000,0.5,vfl_uncorrected,4,R4 count,R,0.120716,1758.88,0.0208887,-0.0010819,0.020913,0.00138358,15.0975,13.1454,17.4519,0.0190411,0.0225779,0.92,0.91,304.355,1,0.137754,0.277658,0.17304
0.9,50000,0.5,vfl_uncorrected,5,O1 income ($),O,0.482865,0.336309,0.0209461,-0.00317158,0.0207565,0.00174865,11.9784,10.6129,13.6868,0.0191406,0.0227329,0.97,0.97,0.0145887,1,0.0338851,0.0684311,0.0433788
0.9,50000,0.5,vfl_uncorrected,6,O2 age (yr),O,-0.30179,-337.216,0.0211396,0.000275991,0.0211908,0.00157675,13.407,11.7224,15.2884,0.0191601,0.023038,0.96,0.955,23.621,1,0.0501873,0.11786,0.0700472
0.9,50000,0.5,vfl_uncorrected,7,O3 binary,O,0.181074,7841.96,0.0211726,-0.00179786,0.021149,0.00156384,13.5388,11.8716,15.4476,0.0191451,0.0231927,0.94,0.945,916.941,1,0.0696278,0.181795,0.116928
0.9,50000,0.5,vfl_uncorrected,8,O4 count,O,0.0603581,881.06,0.0223007,-0.000305153,0.0223545,0.00173382,12.8622,11.3392,14.6634,0.020099,0.0244018,0.92,0.915,325.528,0.995,,,
0.9,50000,0.5,vfl_uncorrected,9,O5 score,O,-0.120716,-805.341,0.0223419,0.000982231,0.0223764,0.00154846,14.4285,12.6361,16.502,0.0202029,0.0244765,0.95,0.95,149.051,1,0.126477,0.319129,0.185078
0.9,50000,0.5,vfl_uncorrected,10,O6 assets ($),O,0.362148,0.252222,0.0190236,0.0014424,0.0190165,0.00153006,12.4332,10.7428,14.5025,0.017146,0.020912,0.97,0.97,0.0132492,1,0.0336269,0.0873233,0.0525299
0.9,50000,1,vfl_bc,0,intercept,R,0,,0.00803418,0.000309566,0.00804836,0.00140078,5.73551,4.97992,6.61264,0.00723714,0.00881322,0.94,0.94,,,,,
0.9,50000,1,vfl_bc,1,R1 score,R,0.603581,4030.22,0.00898135,-0.00128932,0.00891063,0.00145966,6.15304,5.34574,7.0243,0.00804886,0.00983337,0.94,0.94,59.9702,1,0.0105972,0.024302,0.0148801
0.9,50000,1,vfl_bc,2,R2 binary,R,-0.362148,-15675.5,0.0090899,0.0012802,0.00902188,0.00157851,5.75853,4.98069,6.66735,0.00809832,0.0100657,0.955,0.95,393.455,1,0.0158761,0.0392426,0.0250999
0.9,50000,1,vfl_bc,3,R3 income ($),R,0.241432,0.168846,0.0103891,0.0021897,0.0101812,0.00151995,6.83512,5.91746,7.95554,0.00921831,0.0115415,0.935,0.93,0.00726561,1,0.0230385,0.0759574,0.043031
0.9,50000,1,vfl_bc,4,R4 count,R,0.120716,1758.88,0.0103398,0.000798762,0.0103348,0.00138358,7.4732,6.52774,8.59527,0.00935507,0.0113784,0.945,0.95,150.654,1,0.0592242,0.138504,0.0856537
0.9,50000,1,vfl_bc,5,O1 income ($),O,0.482865,0.336309,0.0122928,-0.00355295,0.0117976,0.00174865,7.02984,6.13561,8.05474,0.0110832,0.0135444,0.92,0.94,0.00856174,1,0.0158507,0.0435691,0.025458
0.9,50000,1,vfl_bc,6,O2 age (yr),O,-0.30179,-337.216,0.0115564,0.000311587,0.0115812,0.00157675,7.32924,6.40026,8.44538,0.0103736,0.0128301,0.95,0.95,12.9129,1,0.027337,0.0608617,0.0382928
0.9,50000,1,vfl_bc,7,O3 binary,O,0.181074,7841.96,0.0112761,-0.0010641,0.011254,0.00156384,7.21052,6.36026,8.24682,0.0102121,0.0122641,0.94,0.94,488.346,1,0.0416395,0.103103,0.0622735
0.9,50000,1,vfl_bc,8,O4 count,O,0.0603581,881.06,0.011406,0.000645197,0.0114163,0.00173382,6.57853,5.65846,7.637,0.0100254,0.0127146,0.94,0.935,166.496,1,,,
0.9,50000,1,vfl_bc,9,O5 score,O,-0.120716,-805.341,0.0136381,0.000193272,0.013671,0.00154846,8.80752,7.87711,10.0039,0.0124752,0.0148381,0.915,0.915,90.9848,1,0.0791616,0.188164,0.112977
0.9,50000,1,vfl_bc,10,O6 assets ($),O,0.362148,0.252222,0.0119611,0.000615977,0.0119752,0.00153006,7.81738,6.84107,8.99899,0.0108274,0.0130823,0.93,0.94,0.00833041,1,0.021686,0.0490105,0.0330281
0.9,50000,1,vfl_uncorrected,0,intercept,R,0,,0.00803886,0.000312612,0.00805293,0.00140078,5.73884,4.98264,6.61624,0.0072417,0.00881835,0.94,0.94,,,,,
0.9,50000,1,vfl_uncorrected,1,R1 score,R,0.603581,4030.22,0.00895929,-0.00108021,0.00891625,0.00145966,6.13793,5.33222,6.99993,0.00803469,0.00981286,0.94,0.945,59.8229,1,0.0105446,0.0240442,0.0148436
0.9,50000,1,vfl_uncorrected,2,R2 binary,R,-0.362148,-15675.5,0.00907293,0.00110574,0.0090279,0.00157851,5.74778,4.96556,6.65809,0.00808403,0.0100486,0.95,0.95,392.72,1,0.0155389,0.0387855,0.0250531
0.9,50000,1,vfl_uncorrected,3,R3 income ($),R,0.241432,0.168846,0.0104155,0.00228032,0.0101884,0.00151995,6.85253,5.93007,7.97146,0.00924881,0.0115667,0.94,0.93,0.00728412,1,0.0229391,0.0756513,0.0431406
0.9,50000,1,vfl_uncorrected,4,R4 count,R,0.120716,1758.88,0.010344,0.000741504,0.0103433,0.00138358,7.47623,6.52651,8.59799,0.00935677,0.0113759,0.94,0.95,150.715,1,0.0595458,0.139134,0.0856884
0.9,50000,1,vfl_uncorrected,5,O1 income ($),O,0.482865,0.336309,0.0122094,-0.00320477,0.0118109,0.00174865,6.9822,6.08877,8.00875,0.0110101,0.0134624,0.92,0.935,0.00850371,1,0.01583,0.0428952,0.0252854
0.9,50000,1,vfl_uncorrected,6,O2 age (yr),O,-0.30179,-337.216,0.0115649,2.32885e-05,0.0115939,0.00157675,7.33461,6.40542,8.44879,0.0103698,0.012822,0.95,0.945,12.9224,1,0.0270826,0.0600898,0.0383208
0.9,50000,1,vfl_uncorrected,7,O3 binary,O,0.181074,7841.96,0.0112758,-0.000925654,0.0112659,0.00156384,7.21031,6.35971,8.24318,0.010216,0.0122596,0.94,0.94,488.331,1,0.0422751,0.102833,0.0622716
0.9,50000,1,vfl_uncorrected,8,O4 count,O,0.0603581,881.06,0.0114205,0.00068813,0.0114283,0.00173382,6.5869,5.66423,7.64917,0.0100355,0.0127295,0.94,0.935,166.707,1,,,
0.9,50000,1,vfl_uncorrected,9,O5 score,O,-0.120716,-805.341,0.0136513,4.29222e-05,0.0136855,0.00154846,8.81605,7.88753,10.0074,0.0124879,0.0148481,0.91,0.91,91.0729,1,0.0784696,0.187281,0.113086
0.9,50000,1,vfl_uncorrected,10,O6 assets ($),O,0.362148,0.252222,0.011988,0.000856232,0.0119874,0.00153006,7.83497,6.85394,9.00642,0.0108469,0.013106,0.935,0.94,0.00834915,1,0.021953,0.0493992,0.0331024
0.9,50000,2,vfl_bc,0,intercept,R,0,,0.00429291,0.000605611,0.00426065,0.00140078,3.06466,2.74497,3.48363,0.0039124,0.00465301,0.965,0.98,,,,,
0.9,50000,2,vfl_bc,1,R1 score,R,0.603581,4030.22,0.005738,-0.00246097,0.00519647,0.00145966,3.93105,3.47768,4.47529,0.0051612,0.00636212,0.915,0.93,38.3137,1,0.00611295,0.0148291,0.0095066
0.9,50000,2,vfl_bc,2,R2 binary,R,-0.362148,-15675.5,0.00499655,0.000855682,0.00493509,0.00157851,3.16536,2.82521,3.57987,0.00452067,0.00548258,0.945,0.95,216.275,1,0.00984287,0.0219174,0.013797
0.9,50000,2,vfl_bc,3,R3 income ($),R,0.241432,0.168846,0.00737001,0.00404008,0.00617946,0.00151995,4.84884,4.27091,5.55734,0.00660538,0.00811169,0.845,0.93,0.00515423,1,0.0207803,0.0507938,0.0305262
0.9,50000,2,vfl_bc,4,R4 count,R,0.120716,1758.88,0.00545804,0.000191273,0.00546837,0.00138358,3.94486,3.44248,4.53642,0.00496394,0.00597239,0.95,0.955,79.5256,1,0.0306384,0.0735394,0.0452138
0.9,50000,2,vfl_bc,5,O1 income ($),O,0.482865,0.336309,0.00734244,-0.00475936,0.00560509,0.00174865,4.19891,3.70501,4.77803,0.00671793,0.00792113,0.925,0.99,0.00511391,1,0.0103915,0.025338,0.015206
0.9,50000,2,vfl_bc,6,O2 age (yr),O,-0.30179,-337.216,0.00672057,0.00188164,0.00646797,0.00157675,4.26229,3.74002,4.83148,0.00609783,0.00734549,0.935,0.94,7.50946,1,0.0155312,0.0360216,0.022269
0.9,50000,2,vfl_bc,7,O3 binary,O,0.181074,7841.96,0.00586505,-0.00117369,0.00576084,0.00156384,3.75041,3.27244,4.33077,0.00530907,0.00647505,0.955,0.965,254.004,1,0.0214056,0.0525578,0.0323903
0.9,50000,2,vfl_bc,8,O4 count,O,0.0603581,881.06,0.00577674,0.00113202,0.00567896,0.00173382,3.3318,2.92706,3.81324,0.00521209,0.00632455,0.965,0.975,84.3245,1,,,
0.9,50000,2,vfl_bc,9,O5 score,O,-0.120716,-805.341,0.00637598,-0.000662632,0.00635737,0.00154846,4.11762,3.63897,4.6748,0.00574261,0.00697378,0.95,0.95,42.5365,1,0.0348958,0.087638,0.052818
0.9,50000,2,vfl_bc,10,O6 assets ($),O,0.362148,0.252222,0.00556242,0.00105232,0.00547568,0.00153006,3.63542,3.15424,4.22533,0.00497488,0.00616822,0.98,0.97,0.003874,1,0.0102131,0.0247581,0.0153595
0.9,50000,2,vfl_uncorrected,0,intercept,R,0,,0.00429374,0.000606487,0.00426136,0.00140078,3.06525,2.74548,3.48432,0.0039131,0.00465393,0.965,0.98,,,,,
0.9,50000,2,vfl_uncorrected,1,R1 score,R,0.603581,4030.22,0.00571356,-0.0024017,0.00519728,0.00145966,3.91431,3.46024,4.45665,0.00513367,0.00633376,0.925,0.93,38.1505,1,0.00602963,0.0147319,0.00946611
0.9,50000,2,vfl_uncorrected,2,R2 binary,R,-0.362148,-15675.5,0.00498911,0.000805928,0.00493594,0.00157851,3.16064,2.82351,3.57449,0.00451713,0.00547397,0.945,0.95,215.953,1,0.00980865,0.0219337,0.0137764
0.9,50000,2,vfl_uncorrected,3,R3 income ($),R,0.241432,0.168846,0.00738552,0.0040664,0.00618072,0.00151995,4.85904,4.27991,5.56993,0.00661989,0.00812845,0.85,0.925,0.00516507,1,0.0207772,0.0509201,0.0305904
0.9,50000,2,vfl_uncorrected,4,R4 count,R,0.120716,1758.88,0.00545867,0.000174865,0.00546956,0.00138358,3.94532,3.44351,4.53621,0.00496362,0.00597154,0.95,0.955,79.5348,1,0.0306708,0.0736389,0.0452191
0.9,50000,2,vfl_uncorrected,5,O1 income ($),O,0.482865,0.336309,0.00728026,-0.00466062,0.00560697,0.00174865,4.16336,3.67304,4.73892,0.006659,0.00786058,0.925,0.985,0.0050706,1,0.0101856,0.025143,0.0150772
0.9,50000,2,vfl_uncorrected,6,O2 age (yr),O,-0.30179,-337.216,0.00670002,0.00180001,0.00646989,0.00157675,4.24926,3.72927,4.81776,0.00607623,0.0073295,0.935,0.94,7.4865,1,0.0154043,0.0358119,0.0222009
0.9,50000,2,vfl_uncorrected,7,O3 binary,O,0.181074,7841.96,0.00585886,-0.00113455,0.00576239,0.00156384,3.74646,3.26985,4.32412,0.00530487,0.00646653,0.955,0.96,253.735,1,0.0215668,0.052758,0.0323561
0.9,50000,2,vfl_uncorrected,8,O4 count,O,0.0603581,881.06,0.00578076,0.00114447,0.00568056,0.00173382,3.33412,2.92939,3.81521,0.00521558,0.00632857,0.965,0.975,84.3831,1,,,
0.9,50000,2,vfl_uncorrected,9,O5 score,O,-0.120716,-805.341,0.0063826,-0.00070565,0.00635939,0.00154846,4.1219,3.64184,4.68008,0.00574763,0.00698468,0.95,0.95,42.5806,1,0.0348053,0.0879522,0.0528728
0.9,50000,2,vfl_uncorrected,10,O6 assets ($),O,0.362148,0.252222,0.00557739,0.00112103,0.00547728,0.00153006,3.64521,3.16433,4.24,0.00499016,0.00618627,0.98,0.975,0.00388443,1,0.0100282,0.0249204,0.0154008
0.9,50000,4,vfl_bc,0,intercept,R,0,,0.00274322,0.000633996,0.00267565,0.00140078,1.95835,1.76362,2.20007,0.00249672,0.00299046,0.955,0.955,,,,,
0.9,50000,4,vfl_bc,1,R1 score,R,0.603581,4030.22,0.0037014,-0.00224779,0.0029481,0.00145966,2.5358,2.25112,2.85496,0.00336734,0.00402001,0.875,0.935,24.715,1,0.00458331,0.0102098,0.00613241
0.9,50000,4,vfl_bc,2,R2 binary,R,-0.362148,-15675.5,0.00348915,0.00134268,0.00322855,0.00157851,2.21041,1.95949,2.50425,0.00317723,0.00377599,0.91,0.925,151.028,1,0.00683096,0.0162127,0.0096346
0.9,50000,4,vfl_bc,3,R3 income ($),R,0.241432,0.168846,0.00499939,0.00361018,0.00346706,0.00151995,3.28917,2.96662,3.69227,0.00455375,0.0053929,0.79,0.94,0.00349633,1,0.0147224,0.0344865,0.0207072
0.9,50000,4,vfl_bc,4,R4 count,R,0.120716,1758.88,0.00332687,0.000235482,0.00332685,0.00138358,2.40453,2.12584,2.71464,0.00301251,0.00361306,0.95,0.945,48.4737,1,0.0190154,0.0452029,0.0275594
0.9,50000,4,vfl_bc,5,O1 income ($),O,0.482865,0.336309,0.00574968,-0.00423061,0.00390345,0.00174865,3.28806,2.95991,3.70675,0.00527913,0.00620825,0.785,0.945,0.00400457,1,0.00886598,0.0195578,0.0119074
0.9,50000,4,vfl_bc,6,O2 age (yr),O,-0.30179,-337.216,0.00400148,0.00102054,0.00387887,0.00157675,2.5378,2.22715,2.87316,0.00359582,0.00440037,0.93,0.925,4.4712,1,0.00807447,0.0212107,0.0132591
0.9,50000,4,vfl_bc,7,O3 binary,O,0.181074,7841.96,0.00343768,-0.000359445,0.00342742,0.00156384,2.19823,1.96022,2.48163,0.00314201,0.00372578,0.96,0.955,148.879,1,0.011912,0.0318189,0.0189849
0.9,50000,4,vfl_bc,8,O4 count,O,0.0603581,881.06,0.00387578,0.000652533,0.00383004,0.00173382,2.2354,1.98119,2.50874,0.00347472,0.00424135,0.94,0.93,56.5757,1,,,
0.9,50000,4,vfl_bc,9,O5 score,O,-0.120716,-805.341,0.00351906,0.000215205,0.00352129,0.00154846,2.27262,1.99433,2.61547,0.00314464,0.00389924,0.945,0.945,23.4769,1,0.0173057,0.0497543,0.0291516
0.9,50000,4,vfl_bc,10,O6 assets ($),O,0.362148,0.252222,0.00356218,0.00107994,0.00340305,0.00153006,2.32813,2.01052,2.71299,0.00316271,0.00395116,0.935,0.935,0.00248091,1,0.00601902,0.0164773,0.00983624
0.9,50000,4,vfl_uncorrected,0,intercept,R,0,,0.00274342,0.000634253,0.0026758,0.00140078,1.9585,1.76375,2.20024,0.00249688,0.00299067,0.955,0.955,,,,,
0.9,50000,4,vfl_uncorrected,1,R1 score,R,0.603581,4030.22,0.00369095,-0.00223034,0.00294825,0.00145966,2.52864,2.24496,2.84681,0.00335834,0.00400867,0.875,0.935,24.6452,1,0.00457448,0.0101811,0.0061151
0.9,50000,4,vfl_uncorrected,2,R2 binary,R,-0.362148,-15675.5,0.00348373,0.00132807,0.00322874,0.00157851,2.20698,1.95608,2.4997,0.00317139,0.00377112,0.91,0.925,150.793,1,0.00683157,0.0161729,0.00961963
0.9,50000,4,vfl_uncorrected,3,R3 income ($),R,0.241432,0.168846,0.00500507,0.0036179,0.00346722,0.00151995,3.29291,2.96996,3.69626,0.00455929,0.00539862,0.79,0.94,0.0035003,1,0.0147236,0.0345189,0.0207307
0.9,50000,4,vfl_uncorrected,4,R4 count,R,0.120716,1758.88,0.00332675,0.00023065,0.00332707,0.00138358,2.40444,2.12595,2.71457,0.00301245,0.00361299,0.95,0.945,48.4719,1,0.01902,0.0452446,0.0275584
0.9,50000,4,vfl_uncorrected,5,O1 income ($),O,0.482865,0.336309,0.00572858,-0.00420152,0.00390385,0.00174865,3.276,2.94871,3.69315,0.00525766,0.00618662,0.785,0.945,0.00398988,1,0.00880545,0.0194989,0.0118637
0.9,50000,4,vfl_uncorrected,6,O2 age (yr),O,-0.30179,-337.216,0.00399575,0.000996451,0.00387922,0.00157675,2.53416,2.22341,2.86787,0.00358973,0.00439367,0.93,0.925,4.46479,1,0.0080801,0.0211464,0.0132401
0.9,50000,4,vfl_uncorrected,7,O3 binary,O,0.181074,7841.96,0.00343676,-0.000347832,0.00342769,0.00156384,2.19764,1.9597,2.48169,0.00313988,0.00372544,0.96,0.955,148.839,1,0.0119132,0.0318419,0.0189799
0.9,50000,4,vfl_uncorrected,8,O4 count,O,0.0603581,881.06,0.00387671,0.00065609,0.00383038,0.00173382,2.23594,1.98169,2.50962,0.00347582,0.00424259,0.935,0.93,56.5892,1,,,
0.9,50000,4,vfl_uncorrected,9,O5 score,O,-0.120716,-805.341,0.00351863,0.000202654,0.00352161,0.00154846,2.27234,1.99402,2.61577,0.00314396,0.00389826,0.945,0.945,23.4741,1,0.0173073,0.0496532,0.029148
0.9,50000,4,vfl_uncorrected,10,O6 assets ($),O,0.362148,0.252222,0.00356857,0.00110011,0.00340329,0.00153006,2.3323,2.01507,2.71796,0.00316922,0.00395767,0.935,0.935,0.00248537,1,0.00596358,0.016423,0.00985389
0.9,50000,8,vfl_bc,0,intercept,R,0,,0.0018765,0.000455372,0.00182497,0.00140078,1.33961,1.21706,1.48952,0.00170305,0.0020281,0.965,0.96,,,,,
0.9,50000,8,vfl_bc,1,R1 score,R,0.603581,4030.22,0.00326755,-0.00250908,0.00209843,0.00145966,2.23856,2.04138,2.49491,0.00300642,0.00352383,0.74,0.945,21.818,1,0.00406724,0.00829282,0.0054136
0.9,50000,8,vfl_bc,2,R2 binary,R,-0.362148,-15675.5,0.00233952,0.00104058,0.00210062,0.00157851,1.48211,1.33801,1.64894,0.00210928,0.00256329,0.91,0.94,101.266,1,0.00442438,0.0111522,0.00646012
0.9,50000,8,vfl_bc,3,R3 income ($),R,0.241432,0.168846,0.00425442,0.00368507,0.00213145,0.00151995,2.79905,2.52835,3.1434,0.00396447,0.00455201,0.64,0.95,0.00297534,1,0.0143435,0.0273781,0.0176216
0.9,50000,8,vfl_bc,4,R4 count,R,0.120716,1758.88,0.00241569,0.000634373,0.00233675,0.00138358,1.74596,1.58016,1.93991,0.00219648,0.00262818,0.945,0.935,35.1974,1,0.0133274,0.033347,0.0200113
0.9,50000,8,vfl_bc,5,O1 income ($),O,0.482865,0.336309,0.00555803,-0.00486657,0.00269153,0.00174865,3.17846,2.87801,3.56635,0.0052155,0.00589165,0.51,0.925,0.00387109,1,0.00997955,0.0169941,0.0115105
0.9,50000,8,vfl_bc,6,O2 age (yr),O,-0.30179,-337.216,0.00276957,0.00139004,0.00240149,0.00157675,1.75651,1.57891,1.97775,0.00251493,0.0030246,0.92,0.96,3.09468,1,0.00627835,0.0148899,0.00917714
0.9,50000,8,vfl_bc,7,O3 binary,O,0.181074,7841.96,0.00232978,-0.000749244,0.00221156,0.00156384,1.48978,1.35316,1.66178,0.00212434,0.00254155,0.94,0.945,100.898,1,0.00866016,0.0213187,0.0128665
0.9,50000,8,vfl_bc,8,O4 count,O,0.0603581,881.06,0.00258555,0.000804453,0.00246339,0.00173382,1.49125,1.34188,1.65562,0.00233418,0.00281721,0.935,0.94,37.7419,1,,,
0.9,50000,8,vfl_bc,9,O5 score,O,-0.120716,-805.341,0.00246294,-6.68927e-05,0.00246821,0.00154846,1.59057,1.41489,1.78621,0.00221884,0.00271236,0.94,0.94,16.4311,1,0.0133672,0.0329137,0.0204027
0.9,50000,8,vfl_bc,10,O6 assets ($),O,0.362148,0.252222,0.00238606,0.000574977,0.00232156,0.00153006,1.55946,1.40133,1.75264,0.00217928,0.00260358,0.95,0.965,0.0016618,1,0.00474935,0.0109819,0.00658863
0.9,50000,8,vfl_uncorrected,0,intercept,R,0,,0.00187654,0.000455449,0.001825,0.00140078,1.33964,1.21709,1.48955,0.00170309,0.00202815,0.965,0.96,,,,,
0.9,50000,8,vfl_uncorrected,1,R1 score,R,0.603581,4030.22,0.00326344,-0.00250371,0.00209845,0.00145966,2.23575,2.03886,2.49173,0.00300221,0.00351986,0.74,0.945,21.7906,1,0.00405836,0.00828392,0.0054068
0.9,50000,8,vfl_uncorrected,2,R2 binary,R,-0.362148,-15675.5,0.00233755,0.00103608,0.00210066,0.00157851,1.48086,1.33677,1.64758,0.0021079,0.00256133,0.91,0.94,101.181,1,0.00442436,0.0111625,0.00645469
0.9,50000,8,vfl_uncorrected,3,R3 income ($),R,0.241432,0.168846,0.0042565,0.00368745,0.00213148,0.00151995,2.80041,2.5296,3.14487,0.00396656,0.00455411,0.64,0.95,0.00297679,1,0.0143534,0.0273883,0.0176302
0.9,50000,8,vfl_uncorrected,4,R4 count,R,0.120716,1758.88,0.00241534,0.00063289,0.00233679,0.00138358,1.74571,1.57998,1.93967,0.00219621,0.00262772,0.945,0.935,35.1923,1,0.0133398,0.0333361,0.0200084
0.9,50000,8,vfl_uncorrected,5,O1 income ($),O,0.482865,0.336309,0.00555023,-0.00485763,0.00269161,0.00174865,3.174,2.8739,3.56143,0.00520762,0.00588376,0.51,0.93,0.00386566,1,0.00996083,0.016976,0.0114944
0.9,50000,8,vfl_uncorrected,6,O2 age (yr),O,-0.30179,-337.216,0.00276591,0.00138263,0.00240155,0.00157675,1.75419,1.57672,1.97472,0.00251136,0.00302048,0.925,0.96,3.09059,1,0.00625394,0.0148662,0.00916502
0.9,50000,8,vfl_uncorrected,7,O3 binary,O,0.181074,7841.96,0.00232869,-0.000745673,0.00221161,0.00156384,1.48908,1.35252,1.66066,0.00212312,0.00254045,0.94,0.945,100.851,1,0.00866023,0.0212985,0.0128604
0.9,50000,8,vfl_uncorrected,8,O4 count,O,0.0603581,881.06,0.00258595,0.000805557,0.00246344,0.00173382,1.49148,1.34213,1.65584,0.0023345,0.00281756,0.935,0.94,37.7477,1,,,
0.9,50000,8,vfl_uncorrected,9,O5 score,O,-0.120716,-805.341,0.0024631,-7.07649e-05,0.00246826,0.00154846,1.59067,1.41482,1.78639,0.00221918,0.00271267,0.94,0.94,16.4322,1,0.0133916,0.0329405,0.020404
0.9,50000,8,vfl_uncorrected,10,O6 assets ($),O,0.362148,0.252222,0.00238761,0.000581182,0.0023216,0.00153006,1.56046,1.40235,1.75383,0.00218059,0.00260492,0.95,0.965,0.00166287,1,0.00474934,0.0109759,0.0065929
0.9,100000,,ols,0,intercept,R,0,,0.00120302,0.000572903,0.0010605,0.0010605,1.13439,1.07341,1.22184,0.00109481,0.00131618,0.92,0.945,,,,,
0.9,100000,,ols,1,R1 score,R,0.603581,4030.22,0.00276418,-0.00254558,0.00108005,0.00108005,2.5593,2.3531,2.82302,0.00261537,0.00290471,0.33,0.94,18.4569,1,0.00410554,0.00665079,0.00457963
0.9,100000,,ols,2,R2 binary,R,-0.362148,-15675.5,0.00150134,0.000951079,0.00116459,0.00116459,1.28916,1.20177,1.401,0.00135474,0.00165189,0.82,0.93,64.9854,1,0.00284022,0.00687127,0.00414566
0.9,100000,,ols,3,R3 income ($),R,0.241432,0.168846,0.00358864,0.00338116,0.00120555,0.00120555,2.97676,2.70555,3.33026,0.00342757,0.00375769,0.16,0.94,0.00250972,1,0.0144216,0.0198081,0.014864
0.9,100000,,ols,4,R4 count,R,0.120716,1758.88,0.00124206,0.000605806,0.00108703,0.00108703,1.14262,1.08413,1.22287,0.00112763,0.00134831,0.92,0.95,18.0973,1,0.00731341,0.0169826,0.0102891
0.9,100000,,ols,5,O1 income ($),O,0.482865,0.336309,0.00504102,-0.00487097,0.00130153,0.00130153,3.87314,3.53547,4.29658,0.00486177,0.00522016,0.02,0.9,0.003511,1,0.0100594,0.0136181,0.0104398
0.9,100000,,ols,6,O2 age (yr),O,-0.30179,-337.216,0.00200279,0.00165185,0.00113535,0.00113535,1.76403,1.59838,1.98887,0.00186325,0.00214716,0.65,0.925,2.23789,1,0.00552141,0.0099833,0.00663638
0.9,100000,,ols,7,O3 binary,O,0.181074,7841.96,0.00135572,-0.000894341,0.00102145,0.00102145,1.32726,1.24447,1.43693,0.00123089,0.00147987,0.825,0.95,58.7137,1,0.00476751,0.0130354,0.00748712
0.9,100000,,ols,8,O4 count,O,0.0603581,881.06,0.00121226,0.000523309,0.00109624,0.00109624,1.10584,1.05302,1.17923,0.00109879,0.00132472,0.895,0.95,17.6957,1,,,
0.9,100000,,ols,9,O5 score,O,-0.120716,-805.341,0.00113124,7.27469e-05,0.00113173,0.00113173,0.999566,0.9975,1.01719,0.0010148,0.00124003,0.925,0.925,7.54688,1,0.0058888,0.0160229,0.00937104
0.9,100000,,ols,10,O6 assets ($),O,0.362148,0.252222,0.00144771,0.00082606,0.00119188,0.00119188,1.21464,1.13386,1.32496,0.00131127,0.00157898,0.845,0.925,0.00100827,1,0.00291417,0.00662711,0.00399756
0.9,100000,,ols_unclipped,0,intercept,R,0,,0.00107179,-7.45733e-05,0.00107188,0.0010605,1.01065,0.988524,1.04309,0.000963157,0.00118179,,,,,,,
0.9,100000,,ols_unclipped,1,R1 score,R,0.603581,4030.22,0.00106917,-1.83799e-05,0.00107169,0.00108005,0.989925,0.961509,1.02406,0.00096556,0.00117204,,,7.13904,1,0.00119671,0.00294215,0.00177138
0.9,100000,,ols_unclipped,2,R2 binary,R,-0.362148,-15675.5,0.00115312,-0.000117748,0.00114997,0.00116459,0.990153,0.96613,1.02439,0.00103563,0.00127856,,,49.9126,1,0.00206949,0.00498715,0.0031841
0.9,100000,,ols_unclipped,3,R3 income ($),R,0.241432,0.168846,0.00107455,-2.89567e-05,0.00107685,0.00120555,0.891332,0.841051,0.953237,0.00097021,0.00118075,,,0.000751486,1,0.00304934,0.0075053,0.00445072
0.9,100000,,ols_unclipped,4,R4 count,R,0.120716,1758.88,0.00103824,6.75305e-05,0.00103864,0.00108703,0.955117,0.916445,0.998838,0.000934037,0.00112916,,,15.1275,1,0.00632379,0.0141333,0.00860066
0.9,100000,,ols_unclipped,5,O1 income ($),O,0.482865,0.336309,0.00114453,-0.000144821,0.00113818,0.00130153,0.879374,0.814078,0.957071,0.00102437,0.00126381,,,0.000797152,1,0.00155512,0.00383344,0.0023703
0.9,100000,,ols_unclipped,6,O2 age (yr),O,-0.30179,-337.216,0.00109907,8.76545e-05,0.00109832,0.00113535,0.968044,0.94327,1.00354,0.000972132,0.00122216,,,1.22808,1,0.00229871,0.00577049,0.00364183
0.9,100000,,ols_unclipped,7,O3 binary,O,0.181074,7841.96,0.00100954,-8.35621e-05,0.0010086,0.00102145,0.98834,0.96695,1.01788,0.000917653,0.00109626,,,43.7211,1,0.00389171,0.00920048,0.00557528
0.9,100000,,ols_unclipped,8,O4 count,O,0.0603581,881.06,0.00111489,-2.17457e-05,0.00111748,0.00109624,1.01702,0.991943,1.04803,0.00101436,0.00121527,,,16.2743,1,,,
0.9,100000,,ols_unclipped,9,O5 score,O,-0.120716,-805.341,0.00111238,1.02163e-05,0.00111512,0.00113173,0.982905,0.963599,1.00962,0.000999179,0.00122009,,,7.42109,1,0.00558871,0.0154275,0.00921484
0.9,100000,,ols_unclipped,10,O6 assets ($),O,0.362148,0.252222,0.00113535,-5.53946e-05,0.00113685,0.00119188,0.952571,0.899948,1.01272,0.00102108,0.00125074,,,0.000790728,1,0.00201737,0.00512867,0.00313505
0.9,100000,0.5,vfl_bc,0,intercept,R,0,,0.00754645,0.000496367,0.00754901,0.0010605,7.11594,6.23739,8.14417,0.00688163,0.00819869,0.97,0.955,,,,,
0.9,100000,0.5,vfl_bc,1,R1 score,R,0.603581,4030.22,0.00859047,-0.00312275,0.00802287,0.00108005,7.95377,7.05687,9.07666,0.00788019,0.00934665,0.94,0.95,57.3602,1,0.0111546,0.0220311,0.0142325
0.9,100000,0.5,vfl_bc,2,R2 binary,R,-0.362148,-15675.5,0.00852285,0.00119692,0.00845956,0.00116459,7.31835,6.32036,8.41689,0.00769945,0.00935133,0.955,0.96,368.91,1,0.0162051,0.0383944,0.0235341
0.9,100000,0.5,vfl_bc,3,R3 income ($),R,0.241432,0.168846,0.0104244,0.00424795,0.00954349,0.00120555,8.64698,7.52979,10.0282,0.00945441,0.0114016,0.935,0.95,0.00729031,1,0.0291683,0.0702855,0.0431773
0.9,100000,0.5,vfl_bc,4,R4 count,R,0.120716,1758.88,0.00993318,0.00122268,0.00988238,0.00108703,9.13792,8.0414,10.4475,0.00898818,0.0108563,0.935,0.935,144.73,1,0.0513441,0.132317,0.0822854
0.9,100000,0.5,vfl_bc,5,O1 income ($),O,0.482865,0.336309,0.0130034,-0.00569835,0.0117177,0.00130153,9.99087,8.78702,11.457,0.0119024,0.0141074,0.93,0.93,0.00905672,1,0.0196156,0.0425511,0.0269298
0.9,100000,0.5,vfl_bc,6,O2 age (yr),O,-0.30179,-337.216,0.0107162,0.00191243,0.0105706,0.00113535,9.43866,8.10227,11.2092,0.00968283,0.0117942,0.96,0.96,11.9741,1,0.024048,0.0566419,0.0355087
0.9,100000,0.5,vfl_bc,7,O3 binary,O,0.181074,7841.96,0.00982439,-0.00124676,0.00976941,0.00102145,9.61808,8.48436,11.0356,0.00884015,0.0107754,0.96,0.97,425.474,1,0.0363067,0.0920365,0.0542561
0.9,100000,0.5,vfl_bc,8,O4 count,O,0.0603581,881.06,0.0106463,0.000422997,0.0106645,0.00109624,9.71161,8.46059,11.1739,0.0096021,0.0116832,0.95,0.95,155.406,1,,,
0.9,100000,0.5,vfl_bc,9,O5 score,O,-0.120716,-805.341,0.0112957,0.00109203,0.011271,0.00113173,9.98093,8.63466,11.6185,0.0101678,0.0124333,0.935,0.935,75.3576,1,0.0562654,0.151712,0.0935723
0.9,100000,0.5,vfl_bc,10,O6 assets ($),O,0.362148,0.252222,0.0104612,-4.18444e-06,0.0104874,0.00119188,8.77701,7.61932,10.1325,0.00945189,0.0115281,0.96,0.955,0.00728579,1,0.0188376,0.0498992,0.0288864
0.9,100000,0.5,vfl_uncorrected,0,intercept,R,0,,0.00755027,0.000499293,0.00755265,0.0010605,7.11954,6.24061,8.14847,0.00688551,0.00820273,0.97,0.955,,,,,
0.9,100000,0.5,vfl_uncorrected,1,R1 score,R,0.603581,4030.22,0.00852925,-0.00293864,0.00802712,0.00108005,7.89708,6.99701,9.01907,0.00782443,0.00928475,0.94,0.95,56.9514,1,0.0109138,0.0217428,0.0141311
0.9,100000,0.5,vfl_uncorrected,2,R2 binary,R,-0.362148,-15675.5,0.00850768,0.00104227,0.00846479,0.00116459,7.30533,6.30924,8.40719,0.00767505,0.00934066,0.955,0.95,368.254,1,0.0158508,0.0381306,0.0234923
0.9,100000,0.5,vfl_uncorrected,3,R3 income ($),R,0.241432,0.168846,0.010463,0.00432953,0.00954916,0.00120555,8.67905,7.55749,10.0651,0.00948709,0.0114459,0.935,0.95,0.00731734,1,0.029387,0.0706351,0.0433374
0.9,100000,0.5,vfl_uncorrected,4,R4 count,R,0.120716,1758.88,0.00993346,0.00117225,0.0098888,0.00108703,9.13818,8.04371,10.446,0.00898769,0.0108558,0.935,0.935,144.734,1,0.0509674,0.132641,0.0822878
0.9,100000,0.5,vfl_uncorrected,5,O1 income ($),O,0.482865,0.336309,0.0128825,-0.00539193,0.0117291,0.00130153,9.89792,8.7006,11.3629,0.0117925,0.0139927,0.93,0.93,0.00897245,1,0.0191691,0.0421363,0.0266792
0.9,100000,0.5,vfl_uncorrected,6,O2 age (yr),O,-0.30179,-337.216,0.0106836,0.00165846,0.0105806,0.00113535,9.40998,8.07179,11.1608,0.00966817,0.0117606,0.955,0.965,11.9377,1,0.0238229,0.0569418,0.0354008
0.9,100000,0.5,vfl_uncorrected,7,O3 binary,O,0.181074,7841.96,0.00981829,-0.0011247,0.00977814,0.00102145,9.61212,8.47396,11.0346,0.00883324,0.0107666,0.96,0.975,425.21,1,0.0365105,0.092036,0.0542225
0.9,100000,0.5,vfl_uncorrected,8,O4 count,O,0.0603581,881.06,0.0106577,0.000460635,0.0106745,0.00109624,9.7221,8.47188,11.1857,0.00961533,0.0116949,0.95,0.95,155.574,1,,,
0.9,100000,0.5,vfl_uncorrected,9,O5 score,O,-0.120716,-805.341,0.0112949,0.000960022,0.0112822,0.00113173,9.98021,8.64201,11.6293,0.0101712,0.0124319,0.935,0.935,75.3522,1,0.0566579,0.152716,0.0935655
0.9,100000,0.5,vfl_uncorrected,10,O6 assets ($),O,0.362148,0.252222,0.0104733,0.000208072,0.0104975,0.00119188,8.78716,7.62947,10.1311,0.00945743,0.0115318,0.96,0.955,0.00729422,1,0.0188525,0.049532,0.0289199
0.9,100000,1,vfl_bc,0,intercept,R,0,,0.00396037,0.000618045,0.00392166,0.0010605,3.73444,3.31053,4.23503,0.00357768,0.00436978,0.94,0.945,,,,,
0.9,100000,1,vfl_bc,1,R1 score,R,0.603581,4030.22,0.00512165,-0.00298188,0.00417455,0.00108005,4.74205,4.19937,5.35721,0.00469912,0.00556288,0.925,0.98,34.1983,1,0.00625392,0.0137011,0.00848545
0.9,100000,1,vfl_bc,2,R2 binary,R,-0.362148,-15675.5,0.00516179,0.00132463,0.00500145,0.00116459,4.43229,3.841,5.12585,0.00467322,0.00565978,0.915,0.935,223.427,1,0.00922515,0.0245513,0.0142532
0.9,100000,1,vfl_bc,3,R3 income ($),R,0.241432,0.168846,0.00621173,0.00371437,0.00499135,0.00120555,5.1526,4.55272,5.86611,0.00566124,0.00677576,0.9,0.945,0.00434418,1,0.0178017,0.0412364,0.0257287
0.9,100000,1,vfl_bc,4,R4 count,R,0.120716,1758.88,0.00487469,0.000156861,0.00488439,0.00108703,4.48442,3.95601,5.113,0.00440334,0.00529649,0.965,0.955,71.026,1,0.0270455,0.0674702,0.0403814
0.9,100000,1,vfl_bc,5,O1 income ($),O,0.482865,0.336309,0.00790793,-0.0047058,0.00637132,0.00130153,6.07586,5.41599,6.95241,0.00718738,0.00865286,0.88,0.945,0.00550776,1,0.0113017,0.0254633,0.0163771
0.9,100000,1,vfl_bc,6,O2 age (yr),O,-0.30179,-337.216,0.00627709,0.00204537,0.0059494,0.00113535,5.52877,4.87752,6.33836,0.00568102,0.0068643,0.92,0.95,7.01393,1,0.0147731,0.0367366,0.0207995
0.9,100000,1,vfl_bc,7,O3 binary,O,0.181074,7841.96,0.00570396,-0.0015889,0.00549194,0.00102145,5.58418,4.93437,6.35078,0.00517456,0.00627062,0.935,0.945,247.027,1,0.0200037,0.0529749,0.0315007
0.9,100000,1,vfl_bc,8,O4 count,O,0.0603581,881.06,0.0065375,0.000968283,0.00648162,0.00109624,5.96357,5.28974,6.67979,0.00593469,0.00710988,0.92,0.935,95.4294,1,,,
0.9,100000,1,vfl_bc,9,O5 score,O,-0.120716,-805.341,0.00596424,-5.97278e-05,0.00597891,0.00113173,5.27004,4.63507,6.06107,0.00538834,0.0065689,0.935,0.935,39.7896,1,0.03081,0.0844749,0.0494071
0.9,100000,1,vfl_bc,10,O6 assets ($),O,0.362148,0.252222,0.00577646,0.000867309,0.00572531,0.00119188,4.8465,4.12417,5.73681,0.00506891,0.00652588,0.945,0.945,0.00402307,1,0.0100515,0.024273,0.0159505
0.9,100000,1,vfl_uncorrected,0,intercept,R,0,,0.00396099,0.00061888,0.00392216,0.0010605,3.73502,3.31106,4.23567,0.00357815,0.00437057,0.94,0.945,,,,,
0.9,100000,1,vfl_uncorrected,1,R1 score,R,0.603581,4030.22,0.00509225,-0.00293006,0.00417528,0.00108005,4.71483,4.17316,5.32666,0.00467162,0.00553513,0.925,0.98,34.0019,1,0.00616754,0.0136183,0.00843673
0.9,100000,1,vfl_uncorrected,2,R2 binary,R,-0.362148,-15675.5,0.00515155,0.00128111,0.00500223,0.00116459,4.4235,3.83216,5.11425,0.0046644,0.00564789,0.915,0.935,222.984,1,0.00921281,0.0244351,0.014225
0.9,100000,1,vfl_uncorrected,3,R3 income ($),R,0.241432,0.168846,0.00622605,0.00373732,0.00499207,0.00120555,5.16448,4.56465,5.88034,0.0056748,0.00679062,0.9,0.945,0.0043542,1,0.0178042,0.0413337,0.025788
0.9,100000,1,vfl_uncorrected,4,R4 count,R,0.120716,1758.88,0.0048751,0.000142547,0.00488525,0.00108703,4.4848,3.95683,5.11327,0.00440516,0.00529537,0.965,0.955,71.032,1,0.0269297,0.0673512,0.0403849
0.9,100000,1,vfl_uncorrected,5,O1 income ($),O,0.482865,0.336309,0.00785837,-0.00461942,0.00637323,0.00130153,6.03779,5.3798,6.91058,0.00714116,0.00859833,0.88,0.945,0.00547325,1,0.0113032,0.0253267,0.0162745
0.9,100000,1,vfl_uncorrected,6,O2 age (yr),O,-0.30179,-337.216,0.00625571,0.00197392,0.00595102,0.00113535,5.50994,4.86107,6.31334,0.00565831,0.0068433,0.92,0.945,6.99004,1,0.014952,0.0365082,0.0207287
0.9,100000,1,vfl_uncorrected,7,O3 binary,O,0.181074,7841.96,0.00569582,-0.00155463,0.0054933,0.00102145,5.57621,4.92541,6.34386,0.00516672,0.00626068,0.935,0.95,246.674,1,0.0201963,0.0531813,0.0314557
0.9,100000,1,vfl_uncorrected,8,O4 count,O,0.0603581,881.06,0.00654069,0.000978932,0.00648325,0.00109624,5.96648,5.29247,6.6828,0.00593798,0.00711358,0.92,0.935,95.476,1,,,
0.9,100000,1,vfl_uncorrected,9,O5 score,O,-0.120716,-805.341,0.00596637,-9.70743e-05,0.00598055,0.00113173,5.27192,4.63862,6.0595,0.00539266,0.00656897,0.935,0.935,39.8038,1,0.0308806,0.0847989,0.0494248
0.9,100000,1,vfl_uncorrected,10,O6 assets ($),O,0.362148,0.252222,0.00578722,0.000927291,0.00572678,0.00119188,4.85552,4.13312,5.74757,0.00507672,0.00653885,0.945,0.945,0.00403056,1,0.0101638,0.0244041,0.0159802
0.9,100000,2,vfl_bc,0,intercept,R,0,,0.00242535,0.000671326,0.00233643,0.0010605,2.28698,1.99981,2.62816,0.0022082,0.00264643,0.94,0.95,,,,,
0.9,100000,2,vfl_bc,1,R1 score,R,0.603581,4030.22,0.00365101,-0.00259225,0.00257746,0.00108005,3.3804,2.99531,3.83253,0.00333422,0.00398438,0.835,0.96,24.3785,1,0.00460573,0.00970797,0.00604891
0.9,100000,2,vfl_bc,2,R2 binary,R,-0.362148,-15675.5,0.00313967,0.00139809,0.00281826,0.00116459,2.69596,2.37201,3.05594,0.00286363,0.00341047,0.885,0.935,135.9,1,0.00573867,0.0148652,0.00866958
0.9,100000,2,vfl_bc,3,R3 income ($),R,0.241432,0.168846,0.00426725,0.00308737,0.00295317,0.00120555,3.53967,3.12488,4.06073,0.00391896,0.00462048,0.79,0.93,0.00298431,1,0.0120927,0.0283517,0.0176747
0.9,100000,2,vfl_bc,4,R4 count,R,0.120716,1758.88,0.00313265,0.000677732,0.00306614,0.00108703,2.88185,2.57045,3.25281,0.00283078,0.00342861,0.925,0.925,45.6439,1,0.0165872,0.0436987,0.0259506
0.9,100000,2,vfl_bc,5,O1 income ($),O,0.482865,0.336309,0.00620542,-0.00523456,0.00334104,0.00130153,4.76778,4.29152,5.37026,0.00573277,0.00666822,0.65,0.945,0.00432199,1,0.0102248,0.019602,0.0128513
0.9,100000,2,vfl_bc,6,O2 age (yr),O,-0.30179,-337.216,0.0039165,0.00209754,0.00331576,0.00113535,3.44959,3.00512,4.02371,0.00354962,0.00426314,0.9,0.945,4.37624,1,0.00921414,0.0210152,0.0129775
0.9,100000,2,vfl_bc,7,O3 binary,O,0.181074,7841.96,0.00305804,-0.000963676,0.00290951,0.00102145,2.99382,2.64806,3.3842,0.0027985,0.00331483,0.955,0.97,132.437,1,0.0125012,0.0286812,0.0168883
0.9,100000,2,vfl_bc,8,O4 count,O,0.0603581,881.06,0.00293138,-3.28269e-05,0.00293855,0.00109624,2.67403,2.38404,2.99817,0.00266143,0.00321654,0.965,0.96,42.79,1,,,
0.9,100000,2,vfl_bc,9,O5 score,O,-0.120716,-805.341,0.00336022,0.00056819,0.00332015,0.00113173,2.96911,2.58965,3.4494,0.00297223,0.00374161,0.945,0.945,22.4173,1,0.016585,0.0473,0.0278357
0.9,100000,2,vfl_bc,10,O6 assets ($),O,0.362148,0.252222,0.0037121,0.000464416,0.00369218,0.00119188,3.11448,2.73558,3.55271,0.00332686,0.00410782,0.91,0.9,0.00258533,1,0.00700523,0.01545,0.0102502
0.9,100000,2,vfl_uncorrected,0,intercept,R,0,,0.00242551,0.000671561,0.00233654,0.0010605,2.28714,1.99995,2.62836,0.00220833,0.00264661,0.94,0.95,,,,,
0.9,100000,2,vfl_uncorrected,1,R1 score,R,0.603581,4030.22,0.00364059,-0.00257746,0.00257756,0.00108005,3.37076,2.9854,3.8222,0.00332346,0.00397393,0.835,0.96,24.3089,1,0.00458091,0.00968358,0.00603165
0.9,100000,2,vfl_uncorrected,2,R2 binary,R,-0.362148,-15675.5,0.00313427,0.00138569,0.00281837,0.00116459,2.69132,2.36812,3.04991,0.00285884,0.00340431,0.885,0.935,135.666,1,0.00570423,0.0148488,0.00865465
0.9,100000,2,vfl_uncorrected,3,R3 income ($),R,0.241432,0.168846,0.00427204,0.00309385,0.0029533,0.00120555,3.54364,3.12839,4.06525,0.00392396,0.00462558,0.79,0.93,0.00298766,1,0.0121198,0.0283788,0.0176946
0.9,100000,2,vfl_uncorrected,4,R4 count,R,0.120716,1758.88,0.00313193,0.000673693,0.00306629,0.00108703,2.88118,2.56996,3.25205,0.00283067,0.00342763,0.925,0.925,45.6333,1,0.0165542,0.0437319,0.0259446
0.9,100000,2,vfl_uncorrected,5,O1 income ($),O,0.482865,0.336309,0.00618482,-0.00520995,0.00334129,0.00130153,4.75195,4.27756,5.35269,0.00571266,0.0066474,0.655,0.945,0.00430764,1,0.0101738,0.0195518,0.0128086
0.9,100000,2,vfl_uncorrected,6,O2 age (yr),O,-0.30179,-337.216,0.00390584,0.00207717,0.00331601,0.00113535,3.44021,2.9964,4.01263,0.00354082,0.0042525,0.9,0.945,4.36433,1,0.00914669,0.0209486,0.0129422
0.9,100000,2,vfl_uncorrected,7,O3 binary,O,0.181074,7841.96,0.00305515,-0.000953857,0.00290972,0.00102145,2.991,2.64592,3.38142,0.00279573,0.0033119,0.955,0.97,132.312,1,0.0124469,0.0286957,0.0168724
0.9,100000,2,vfl_uncorrected,8,O4 count,O,0.0603581,881.06,0.00293157,-2.9854e-05,0.00293877,0.00109624,2.6742,2.38403,2.99854,0.00266161,0.00321709,0.965,0.96,42.7928,1,,,
0.9,100000,2,vfl_uncorrected,9,O5 score,O,-0.120716,-805.341,0.00335869,0.000557598,0.00332039,0.00113173,2.96776,2.58874,3.4478,0.00297219,0.00373993,0.94,0.94,22.407,1,0.0165883,0.0472802,0.027823
0.9,100000,2,vfl_uncorrected,10,O6 assets ($),O,0.362148,0.252222,0.00371452,0.000481487,0.00369242,0.00119188,3.11651,2.73714,3.55569,0.00332919,0.00411159,0.91,0.905,0.00258701,1,0.00697642,0.0154035,0.0102569
0.9,100000,4,vfl_bc,0,intercept,R,0,,0.00165372,0.000487539,0.00158419,0.0010605,1.55938,1.40017,1.74781,0.00150747,0.00179489,0.95,0.945,,,,,
0.9,100000,4,vfl_bc,1,R1 score,R,0.603581,4030.22,0.00298254,-0.00250247,0.00162678,0.00108005,2.76148,2.50501,3.06411,0.0027706,0.00319202,0.675,0.94,19.915,1,0.00405299,0.00738933,0.0049414
0.9,100000,4,vfl_bc,2,R2 binary,R,-0.362148,-15675.5,0.00189872,0.000892381,0.00168015,0.00116459,1.63038,1.46495,1.82902,0.0017157,0.00207125,0.93,0.93,82.1858,1,0.00367958,0.0079698,0.00524293
0.9,100000,4,vfl_bc,3,R3 income ($),R,0.241432,0.168846,0.00384234,0.00344136,0.00171328,0.00120555,3.18721,2.85982,3.59647,0.00362222,0.0040491,0.515,0.965,0.00268715,1,0.0146215,0.0230454,0.0159148
0.9,100000,4,vfl_bc,4,R4 count,R,0.120716,1758.88,0.00175333,0.000538568,0.00167276,0.00108703,1.61296,1.46464,1.78604,0.00159889,0.00188704,0.96,0.97,25.5467,1,0.0106946,0.0224174,0.0145244
0.9,100000,4,vfl_bc,5,O1 income ($),O,0.482865,0.336309,0.0052293,-0.00484259,0.0019785,0.00130153,4.0178,3.63251,4.49627,0.00496487,0.00546925,0.335,0.955,0.00364213,1,0.00996587,0.0152429,0.0108297
0.9,100000,4,vfl_bc,6,O2 age (yr),O,-0.30179,-337.216,0.00264595,0.0017213,0.00201457,0.00113535,2.33051,2.05883,2.68483,0.00241374,0.00285427,0.83,0.945,2.95654,1,0.00629589,0.013885,0.00876751
0.9,100000,4,vfl_bc,7,O3 binary,O,0.181074,7841.96,0.00215791,-0.000923148,0.00195538,0.00102145,2.1126,1.87674,2.36402,0.00194389,0.00235965,0.905,0.955,93.4549,1,0.00870482,0.0202156,0.0119173
0.9,100000,4,vfl_bc,8,O4 count,O,0.0603581,881.06,0.00223227,0.000633121,0.00214598,0.00109624,2.0363,1.81805,2.27322,0.00201457,0.00243669,0.915,0.92,32.585,1,,,
0.9,100000,4,vfl_bc,9,O5 score,O,-0.120716,-805.341,0.00208969,6.17258e-05,0.00209402,0.00113173,1.84646,1.63246,2.09154,0.00189414,0.00228327,0.965,0.965,13.9411,1,0.0114676,0.0276613,0.0173108
0.9,100000,4,vfl_bc,10,O6 assets ($),O,0.362148,0.252222,0.00212149,0.000739806,0.0019933,0.00119188,1.77994,1.57701,2.012,0.00190099,0.00234944,0.945,0.93,0.00147753,1,0.00419739,0.00930905,0.00585806
0.9,100000,4,vfl_uncorrected,0,intercept,R,0,,0.00165376,0.000487608,0.0015842,0.0010605,1.55941,1.40019,1.74785,0.0015075,0.00179493,0.95,0.945,,,,,
0.9,100000,4,vfl_uncorrected,1,R1 score,R,0.603581,4030.22,0.00297889,-0.00249811,0.0016268,0.00108005,2.75811,2.50215,3.06036,0.00276694,0.00318837,0.675,0.94,19.8906,1,0.00404577,0.00738212,0.00493537
0.9,100000,4,vfl_uncorrected,2,R2 binary,R,-0.362148,-15675.5,0.00189702,0.000888727,0.00168017,0.00116459,1.62892,1.4636,1.8272,0.00171424,0.00206941,0.93,0.93,82.1124,1,0.00367946,0.00795988,0.00523825
0.9,100000,4,vfl_uncorrected,3,R3 income ($),R,0.241432,0.168846,0.00384407,0.00344328,0.0017133,0.00120555,3.18864,2.86113,3.59807,0.00362393,0.00405083,0.515,0.965,0.00268836,1,0.0146294,0.0230533,0.0159219
0.9,100000,4,vfl_uncorrected,4,R4 count,R,0.120716,1758.88,0.00175298,0.000537372,0.00167277,0.00108703,1.61264,1.46433,1.78559,0.00159848,0.00188661,0.96,0.97,25.5415,1,0.010705,0.0224075,0.0145215
0.9,100000,4,vfl_uncorrected,5,O1 income ($),O,0.482865,0.336309,0.0052226,-0.00483534,0.00197854,0.00130153,4.01266,3.62768,4.49057,0.00495837,0.00546249,0.34,0.955,0.00363747,1,0.00995081,0.015228,0.0108159
0.9,100000,4,vfl_uncorrected,6,O2 age (yr),O,-0.30179,-337.216,0.00264208,0.00171529,0.00201461,0.00113535,2.3271,2.05593,2.68078,0.00240998,0.00285038,0.83,0.945,2.95222,1,0.00630942,0.0138653,0.00875468
0.9,100000,4,vfl_uncorrected,7,O3 binary,O,0.181074,7841.96,0.00215671,-0.000920259,0.00195541,0.00102145,2.11142,1.87563,2.36279,0.0019426,0.00235828,0.905,0.955,93.4027,1,0.00870485,0.0201997,0.0119106
0.9,100000,4,vfl_uncorrected,8,O4 count,O,0.0603581,881.06,0.00223256,0.00063401,0.00214602,0.00109624,2.03656,1.8183,2.27348,0.00201485,0.00243705,0.915,0.92,32.5892,1,,,
0.9,100000,4,vfl_uncorrected,9,O5 score,O,-0.120716,-805.341,0.00208965,5.85969e-05,0.00209407,0.00113173,1.84642,1.63235,2.0914,0.00189387,0.00228359,0.965,0.965,13.9408,1,0.0114676,0.027642,0.0173104
0.9,100000,4,vfl_uncorrected,10,O6 assets ($),O,0.362148,0.252222,0.00212328,0.000744834,0.00199334,0.00119188,1.78145,1.57792,2.01385,0.00190228,0.00235123,0.945,0.93,0.00147878,1,0.00421133,0.00932141,0.00586301
0.9,100000,8,vfl_bc,0,intercept,R,0,,0.00136827,0.000539766,0.00126046,0.0010605,1.29021,1.18939,1.412,0.00124622,0.00149922,0.95,0.915,,,,,
0.9,100000,8,vfl_bc,1,R1 score,R,0.603581,4030.22,0.00287921,-0.0025803,0.00128068,0.00108005,2.66581,2.44545,2.94158,0.002705,0.00304698,0.455,0.95,19.225,1,0.00418264,0.0070545,0.00477022
0.9,100000,8,vfl_bc,2,R2 binary,R,-0.362148,-15675.5,0.0017107,0.000970958,0.00141198,0.00116459,1.46893,1.33933,1.61713,0.0015552,0.0018705,0.845,0.93,74.0473,1,0.00352428,0.00751595,0.00472374
0.9,100000,8,vfl_bc,3,R3 income ($),R,0.241432,0.168846,0.00374028,0.00345882,0.00142704,0.00120555,3.10254,2.80673,3.46669,0.00354843,0.00393733,0.28,0.945,0.00261577,1,0.0144323,0.021504,0.015492
0.9,100000,8,vfl_bc,4,R4 count,R,0.120716,1758.88,0.0014674,0.000613379,0.0013364,0.00108703,1.34992,1.22704,1.49252,0.00133158,0.00160089,0.935,0.96,21.3806,1,0.00749293,0.0193087,0.0121558
0.9,100000,8,vfl_bc,5,O1 income ($),O,0.482865,0.336309,0.00520653,-0.00494866,0.0016223,0.00130153,4.00031,3.65023,4.45335,0.00498613,0.0054197,0.095,0.905,0.00362628,1,0.0101249,0.0142383,0.0107826
0.9,100000,8,vfl_bc,6,O2 age (yr),O,-0.30179,-337.216,0.00220097,0.00166549,0.00144251,0.00113535,1.93859,1.74807,2.20402,0.00203752,0.00237263,0.78,0.935,2.45934,1,0.00566973,0.0111619,0.00729306
0.9,100000,8,vfl_bc,7,O3 binary,O,0.181074,7841.96,0.00159733,-0.00100855,0.00124177,0.00102145,1.56378,1.42706,1.72692,0.00145192,0.00173641,0.905,0.945,69.1769,1,0.00595066,0.0144342,0.00882139
0.9,100000,8,vfl_bc,8,O4 count,O,0.0603581,881.06,0.00156342,0.000548898,0.00146757,0.00109624,1.42617,1.29786,1.5704,0.00139256,0.0017263,0.92,0.935,22.8216,1,,,
0.9,100000,8,vfl_bc,9,O5 score,O,-0.120716,-805.341,0.00151465,6.90881e-05,0.00151687,0.00113173,1.33836,1.22089,1.47457,0.00137677,0.00164374,0.94,0.94,10.1048,1,0.00960381,0.020323,0.0125472
0.9,100000,8,vfl_bc,10,O6 assets ($),O,0.362148,0.252222,0.00168637,0.00083154,0.00147078,0.00119188,1.41488,1.28877,1.57973,0.00154461,0.00183327,0.88,0.94,0.00117449,1,0.0032052,0.00786508,0.00465657
0.9,100000,8,vfl_uncorrected,0,intercept,R,0,,0.00136828,0.000539788,0.00126046,0.0010605,1.29022,1.1894,1.41201,0.00124623,0.00149923,0.95,0.915,,,,,
0.9,100000,8,vfl_uncorrected,1,R1 score,R,0.603581,4030.22,0.00287801,-0.00257895,0.00128068,0.00108005,2.6647,2.44438,2.94032,0.0027038,0.00304576,0.455,0.95,19.217,1,0.00418041,0.00705232,0.00476823
0.9,100000,8,vfl_uncorrected,2,R2 binary,R,-0.362148,-15675.5,0.00171006,0.000969833,0.00141199,0.00116459,1.46839,1.33888,1.61647,0.00155455,0.00186981,0.845,0.93,74.0198,1,0.00352118,0.00751287,0.00472199
0.9,100000,8,vfl_uncorrected,3,R3 income ($),R,0.241432,0.168846,0.00374082,0.00345941,0.00142705,0.00120555,3.103,2.80714,3.46722,0.00354898,0.00393788,0.28,0.945,0.00261615,1,0.0144347,0.0215065,0.0154943
0.9,100000,8,vfl_uncorrected,4,R4 count,R,0.120716,1758.88,0.00146725,0.000613011,0.0013364,0.00108703,1.34978,1.22693,1.49236,0.00133143,0.00160073,0.935,0.96,21.3784,1,0.00749609,0.0193057,0.0121545
0.9,100000,8,vfl_uncorrected,5,O1 income ($),O,0.482865,0.336309,0.00520441,-0.00494643,0.00162231,0.00130153,3.99868,3.64873,4.45161,0.00498402,0.00541757,0.095,0.905,0.0036248,1,0.0101204,0.0142337,0.0107782
0.9,100000,8,vfl_uncorrected,6,O2 age (yr),O,-0.30179,-337.216,0.00219958,0.00166364,0.00144252,0.00113535,1.93736,1.74706,2.20265,0.00203615,0.00237117,0.785,0.935,2.45778,1,0.00566363,0.0111558,0.00728844
0.9,100000,8,vfl_uncorrected,7,O3 binary,O,0.181074,7841.96,0.00159677,-0.00100766,0.00124178,0.00102145,1.56324,1.42654,1.72632,0.00145141,0.00173583,0.905,0.945,69.1529,1,0.00594581,0.0144294,0.00881832
0.9,100000,8,vfl_uncorrected,8,O4 count,O,0.0603581,881.06,0.00156353,0.000549172,0.00146758,0.00109624,1.42626,1.29795,1.57052,0.00139267,0.0017264,0.92,0.935,22.8231,1,,,
0.9,100000,8,vfl_uncorrected,9,O5 score,O,-0.120716,-805.341,0.00151462,6.81236e-05,0.00151688,0.00113173,1.33832,1.22079,1.47459,0.00137665,0.00164383,0.94,0.94,10.1046,1,0.00960376,0.0203151,0.0125469
0.9,100000,8,vfl_uncorrected,10,O6 assets ($),O,0.362148,0.252222,0.00168714,0.00083309,0.00147079,0.00119188,1.41552,1.28935,1.58048,0.00154539,0.00183409,0.88,0.94,0.00117503,1,0.00320104,0.00786929,0.0046587
