r2,n,eps,method,j,coef,block,beta_std,beta_raw,rmse_std,bias_std,sd,sd_ols,eff_ratio,eff_ratio_ci_lo,eff_ratio_ci_hi,rmse_std_ci_lo,rmse_std_ci_hi,coverage,coverage_clip_target,raw_rmse,sign_rate,relerr_median,relerr_p90,rel_rmse
0.3,100,,ols,0,intercept,R,0,,0.0825482,-0.00156736,0.0827404,0.0827404,0.997677,0.997499,1.01103,0.0730557,0.0917118,0.94,0.945,,,,,
0.3,100,,ols,1,R1 score,R,0.348477,2326.85,0.0878808,0.000564073,0.0880995,0.0880995,0.997517,0.9975,1.01017,0.0797898,0.0959959,0.97,0.97,586.797,1,0.173729,0.424293,0.252185
0.3,100,,ols,2,R2 binary,R,-0.209086,-9050.28,0.0919232,0.00377057,0.0920763,0.0920763,0.998337,0.997502,1.01401,0.0825131,0.101059,0.945,0.945,3978.88,0.98,0.257574,0.765172,0.439642
0.3,100,,ols,3,R3 income ($),R,0.139391,0.0974833,0.0993909,-0.00407033,0.0995567,0.0995567,0.998334,0.997501,1.01454,0.0898972,0.108791,0.97,0.97,0.0695091,0.915,0.468211,1.17665,0.713036
0.3,100,,ols,4,R4 count,R,0.0696955,1015.49,0.100224,-0.000135901,0.100476,0.100476,0.997498,0.997499,1.0099,0.0885846,0.112132,0.95,0.945,1460.31,0.795,,,
0.3,100,,ols,5,O1 income ($),O,0.278782,0.194168,0.0914228,-0.00430949,0.0915504,0.0915504,0.998607,0.997501,1.01581,0.081921,0.101763,0.975,0.975,0.0636748,1,0.230032,0.516299,0.327937
0.3,100,,ols,6,O2 age (yr),O,-0.174239,-194.692,0.0846836,-0.00136185,0.0848851,0.0848851,0.997626,0.997501,1.01066,0.0769865,0.0923414,0.98,0.98,94.6241,0.98,0.31962,0.862995,0.48602
0.3,100,,ols,7,O3 binary,O,0.104543,4527.56,0.097832,-0.00166341,0.0980633,0.0980633,0.997641,0.9975,1.01299,0.0888858,0.106467,0.955,0.955,4236.91,0.82,0.658764,1.48721,0.935804
0.3,100,,ols,8,O4 count,O,0.0348477,508.68,0.0861162,0.0128537,0.0853652,0.0853652,1.0088,0.997702,1.03818,0.0785343,0.0934715,0.975,0.975,1257.06,0.69,,,
0.3,100,,ols,9,O5 score,O,-0.0696955,-464.964,0.0949731,0.00741177,0.094921,0.094921,1.00055,0.997507,1.02167,0.0860763,0.103826,0.95,0.95,633.6,0.745,,,
0.3,100,,ols,10,O6 assets ($),O,0.209086,0.14562,0.0933357,0.000252929,0.0935696,0.0935696,0.997501,0.997499,1.00957,0.0846917,0.101991,0.955,0.95,0.0650046,0.995,0.307027,0.727724,0.446398
0.3,100,,ols_unclipped,0,intercept,R,0,,0.0825379,-0.00252495,0.0827063,0.0827404,0.997552,0.991374,1.01415,0.0730618,0.0917324,,,,,,,
0.3,100,,ols_unclipped,1,R1 score,R,0.348477,2326.85,0.0883926,0.00239655,0.0885819,0.0880995,1.00333,0.996117,1.02085,0.0803891,0.0965913,,,590.214,1,0.172521,0.422375,0.253654
0.3,100,,ols_unclipped,2,R2 binary,R,-0.209086,-9050.28,0.0920715,0.00313638,0.092249,0.0920763,0.999947,0.993145,1.01638,0.082497,0.101157,,,3985.3,0.98,0.261228,0.764504,0.440351
0.3,100,,ols_unclipped,3,R3 income ($),R,0.139391,0.0974833,0.0993004,-0.00623023,0.0993534,0.0995567,0.997426,0.981595,1.01968,0.0895758,0.10895,,,0.0694459,0.915,0.457571,1.20223,0.712387
0.3,100,,ols_unclipped,4,R4 count,R,0.0696955,1015.49,0.100158,-0.000507462,0.100408,0.100476,0.996834,0.986368,1.01431,0.0885104,0.111845,,,1459.34,0.785,,,
0.3,100,,ols_unclipped,5,O1 income ($),O,0.278782,0.194168,0.0924127,-0.00469567,0.092525,0.0915504,1.00942,0.994143,1.03208,0.082727,0.102921,,,0.0643642,1,0.226477,0.525765,0.331487
0.3,100,,ols_unclipped,6,O2 age (yr),O,-0.174239,-194.692,0.0856051,-0.00146472,0.0858073,0.0848851,1.00848,1.00136,1.02357,0.0777798,0.0932663,,,95.6538,0.98,0.333313,0.864956,0.491309
0.3,100,,ols_unclipped,7,O3 binary,O,0.104543,4527.56,0.0982091,-0.001353,0.0984462,0.0980633,1.00149,0.997142,1.01595,0.0891878,0.107081,,,4253.24,0.825,0.66001,1.5099,0.939411
0.3,100,,ols_unclipped,8,O4 count,O,0.0348477,508.68,0.0861531,0.0124289,0.0854658,0.0853652,1.00923,0.993415,1.04017,0.0785243,0.0935737,,,1257.6,0.68,,,
0.3,100,,ols_unclipped,9,O5 score,O,-0.0696955,-464.964,0.0951149,0.00793771,0.0950209,0.094921,1.00204,0.995417,1.02346,0.086236,0.103898,,,634.546,0.74,,,
0.3,100,,ols_unclipped,10,O6 assets ($),O,0.209086,0.14562,0.0930566,-0.000787206,0.0932868,0.0935696,0.994517,0.982901,1.01058,0.0841562,0.101697,,,0.0648102,0.995,0.307027,0.728342,0.445063
0.3,100,0.5,vfl_bc,0,intercept,R,0,,0.0664012,-0.00641328,0.0662566,0.0827404,0.802525,0.694638,0.935563,0.0600731,0.0727867,0.99,0.99,,,,,
0.3,100,0.5,vfl_bc,1,R1 score,R,0.348477,2326.85,0.349635,-0.341268,0.0762179,0.0880995,3.96863,3.64352,4.38544,0.338682,0.360023,0.02,0.02,2334.58,0.565,0.97745,1.25095,1.00332
0.3,100,0.5,vfl_bc,2,R2 binary,R,-0.209086,-9050.28,0.219203,0.204788,0.0783761,0.0920763,2.38067,2.1317,2.68047,0.209005,0.229444,0.27,0.275,9488.18,0.535,0.963943,1.51073,1.04839
0.3,100,0.5,vfl_bc,3,R3 income ($),R,0.139391,0.0974833,0.160956,-0.141178,0.0774957,0.0995567,1.61673,1.45331,1.809,0.149987,0.1714,0.585,0.585,0.112565,0.53,0.960489,1.75582,1.15471
0.3,100,0.5,vfl_bc,4,R4 count,R,0.0696955,1015.49,0.101965,-0.0693961,0.0748936,0.100476,1.01482,0.886848,1.16774,0.0935751,0.109962,0.87,0.87,1485.66,0.475,,,
0.3,100,0.5,vfl_bc,5,O1 income ($),O,0.278782,0.194168,0.288739,-0.278396,0.07678,0.0915504,3.15388,2.82744,3.54943,0.277968,0.298539,0.075,0.07,0.201103,0.5,0.999508,1.36336,1.03572
0.3,100,0.5,vfl_bc,6,O2 age (yr),O,-0.174239,-194.692,0.18947,0.174831,0.0732114,0.0848851,2.23208,2.0149,2.49273,0.179547,0.198775,0.47,0.48,211.711,0.515,0.970319,1.55078,1.08742
0.3,100,0.5,vfl_bc,7,O3 binary,O,0.104543,4527.56,0.126873,-0.0989825,0.0795666,0.0980633,1.29379,1.16486,1.45995,0.117591,0.136063,0.795,0.795,5494.61,0.54,0.923324,1.94452,1.21359
0.3,100,0.5,vfl_bc,8,O4 count,O,0.0348477,508.68,0.0822471,-0.0282024,0.0774546,0.0853652,0.963473,0.837852,1.11807,0.0734261,0.091501,0.97,0.97,1200.58,0.51,,,
0.3,100,0.5,vfl_bc,9,O5 score,O,-0.0696955,-464.964,0.107716,0.0830214,0.0688035,0.094921,1.1348,1.01548,1.27785,0.0990799,0.116694,0.905,0.905,718.615,0.45,,,
0.3,100,0.5,vfl_bc,10,O6 assets ($),O,0.209086,0.14562,0.231025,-0.217388,0.0783943,0.0935696,2.46902,2.24524,2.74599,0.220927,0.241169,0.27,0.245,0.1609,0.45,1.0529,1.49184,1.10493
0.3,100,0.5,vfl_uncorrected,0,intercept,R,0,,0.069386,-0.00673704,0.0692315,0.0827404,0.838599,0.726076,0.977089,0.0627603,0.0762073,0.99,0.985,,,,,
0.3,100,0.5,vfl_uncorrected,1,R1 score,R,0.348477,2326.85,0.350196,-0.340991,0.0799651,0.0880995,3.975,3.64714,4.39734,0.338693,0.361096,0.02,0.02,2338.32,0.56,0.980376,1.26514,1.00493
0.3,100,0.5,vfl_uncorrected,2,R2 binary,R,-0.209086,-9050.28,0.220311,0.204621,0.0818578,0.0920763,2.3927,2.14211,2.69802,0.20972,0.231057,0.285,0.285,9536.15,0.535,0.955704,1.52972,1.05369
0.3,100,0.5,vfl_uncorrected,3,R3 income ($),R,0.139391,0.0974833,0.162771,-0.141176,0.0812209,0.0995567,1.63496,1.46823,1.83304,0.151399,0.173786,0.585,0.58,0.113834,0.53,0.960044,1.80181,1.16773
0.3,100,0.5,vfl_uncorrected,4,R4 count,R,0.0696955,1015.49,0.104351,-0.0691852,0.0783154,0.100476,1.03857,0.907407,1.19448,0.0956517,0.112588,0.865,0.865,1520.44,0.475,,,
0.3,100,0.5,vfl_uncorrected,5,O1 income ($),O,0.278782,0.194168,0.290538,-0.278351,0.0834733,0.0915504,3.17353,2.84413,3.57268,0.279011,0.301129,0.085,0.085,0.202355,0.505,0.997403,1.39071,1.04217
0.3,100,0.5,vfl_uncorrected,6,O2 age (yr),O,-0.174239,-194.692,0.191997,0.174916,0.0793665,0.0848851,2.26185,2.03665,2.52753,0.181092,0.202161,0.48,0.48,214.535,0.51,0.96572,1.58855,1.10192
0.3,100,0.5,vfl_uncorrected,7,O3 binary,O,0.104543,4527.56,0.13071,-0.0984576,0.0861883,0.0980633,1.33292,1.19781,1.50669,0.120902,0.140548,0.77,0.77,5660.8,0.54,0.933947,2.01482,1.2503
0.3,100,0.5,vfl_uncorrected,8,O4 count,O,0.0348477,508.68,0.0884747,-0.0276284,0.0842612,0.0853652,1.03643,0.899175,1.20563,0.0787348,0.0985356,0.965,0.965,1291.49,0.5,,,
0.3,100,0.5,vfl_uncorrected,9,O5 score,O,-0.0696955,-464.964,0.112628,0.0843644,0.0748049,0.094921,1.18655,1.06019,1.33765,0.103234,0.122179,0.89,0.89,751.384,0.44,,,
0.3,100,0.5,vfl_uncorrected,10,O6 assets ($),O,0.209086,0.14562,0.234107,-0.218089,0.0853206,0.0935696,2.50195,2.27057,2.78599,0.223171,0.245004,0.285,0.28,0.163046,0.445,1.05904,1.52298,1.11966
0.3,100,1,vfl_bc,0,intercept,R,0,,0.0708094,0.00114963,0.0709778,0.0827404,0.855802,0.73306,1.00494,0.064105,0.0776128,0.97,0.97,,,,,
0.3,100,1,vfl_bc,1,R1 score,R,0.348477,2326.85,0.350615,-0.343602,0.0699509,0.0880995,3.97976,3.63155,4.42678,0.341249,0.360392,0.005,0.005,2341.12,0.52,0.987232,1.21965,1.00613
0.3,100,1,vfl_bc,2,R2 binary,R,-0.209086,-9050.28,0.222003,0.207605,0.0788472,0.0920763,2.41108,2.17171,2.71488,0.211727,0.232081,0.225,0.225,9609.38,0.485,1.00765,1.41021,1.06178
0.3,100,1,vfl_bc,3,R3 income ($),R,0.139391,0.0974833,0.151208,-0.130541,0.0764994,0.0995567,1.51881,1.36534,1.70307,0.141246,0.160996,0.61,0.605,0.105747,0.555,0.917299,1.58886,1.08477
0.3,100,1,vfl_bc,4,R4 count,R,0.0696955,1015.49,0.109672,-0.0751783,0.0800517,0.100476,1.09153,0.96036,1.26139,0.101093,0.11812,0.845,0.84,1597.96,0.435,,,
0.3,100,1,vfl_bc,5,O1 income ($),O,0.278782,0.194168,0.286229,-0.276312,0.0748772,0.0915504,3.12646,2.79545,3.51171,0.276711,0.295965,0.085,0.085,0.199354,0.535,0.974605,1.34708,1.02671
0.3,100,1,vfl_bc,6,O2 age (yr),O,-0.174239,-194.692,0.188992,0.173362,0.0754452,0.0848851,2.22644,2.01906,2.49081,0.178834,0.19904,0.45,0.45,211.177,0.51,0.99695,1.5332,1.08467
0.3,100,1,vfl_bc,7,O3 binary,O,0.104543,4527.56,0.137642,-0.109649,0.0834107,0.0980633,1.4036,1.25456,1.58967,0.127882,0.147399,0.73,0.73,5961,0.47,1.07174,2.11399,1.3166
0.3,100,1,vfl_bc,8,O4 count,O,0.0348477,508.68,0.0841816,-0.0277552,0.0796739,0.0853652,0.986135,0.863139,1.12839,0.0754579,0.0930717,0.965,0.97,1228.82,0.525,,,
0.3,100,1,vfl_bc,9,O5 score,O,-0.0696955,-464.964,0.104581,0.0715986,0.0764202,0.094921,1.10177,0.961511,1.27154,0.0947801,0.11463,0.86,0.86,697.698,0.545,,,
0.3,100,1,vfl_bc,10,O6 assets ($),O,0.209086,0.14562,0.215497,-0.201664,0.0761565,0.0935696,2.30307,2.10932,2.54902,0.204834,0.226393,0.335,0.32,0.150085,0.545,0.955552,1.37611,1.03066
0.3,100,1,vfl_uncorrected,0,intercept,R,0,,0.0740874,0.000971306,0.074267,0.0827404,0.895421,0.766849,1.05185,0.0670822,0.081209,0.97,0.97,,,,,
0.3,100,1,vfl_uncorrected,1,R1 score,R,0.348477,2326.85,0.351212,-0.343482,0.07346,0.0880995,3.98653,3.6339,4.43324,0.34133,0.361549,0.005,0.01,2345.11,0.52,0.988036,1.23216,1.00785
0.3,100,1,vfl_uncorrected,2,R2 binary,R,-0.209086,-9050.28,0.223358,0.207614,0.0825787,0.0920763,2.42579,2.18165,2.73295,0.212607,0.233844,0.225,0.225,9668.02,0.485,1.00947,1.42724,1.06826
0.3,100,1,vfl_uncorrected,3,R3 income ($),R,0.139391,0.0974833,0.15271,-0.130233,0.0799468,0.0995567,1.5339,1.37718,1.72172,0.1423,0.162794,0.61,0.595,0.106798,0.545,0.923344,1.6179,1.09555
0.3,100,1,vfl_uncorrected,4,R4 count,R,0.0696955,1015.49,0.112522,-0.0753947,0.0837375,0.100476,1.11989,0.984777,1.29515,0.103637,0.121269,0.84,0.83,1639.49,0.44,,,
0.3,100,1,vfl_uncorrected,5,O1 income ($),O,0.278782,0.194168,0.287596,-0.275945,0.0812332,0.0915504,3.14139,2.8059,3.53094,0.277321,0.298163,0.11,0.105,0.200307,0.54,0.97276,1.38124,1.03162
0.3,100,1,vfl_uncorrected,6,O2 age (yr),O,-0.174239,-194.692,0.191474,0.173142,0.0819635,0.0848851,2.25569,2.04005,2.52412,0.18065,0.202215,0.45,0.45,213.951,0.505,0.994894,1.59007,1.09892
0.3,100,1,vfl_uncorrected,7,O3 binary,O,0.104543,4527.56,0.14225,-0.109903,0.0905391,0.0980633,1.45059,1.29392,1.64803,0.131927,0.152636,0.705,0.705,6160.55,0.48,1.08144,2.20784,1.36068
0.3,100,1,vfl_uncorrected,8,O4 count,O,0.0348477,508.68,0.0907654,-0.0271136,0.0868384,0.0853652,1.06326,0.929721,1.21526,0.0812767,0.100725,0.945,0.945,1324.92,0.52,,,
0.3,100,1,vfl_uncorrected,9,O5 score,O,-0.0696955,-464.964,0.109668,0.0717476,0.0831504,0.094921,1.15536,1.0049,1.33794,0.0989752,0.120472,0.855,0.855,731.637,0.545,,,
0.3,100,1,vfl_uncorrected,10,O6 assets ($),O,0.209086,0.14562,0.217326,-0.200999,0.0828502,0.0935696,2.32261,2.12471,2.57404,0.20564,0.229423,0.34,0.33,0.151359,0.55,0.958667,1.40862,1.03941
0.3,100,2,vfl_bc,0,intercept,R,0,,0.0798028,-0.00489626,0.0798524,0.0827404,0.964497,0.833997,1.12669,0.0719483,0.0875494,0.945,0.945,,,,,
0.3,100,2,vfl_bc,1,R1 score,R,0.348477,2326.85,0.338355,-0.330245,0.0738243,0.0880995,3.8406,3.48692,4.29009,0.32826,0.347948,0.01,0.01,2259.26,0.565,0.947133,1.19857,0.970953
0.3,100,2,vfl_bc,2,R2 binary,R,-0.209086,-9050.28,0.211978,0.197776,0.0764767,0.0920763,2.3022,2.08,2.58358,0.202534,0.221854,0.25,0.25,9175.44,0.56,0.961626,1.41823,1.01383
0.3,100,2,vfl_bc,3,R3 income ($),R,0.139391,0.0974833,0.152047,-0.133205,0.073497,0.0995567,1.52724,1.36044,1.72139,0.14215,0.160832,0.6,0.59,0.106334,0.485,1.02386,1.60773,1.0908
0.3,100,2,vfl_bc,4,R4 count,R,0.0696955,1015.49,0.101083,-0.0687393,0.074299,0.100476,1.00605,0.8743,1.16845,0.0926,0.109527,0.865,0.865,1472.82,0.525,,,
0.3,100,2,vfl_bc,5,O1 income ($),O,0.278782,0.194168,0.286363,-0.276512,0.0746478,0.0915504,3.12792,2.78583,3.51207,0.275396,0.297124,0.05,0.05,0.199448,0.525,0.988565,1.31558,1.02719
0.3,100,2,vfl_bc,6,O2 age (yr),O,-0.174239,-194.692,0.194585,0.181575,0.0701295,0.0848851,2.29233,2.08185,2.56441,0.185198,0.203937,0.405,0.41,217.426,0.465,1.03483,1.59819,1.11677
0.3,100,2,vfl_bc,7,O3 binary,O,0.104543,4527.56,0.119704,-0.0989047,0.0676001,0.0980633,1.22068,1.09633,1.37537,0.110907,0.127917,0.83,0.83,5184.14,0.56,0.946183,1.7664,1.14502
0.3,100,2,vfl_bc,8,O4 count,O,0.0348477,508.68,0.081455,-0.036525,0.0729895,0.0853652,0.954194,0.840131,1.08839,0.0736125,0.0894147,0.955,0.955,1189.02,0.5,,,
0.3,100,2,vfl_bc,9,O5 score,O,-0.0696955,-464.964,0.111127,0.0821385,0.0750374,0.094921,1.17073,1.03448,1.33011,0.102717,0.120385,0.85,0.85,741.368,0.45,,,
0.3,100,2,vfl_bc,10,O6 assets ($),O,0.209086,0.14562,0.220173,-0.20541,0.0794619,0.0935696,2.35303,2.14297,2.62082,0.209469,0.230222,0.34,0.33,0.153341,0.54,0.965093,1.46725,1.05302
0.3,100,2,vfl_uncorrected,0,intercept,R,0,,0.0834288,-0.00518515,0.0834764,0.0827404,1.00832,0.871547,1.17579,0.0751658,0.0915333,0.945,0.945,,,,,
0.3,100,2,vfl_uncorrected,1,R1 score,R,0.348477,2326.85,0.338382,-0.329554,0.0769815,0.0880995,3.84091,3.48356,4.29118,0.327874,0.348388,0.01,0.015,2259.44,0.57,0.946459,1.2035,0.97103
0.3,100,2,vfl_uncorrected,2,R2 binary,R,-0.209086,-9050.28,0.212854,0.197418,0.0797782,0.0920763,2.31171,2.08707,2.59682,0.203036,0.223127,0.26,0.26,9213.34,0.565,0.964984,1.4315,1.01802
0.3,100,2,vfl_uncorrected,3,R3 income ($),R,0.139391,0.0974833,0.153314,-0.132903,0.0766231,0.0995567,1.53996,1.37022,1.73634,0.143138,0.162346,0.6,0.585,0.10722,0.485,1.0173,1.64061,1.09988
0.3,100,2,vfl_uncorrected,4,R4 count,R,0.0696955,1015.49,0.103392,-0.0687082,0.0774544,0.100476,1.02903,0.893498,1.19568,0.09463,0.11222,0.855,0.855,1506.47,0.525,,,
0.3,100,2,vfl_uncorrected,5,O1 income ($),O,0.278782,0.194168,0.287964,-0.276469,0.0807527,0.0915504,3.14542,2.79575,3.53654,0.276138,0.299603,0.06,0.06,0.200563,0.525,0.987173,1.34185,1.03294
0.3,100,2,vfl_uncorrected,6,O2 age (yr),O,-0.174239,-194.692,0.197357,0.182377,0.0756128,0.0848851,2.325,2.1105,2.60145,0.187215,0.207465,0.415,0.415,220.524,0.46,1.03527,1.64557,1.13268
0.3,100,2,vfl_uncorrected,7,O3 binary,O,0.104543,4527.56,0.122632,-0.0986282,0.07306,0.0980633,1.25054,1.1215,1.41048,0.113185,0.131451,0.83,0.83,5310.94,0.565,0.951,1.82578,1.17303
0.3,100,2,vfl_uncorrected,8,O4 count,O,0.0348477,508.68,0.0869373,-0.0366733,0.0790214,0.0853652,1.01842,0.895854,1.16176,0.0787124,0.0952886,0.945,0.945,1269.04,0.5,,,
0.3,100,2,vfl_uncorrected,9,O5 score,O,-0.0696955,-464.964,0.115988,0.0831313,0.0810881,0.094921,1.22194,1.07841,1.38945,0.106971,0.125827,0.84,0.835,773.798,0.445,,,
0.3,100,2,vfl_uncorrected,10,O6 assets ($),O,0.209086,0.14562,0.222523,-0.205283,0.0860965,0.0935696,2.37816,2.16272,2.65298,0.21095,0.233374,0.355,0.35,0.154979,0.54,0.958267,1.50262,1.06426
0.3,100,4,vfl_bc,0,intercept,R,0,,0.0769471,0.002753,0.0770908,0.0827404,0.929982,0.813458,1.07626,0.0701012,0.0841729,0.95,0.95,,,,,
0.3,100,4,vfl_bc,1,R1 score,R,0.348477,2326.85,0.336187,-0.328205,0.0730026,0.0880995,3.81598,3.48036,4.23626,0.326539,0.345741,0.01,0.01,2244.78,0.62,0.943192,1.22176,0.964729
0.3,100,4,vfl_bc,2,R2 binary,R,-0.209086,-9050.28,0.207622,0.19375,0.0748057,0.0920763,2.25489,2.02618,2.5385,0.197586,0.217465,0.3,0.3,8986.88,0.565,0.913957,1.39134,0.992995
0.3,100,4,vfl_bc,3,R3 income ($),R,0.139391,0.0974833,0.145096,-0.128978,0.0666306,0.0995567,1.45742,1.31981,1.64188,0.137264,0.153937,0.62,0.605,0.101473,0.555,0.930695,1.47124,1.04093
0.3,100,4,vfl_bc,4,R4 count,R,0.0696955,1015.49,0.0951149,-0.0605956,0.0734984,0.100476,0.946644,0.827141,1.09462,0.0864945,0.103745,0.88,0.88,1385.86,0.565,,,
0.3,100,4,vfl_bc,5,O1 income ($),O,0.278782,0.194168,0.271172,-0.262012,0.0700605,0.0915504,2.962,2.64987,3.32118,0.261814,0.279839,0.08,0.08,0.188868,0.61,0.926208,1.26416,0.972703
0.3,100,4,vfl_bc,6,O2 age (yr),O,-0.174239,-194.692,0.182541,0.166801,0.0743397,0.0848851,2.15045,1.95064,2.40816,0.173104,0.191841,0.47,0.48,203.968,0.54,0.961741,1.53707,1.04765
0.3,100,4,vfl_bc,7,O3 binary,O,0.104543,4527.56,0.121613,-0.092562,0.079078,0.0980633,1.24015,1.11257,1.39138,0.111913,0.131464,0.81,0.815,5266.82,0.57,0.876888,1.83876,1.16328
0.3,100,4,vfl_bc,8,O4 count,O,0.0348477,508.68,0.0825605,-0.0311611,0.0766459,0.0853652,0.967144,0.854116,1.10008,0.0743241,0.0916271,0.975,0.975,1205.15,0.525,,,
0.3,100,4,vfl_bc,9,O5 score,O,-0.0696955,-464.964,0.101245,0.0693033,0.0739931,0.094921,1.06662,0.947179,1.20453,0.0932541,0.109763,0.885,0.885,675.442,0.465,,,
0.3,100,4,vfl_bc,10,O6 assets ($),O,0.209086,0.14562,0.205424,-0.189599,0.0792645,0.0935696,2.19542,1.98157,2.46025,0.195239,0.21558,0.335,0.33,0.14307,0.585,0.946269,1.3662,0.982486
0.3,100,4,vfl_uncorrected,0,intercept,R,0,,0.0800801,0.00260653,0.0802385,0.0827404,0.967847,0.847049,1.12059,0.0729666,0.0876003,0.95,0.95,,,,,
0.3,100,4,vfl_uncorrected,1,R1 score,R,0.348477,2326.85,0.336189,-0.327502,0.076119,0.0880995,3.81601,3.47872,4.2366,0.326183,0.346137,0.015,0.015,2244.8,0.62,0.940492,1.23136,0.964736
0.3,100,4,vfl_uncorrected,2,R2 binary,R,-0.209086,-9050.28,0.208243,0.19313,0.07808,0.0920763,2.26163,2.03104,2.54693,0.19778,0.218487,0.31,0.31,9013.77,0.565,0.912091,1.40798,0.995965
0.3,100,4,vfl_uncorrected,3,R3 income ($),R,0.139391,0.0974833,0.14622,-0.128706,0.0695649,0.0995567,1.46871,1.32839,1.65784,0.137912,0.155383,0.615,0.605,0.102259,0.555,0.927498,1.49112,1.04899
0.3,100,4,vfl_uncorrected,4,R4 count,R,0.0696955,1015.49,0.0974307,-0.0602983,0.0767222,0.100476,0.969693,0.846386,1.12223,0.0884817,0.106378,0.875,0.875,1419.6,0.57,,,
0.3,100,4,vfl_uncorrected,5,O1 income ($),O,0.278782,0.194168,0.271282,-0.260572,0.0756623,0.0915504,2.96319,2.64591,3.32542,0.261271,0.280685,0.1,0.1,0.188944,0.61,0.917025,1.29093,0.973096
0.3,100,4,vfl_uncorrected,6,O2 age (yr),O,-0.174239,-194.692,0.18446,0.166148,0.0803265,0.0848851,2.17305,1.96718,2.43623,0.174335,0.19431,0.48,0.485,206.112,0.54,0.965483,1.58163,1.05866
0.3,100,4,vfl_uncorrected,7,O3 binary,O,0.104543,4527.56,0.125056,-0.0916782,0.0852673,0.0980633,1.27526,1.14165,1.43482,0.114667,0.13567,0.8,0.805,5415.93,0.565,0.874659,1.90089,1.19622
0.3,100,4,vfl_uncorrected,8,O4 count,O,0.0348477,508.68,0.0882612,-0.0307384,0.0829433,0.0853652,1.03392,0.912004,1.17723,0.079398,0.0980188,0.955,0.955,1288.37,0.52,,,
0.3,100,4,vfl_uncorrected,9,O5 score,O,-0.0696955,-464.964,0.105817,0.0692725,0.0801916,0.094921,1.11479,0.988954,1.26106,0.0972053,0.115012,0.87,0.87,705.943,0.465,,,
0.3,100,4,vfl_uncorrected,10,O6 assets ($),O,0.209086,0.14562,0.206571,-0.188063,0.0856774,0.0935696,2.20768,1.98782,2.47926,0.195706,0.217502,0.34,0.34,0.143869,0.585,0.943331,1.39147,0.987971
0.3,100,8,vfl_bc,0,intercept,R,0,,0.0709312,0.000255531,0.0711088,0.0827404,0.857275,0.752172,0.984748,0.0642664,0.0777279,0.97,0.97,,,,,
0.3,100,8,vfl_bc,1,R1 score,R,0.348477,2326.85,0.318249,-0.310117,0.0716619,0.0880995,3.61238,3.29123,4.00808,0.308906,0.327569,0.01,0.015,2125.01,0.7,0.8967,1.1422,0.913255
0.3,100,8,vfl_bc,2,R2 binary,R,-0.209086,-9050.28,0.207149,0.196081,0.0669737,0.0920763,2.24976,2.03486,2.52099,0.198068,0.215788,0.27,0.27,8966.42,0.58,0.925717,1.35112,0.990734
0.3,100,8,vfl_bc,3,R3 income ($),R,0.139391,0.0974833,0.136232,-0.118555,0.0672796,0.0995567,1.36838,1.2228,1.55139,0.127796,0.143944,0.665,0.655,0.0952739,0.61,0.929055,1.40018,0.977336
0.3,100,8,vfl_bc,4,R4 count,R,0.0696955,1015.49,0.0773133,-0.04221,0.0649365,0.100476,0.769471,0.662554,0.902665,0.0701966,0.0849831,0.955,0.955,1126.48,0.665,,,
0.3,100,8,vfl_bc,5,O1 income ($),O,0.278782,0.194168,0.259841,-0.249646,0.0722517,0.0915504,2.83823,2.55372,3.18433,0.249739,0.269755,0.1,0.1,0.180976,0.665,0.884626,1.26653,0.932057
0.3,100,8,vfl_bc,6,O2 age (yr),O,-0.174239,-194.692,0.174549,0.160276,0.0693045,0.0848851,2.0563,1.87245,2.30068,0.165628,0.18318,0.48,0.49,195.039,0.56,0.913768,1.45799,1.00178
0.3,100,8,vfl_bc,7,O3 binary,O,0.104543,4527.56,0.121122,-0.0980934,0.0712296,0.0980633,1.23514,1.10645,1.39407,0.113237,0.129148,0.805,0.805,5245.56,0.525,0.965751,1.85374,1.15859
0.3,100,8,vfl_bc,8,O4 count,O,0.0348477,508.68,0.0793834,-0.0294423,0.0739066,0.0853652,0.929927,0.822092,1.05985,0.0723636,0.0863461,0.965,0.965,1158.78,0.535,,,
0.3,100,8,vfl_bc,9,O5 score,O,-0.0696955,-464.964,0.0996262,0.0719603,0.069072,0.094921,1.04957,0.936167,1.19402,0.0912257,0.107937,0.895,0.895,664.642,0.475,,,
0.3,100,8,vfl_bc,10,O6 assets ($),O,0.209086,0.14562,0.1998,-0.188844,0.0654181,0.0935696,2.13531,1.95165,2.37121,0.190876,0.208158,0.305,0.28,0.139153,0.62,0.919649,1.31539,0.955588
0.3,100,8,vfl_uncorrected,0,intercept,R,0,,0.0736164,0.000221479,0.0738008,0.0827404,0.889727,0.780718,1.02151,0.066729,0.0806794,0.965,0.965,,,,,
0.3,100,8,vfl_uncorrected,1,R1 score,R,0.348477,2326.85,0.317447,-0.308669,0.0743254,0.0880995,3.60328,3.28314,3.99772,0.307733,0.327171,0.02,0.025,2119.66,0.705,0.89203,1.14859,0.910955
0.3,100,8,vfl_uncorrected,2,R2 binary,R,-0.209086,-9050.28,0.207471,0.195549,0.0694919,0.0920763,2.25325,2.03793,2.52454,0.198115,0.216407,0.28,0.28,8980.36,0.585,0.923741,1.36369,0.992275
0.3,100,8,vfl_uncorrected,3,R3 income ($),R,0.139391,0.0974833,0.136745,-0.11763,0.0699046,0.0995567,1.37354,1.22789,1.5583,0.128046,0.144668,0.66,0.65,0.0956326,0.605,0.926633,1.41565,0.981015
0.3,100,8,vfl_uncorrected,4,R4 count,R,0.0696955,1015.49,0.0790318,-0.0414199,0.0674772,0.100476,0.786575,0.67674,0.922985,0.0717227,0.0868396,0.945,0.945,1151.52,0.665,,,
0.3,100,8,vfl_uncorrected,5,O1 income ($),O,0.278782,0.194168,0.259392,-0.247612,0.0774767,0.0915504,2.83333,2.54997,3.17802,0.248473,0.270042,0.105,0.105,0.180663,0.665,0.879302,1.28216,0.930448
0.3,100,8,vfl_uncorrected,6,O2 age (yr),O,-0.174239,-194.692,0.175676,0.159159,0.0745545,0.0848851,2.06958,1.88247,2.31831,0.166203,0.184789,0.49,0.49,196.298,0.565,0.905527,1.48935,1.00825
0.3,100,8,vfl_uncorrected,7,O3 binary,O,0.104543,4527.56,0.123871,-0.0975449,0.0765396,0.0980633,1.26317,1.12986,1.42852,0.115612,0.132304,0.795,0.795,5364.6,0.53,0.960984,1.90566,1.18488
0.3,100,8,vfl_uncorrected,8,O4 count,O,0.0348477,508.68,0.084192,-0.0290838,0.0792073,0.0853652,0.986256,0.871674,1.12267,0.0767711,0.0915949,0.95,0.95,1228.97,0.535,,,
0.3,100,8,vfl_uncorrected,9,O5 score,O,-0.0696955,-464.964,0.103192,0.0719252,0.0741809,0.094921,1.08713,0.968286,1.23901,0.0944417,0.112114,0.88,0.88,688.429,0.48,,,
0.3,100,8,vfl_uncorrected,10,O6 assets ($),O,0.209086,0.14562,0.200276,-0.18756,0.0704008,0.0935696,2.14039,1.95124,2.37966,0.190721,0.209331,0.32,0.31,0.139484,0.625,0.916917,1.33281,0.95786
0.3,250,,ols,0,intercept,R,0,,0.0500692,-0.000278167,0.0501941,0.0501941,0.997512,0.997501,1.01093,0.0455939,0.0544833,0.965,0.97,,,,,
0.3,250,,ols,1,R1 score,R,0.348477,2326.85,0.0572123,-0.00663046,0.0569694,0.0569694,1.00426,0.997565,1.03179,0.0519027,0.0623314,0.945,0.945,382.017,1,0.110254,0.272977,0.164178
0.3,250,,ols,2,R2 binary,R,-0.209086,-9050.28,0.0535631,0.00482713,0.053479,0.053479,1.00157,0.997505,1.02399,0.0482911,0.0584357,0.96,0.96,2318.47,1,0.173158,0.425406,0.256177
0.3,250,,ols,3,R3 income ($),R,0.139391,0.0974833,0.0520783,0.0031856,0.0521112,0.0521112,0.999368,0.997508,1.01767,0.047348,0.056993,0.985,0.985,0.036421,0.995,0.247222,0.620541,0.373613
0.3,250,,ols,4,R4 count,R,0.0696955,1015.49,0.0582575,-0.000179624,0.0584034,0.0584034,0.997502,0.997499,1.00896,0.0527698,0.0637238,0.935,0.935,848.832,0.875,,,
0.3,250,,ols,5,O1 income ($),O,0.278782,0.194168,0.0590843,0.00131912,0.0592178,0.0592178,0.997746,0.9975,1.01108,0.0529782,0.065368,0.95,0.95,0.0411514,1,0.141046,0.352682,0.211937
0.3,250,,ols,6,O2 age (yr),O,-0.174239,-194.692,0.0599279,-0.000749101,0.0600736,0.0600736,0.997575,0.9975,1.01193,0.0540266,0.0660455,0.945,0.945,66.9625,0.995,0.218573,0.570566,0.343941
0.3,250,,ols,7,O3 binary,O,0.104543,4527.56,0.0568261,0.00228202,0.0569228,0.0569228,0.998302,0.997501,1.01511,0.0513599,0.0623539,0.94,0.945,2461.02,0.97,0.371795,0.897684,0.543566
0.3,250,,ols,8,O4 count,O,0.0348477,508.68,0.0590021,-0.00185258,0.059121,0.059121,0.997989,0.9975,1.01159,0.053119,0.0645065,0.95,0.95,861.267,0.705,,,
0.3,250,,ols,9,O5 score,O,-0.0696955,-464.964,0.0575656,-0.0059926,0.0573965,0.0573965,1.00295,0.997537,1.02819,0.0519509,0.063489,0.945,0.945,384.041,0.92,,,
0.3,250,,ols,10,O6 assets ($),O,0.209086,0.14562,0.0518809,0.00267056,0.0519422,0.0519422,0.998821,0.997502,1.01685,0.0464474,0.0576974,0.975,0.975,0.036133,1,0.170326,0.385541,0.248132
0.3,250,,ols_unclipped,0,intercept,R,0,,0.0502571,-0.00153072,0.0503598,0.0501941,1.00125,0.995982,1.0171,0.045768,0.0546637,,,,,,,
0.3,250,,ols_unclipped,1,R1 score,R,0.348477,2326.85,0.0575667,-0.00514191,0.0574805,0.0569694,1.01049,1.0017,1.03627,0.0522925,0.0626404,,,384.384,1,0.11306,0.27795,0.165195
0.3,250,,ols_unclipped,2,R2 binary,R,-0.209086,-9050.28,0.0540235,0.00399905,0.0540105,0.053479,1.01018,0.999274,1.03223,0.0485706,0.0591167,,,2338.4,1,0.178802,0.429611,0.258379
0.3,250,,ols_unclipped,3,R3 income ($),R,0.139391,0.0974833,0.051285,0.00110803,0.0514017,0.0521112,0.984147,0.967989,1.00782,0.0462799,0.0564832,,,0.0358663,0.995,0.227323,0.609611,0.367922
0.3,250,,ols_unclipped,4,R4 count,R,0.0696955,1015.49,0.0576881,0.000142197,0.0578327,0.0584034,0.987753,0.974219,1.00609,0.0521002,0.0633205,,,840.537,0.88,,,
0.3,250,,ols_unclipped,5,O1 income ($),O,0.278782,0.194168,0.0590423,0.00039218,0.0591891,0.0592178,0.997035,0.974664,1.0245,0.0528629,0.0652484,,,0.0411221,1,0.144546,0.346041,0.211786
0.3,250,,ols_unclipped,6,O2 age (yr),O,-0.174239,-194.692,0.0603625,-0.00130513,0.0604999,0.0600736,1.00481,0.999255,1.02064,0.0543552,0.066433,,,67.4482,0.995,0.220546,0.571409,0.346436
0.3,250,,ols_unclipped,7,O3 binary,O,0.104543,4527.56,0.0575394,0.00312591,0.0575986,0.0569228,1.01083,1.00416,1.03073,0.0519989,0.0630924,,,2491.91,0.97,0.359664,0.88721,0.550388
0.3,250,,ols_unclipped,8,O4 count,O,0.0348477,508.68,0.0587889,-0.00144397,0.0589186,0.059121,0.994382,0.986587,1.00933,0.0528811,0.0645123,,,858.155,0.71,,,
0.3,250,,ols_unclipped,9,O5 score,O,-0.0696955,-464.964,0.0578142,-0.00611342,0.0576343,0.0573965,1.00728,0.997314,1.03437,0.0521608,0.0637599,,,385.699,0.92,,,
0.3,250,,ols_unclipped,10,O6 assets ($),O,0.209086,0.14562,0.0516907,0.00134532,0.0518028,0.0519422,0.995158,0.977889,1.01924,0.0462639,0.0574485,,,0.0360005,1,0.168061,0.396508,0.247221
0.3,250,0.5,vfl_bc,0,intercept,R,0,,0.0768695,0.00170063,0.0770435,0.0501941,1.53145,1.35233,1.75095,0.0699111,0.083546,0.965,0.965,,,,,
0.3,250,0.5,vfl_bc,1,R1 score,R,0.348477,2326.85,0.350751,-0.343474,0.0712526,0.0569694,6.15683,5.64425,6.78803,0.340459,0.360593,0,0.005,2342.03,0.53,0.992974,1.23646,1.00652
0.3,250,0.5,vfl_bc,2,R2 binary,R,-0.209086,-9050.28,0.206421,0.194495,0.0693203,0.053479,3.85985,3.522,4.31697,0.197239,0.215884,0.29,0.29,8934.91,0.58,0.921213,1.35039,0.987252
0.3,250,0.5,vfl_bc,3,R3 income ($),R,0.139391,0.0974833,0.159637,-0.140367,0.0762243,0.0521112,3.06339,2.75342,3.44113,0.150359,0.169053,0.565,0.55,0.111642,0.465,1.05462,1.65676,1.14525
0.3,250,0.5,vfl_bc,4,R4 count,R,0.0696955,1015.49,0.0983924,-0.0641574,0.0747855,0.0584034,1.6847,1.50629,1.8952,0.0906884,0.106343,0.9,0.9,1433.61,0.5,,,
0.3,250,0.5,vfl_bc,5,O1 income ($),O,0.278782,0.194168,0.285627,-0.275242,0.0765138,0.0592178,4.82333,4.37697,5.39462,0.275025,0.296695,0.075,0.075,0.198936,0.535,0.967657,1.34586,1.02455
0.3,250,0.5,vfl_bc,6,O2 age (yr),O,-0.174239,-194.692,0.186812,0.170326,0.0769243,0.0600736,3.10972,2.80024,3.51252,0.177211,0.196191,0.43,0.43,208.741,0.49,1.00336,1.48824,1.07216
0.3,250,0.5,vfl_bc,7,O3 binary,O,0.104543,4527.56,0.128919,-0.102658,0.0781796,0.0569228,2.2648,2.01977,2.57111,0.120303,0.1375,0.78,0.78,5583.22,0.49,1.03493,1.89144,1.23316
0.3,250,0.5,vfl_bc,8,O4 count,O,0.0348477,508.68,0.0752175,-0.0286198,0.0697344,0.059121,1.27226,1.09865,1.4753,0.0674755,0.0830622,0.965,0.965,1097.97,0.56,,,
0.3,250,0.5,vfl_bc,9,O5 score,O,-0.0696955,-464.964,0.1057,0.0711645,0.0783509,0.0573965,1.84158,1.60579,2.11513,0.0960392,0.115729,0.885,0.885,705.165,0.475,,,
0.3,250,0.5,vfl_bc,10,O6 assets ($),O,0.209086,0.14562,0.221556,-0.20928,0.072908,0.0519422,4.26544,3.8339,4.82061,0.212117,0.231165,0.25,0.235,0.154305,0.495,1.01355,1.40511,1.05964
0.3,250,0.5,vfl_uncorrected,0,intercept,R,0,,0.080221,0.00171568,0.0804039,0.0501941,1.59822,1.41006,1.82747,0.072922,0.0871704,0.96,0.965,,,,,
0.3,250,0.5,vfl_uncorrected,1,R1 score,R,0.348477,2326.85,0.351143,-0.343184,0.0745225,0.0569694,6.16371,5.65235,6.79523,0.340412,0.361378,0.005,0.005,2344.65,0.52,0.991853,1.24567,1.00765
0.3,250,0.5,vfl_uncorrected,2,R2 binary,R,-0.209086,-9050.28,0.206835,0.193718,0.0726671,0.053479,3.86759,3.52496,4.32745,0.197267,0.21663,0.295,0.295,8952.82,0.59,0.916677,1.36573,0.989231
0.3,250,0.5,vfl_uncorrected,3,R3 income ($),R,0.139391,0.0974833,0.161298,-0.14037,0.079655,0.0521112,3.09527,2.78211,3.47735,0.151608,0.171047,0.56,0.555,0.112804,0.47,1.04462,1.69205,1.15716
0.3,250,0.5,vfl_uncorrected,4,R4 count,R,0.0696955,1015.49,0.100901,-0.0639637,0.0782319,0.0584034,1.72765,1.54236,1.94402,0.0928181,0.10916,0.89,0.89,1470.16,0.505,,,
0.3,250,0.5,vfl_uncorrected,5,O1 income ($),O,0.278782,0.194168,0.28716,-0.274969,0.082989,0.0592178,4.84921,4.39514,5.42531,0.275652,0.299236,0.08,0.08,0.200003,0.54,0.961851,1.37543,1.03005
0.3,250,0.5,vfl_uncorrected,6,O2 age (yr),O,-0.174239,-194.692,0.189303,0.17002,0.0834494,0.0600736,3.15119,2.8329,3.56423,0.179151,0.199341,0.445,0.445,211.525,0.49,1.00688,1.51565,1.08646
0.3,250,0.5,vfl_uncorrected,7,O3 binary,O,0.104543,4527.56,0.13293,-0.102627,0.0846987,0.0569228,2.33527,2.08053,2.65066,0.123843,0.142022,0.76,0.765,5756.93,0.495,1.06613,1.97013,1.27153
0.3,250,0.5,vfl_uncorrected,8,O4 count,O,0.0348477,508.68,0.0800823,-0.0279087,0.0752502,0.059121,1.35455,1.16819,1.57127,0.071782,0.0885488,0.96,0.96,1168.98,0.565,,,
0.3,250,0.5,vfl_uncorrected,9,O5 score,O,-0.0696955,-464.964,0.110875,0.071288,0.0851324,0.0573965,1.93174,1.68094,2.22437,0.100236,0.121842,0.865,0.86,739.687,0.475,,,
0.3,250,0.5,vfl_uncorrected,10,O6 assets ($),O,0.209086,0.14562,0.223575,-0.20931,0.0787793,0.0519422,4.30431,3.86935,4.86838,0.213493,0.233986,0.275,0.265,0.155711,0.495,1.01183,1.44425,1.06929
0.3,250,1,vfl_bc,0,intercept,R,0,,0.0672881,-0.0027886,0.067399,0.0501941,1.34056,1.18905,1.52095,0.060992,0.073639,0.985,0.985,,,,,
0.3,250,1,vfl_bc,1,R1 score,R,0.348477,2326.85,0.335309,-0.327134,0.0737772,0.0569694,5.88579,5.40102,6.51596,0.325567,0.34466,0.005,0.005,2238.92,0.585,0.942755,1.19128,0.962213
0.3,250,1,vfl_bc,2,R2 binary,R,-0.209086,-9050.28,0.211911,0.195746,0.0813817,0.053479,3.9625,3.59797,4.45171,0.200982,0.22207,0.295,0.295,9172.53,0.565,0.956006,1.45668,1.01351
0.3,250,1,vfl_bc,3,R3 income ($),R,0.139391,0.0974833,0.1529,-0.13394,0.073931,0.0521112,2.9341,2.61501,3.29553,0.143949,0.161577,0.585,0.58,0.10693,0.51,0.970728,1.64944,1.09691
0.3,250,1,vfl_bc,4,R4 count,R,0.0696955,1015.49,0.094318,-0.0590599,0.0737223,0.0584034,1.61494,1.3984,1.85194,0.0853549,0.104238,0.91,0.91,1374.25,0.53,,,
0.3,250,1,vfl_bc,5,O1 income ($),O,0.278782,0.194168,0.272467,-0.261576,0.0764536,0.0592178,4.60109,4.14681,5.15219,0.262309,0.282984,0.135,0.135,0.189769,0.56,0.956893,1.28487,0.977346
0.3,250,1,vfl_bc,6,O2 age (yr),O,-0.174239,-194.692,0.184453,0.166002,0.0806133,0.0600736,3.07045,2.76035,3.46849,0.174245,0.194468,0.47,0.47,206.105,0.545,0.950109,1.51695,1.05862
0.3,250,1,vfl_bc,7,O3 binary,O,0.104543,4527.56,0.119278,-0.0889808,0.0796323,0.0569228,2.09543,1.88264,2.35836,0.110441,0.127837,0.815,0.815,5165.68,0.55,0.925296,1.75686,1.14094
0.3,250,1,vfl_bc,8,O4 count,O,0.0348477,508.68,0.0768133,-0.0239217,0.0731765,0.059121,1.29925,1.13173,1.50373,0.0697547,0.0838565,0.975,0.975,1121.26,0.55,,,
0.3,250,1,vfl_bc,9,O5 score,O,-0.0696955,-464.964,0.0998022,0.0689288,0.0723566,0.0573965,1.73882,1.52113,1.98882,0.0912046,0.107968,0.89,0.89,665.816,0.52,,,
0.3,250,1,vfl_bc,10,O6 assets ($),O,0.209086,0.14562,0.218441,-0.205269,0.0748936,0.0519422,4.20546,3.74683,4.76377,0.207377,0.229716,0.29,0.28,0.152135,0.555,0.95016,1.39833,1.04474
0.3,250,1,vfl_uncorrected,0,intercept,R,0,,0.0700879,-0.00311058,0.0701945,0.0501941,1.39634,1.23845,1.58346,0.0635974,0.0766721,0.975,0.98,,,,,
0.3,250,1,vfl_uncorrected,1,R1 score,R,0.348477,2326.85,0.335173,-0.326234,0.077085,0.0569694,5.88338,5.39645,6.51303,0.324993,0.345026,0.005,0.005,2238.01,0.59,0.941265,1.19137,0.96182
0.3,250,1,vfl_uncorrected,2,R2 binary,R,-0.209086,-9050.28,0.212794,0.195043,0.0852977,0.053479,3.97902,3.60861,4.47398,0.201454,0.223346,0.3,0.305,9210.75,0.56,0.958379,1.48121,1.01773
0.3,250,1,vfl_uncorrected,3,R3 income ($),R,0.139391,0.0974833,0.154255,-0.133688,0.0771483,0.0521112,2.96011,2.64078,3.32448,0.144925,0.163249,0.585,0.58,0.107878,0.515,0.968391,1.68012,1.10663
0.3,250,1,vfl_uncorrected,4,R4 count,R,0.0696955,1015.49,0.0965309,-0.0586182,0.0768875,0.0584034,1.65283,1.43106,1.89554,0.0871082,0.106772,0.905,0.905,1406.49,0.525,,,
0.3,250,1,vfl_uncorrected,5,O1 income ($),O,0.278782,0.194168,0.272872,-0.260086,0.0827557,0.0592178,4.60793,4.14932,5.16917,0.262066,0.283964,0.145,0.14,0.190051,0.565,0.953268,1.31002,0.9788
0.3,250,1,vfl_uncorrected,6,O2 age (yr),O,-0.174239,-194.692,0.186816,0.165297,0.0872656,0.0600736,3.10979,2.78971,3.51894,0.175941,0.197473,0.485,0.485,208.745,0.545,0.945263,1.55473,1.07218
0.3,250,1,vfl_uncorrected,7,O3 binary,O,0.104543,4527.56,0.122828,-0.0876524,0.0862614,0.0569228,2.1578,1.93484,2.43529,0.113494,0.132116,0.805,0.805,5319.44,0.55,0.947522,1.84187,1.1749
0.3,250,1,vfl_uncorrected,8,O4 count,O,0.0348477,508.68,0.0823196,-0.0229307,0.0792598,0.059121,1.39239,1.21122,1.61307,0.0747299,0.0899034,0.95,0.95,1201.64,0.54,,,
0.3,250,1,vfl_uncorrected,9,O5 score,O,-0.0696955,-464.964,0.104316,0.0689847,0.0784462,0.0573965,1.81747,1.58808,2.084,0.0950516,0.113112,0.885,0.88,695.933,0.51,,,
0.3,250,1,vfl_uncorrected,10,O6 assets ($),O,0.209086,0.14562,0.220716,-0.205214,0.0814629,0.0519422,4.24927,3.77809,4.81603,0.208678,0.233044,0.315,0.31,0.15372,0.56,0.948681,1.43086,1.05562
0.3,250,2,vfl_bc,0,intercept,R,0,,0.0720967,0.000752788,0.0722737,0.0501941,1.43636,1.25281,1.67067,0.064526,0.080361,0.955,0.955,,,,,
0.3,250,2,vfl_bc,1,R1 score,R,0.348477,2326.85,0.331475,-0.323468,0.0725948,0.0569694,5.81847,5.31367,6.42429,0.321616,0.341232,0.005,0.01,2213.32,0.66,0.926632,1.18965,0.951208
0.3,250,2,vfl_bc,2,R2 binary,R,-0.209086,-9050.28,0.214327,0.20127,0.0738494,0.053479,4.00769,3.65114,4.46896,0.204529,0.224025,0.255,0.255,9277.13,0.55,0.95027,1.43909,1.02507
0.3,250,2,vfl_bc,3,R3 income ($),R,0.139391,0.0974833,0.146125,-0.124837,0.0761404,0.0521112,2.80411,2.51884,3.14702,0.136248,0.156074,0.655,0.63,0.102193,0.58,0.910487,1.61632,1.04831
0.3,250,2,vfl_bc,4,R4 count,R,0.0696955,1015.49,0.0885421,-0.0464004,0.0755995,0.0584034,1.51604,1.32549,1.72342,0.0796561,0.0967183,0.895,0.895,1290.09,0.64,,,
0.3,250,2,vfl_bc,5,O1 income ($),O,0.278782,0.194168,0.274573,-0.265906,0.0686107,0.0592178,4.63665,4.19583,5.19349,0.265413,0.28372,0.075,0.075,0.191236,0.58,0.94201,1.25988,0.984901
0.3,250,2,vfl_bc,6,O2 age (yr),O,-0.174239,-194.692,0.189355,0.173778,0.0753994,0.0600736,3.15205,2.86277,3.54404,0.180194,0.199612,0.39,0.395,211.582,0.475,1.04716,1.52013,1.08676
0.3,250,2,vfl_bc,7,O3 binary,O,0.104543,4527.56,0.120054,-0.0944674,0.074273,0.0569228,2.10907,1.88399,2.38976,0.111922,0.127908,0.805,0.805,5199.3,0.555,0.921456,1.77795,1.14837
0.3,250,2,vfl_bc,8,O4 count,O,0.0348477,508.68,0.0763774,-0.0347717,0.0681739,0.059121,1.29188,1.14565,1.46424,0.0689455,0.0846464,0.98,0.98,1114.9,0.46,,,
0.3,250,2,vfl_bc,9,O5 score,O,-0.0696955,-464.964,0.0937764,0.0621867,0.0703675,0.0573965,1.63383,1.43416,1.87413,0.0855147,0.101822,0.915,0.915,625.616,0.555,,,
0.3,250,2,vfl_bc,10,O6 assets ($),O,0.209086,0.14562,0.207638,-0.195798,0.0692861,0.0519422,3.99748,3.5828,4.51696,0.198873,0.216616,0.295,0.29,0.144611,0.555,0.942785,1.36192,0.993072
0.3,250,2,vfl_uncorrected,0,intercept,R,0,,0.0751036,0.000717521,0.0752886,0.0501941,1.49626,1.30421,1.73624,0.0672166,0.0837601,0.945,0.955,,,,,
0.3,250,2,vfl_uncorrected,1,R1 score,R,0.348477,2326.85,0.331266,-0.322581,0.0755446,0.0569694,5.8148,5.30541,6.4211,0.321059,0.341357,0.01,0.01,2211.92,0.665,0.927161,1.19808,0.950608
0.3,250,2,vfl_uncorrected,2,R2 binary,R,-0.209086,-9050.28,0.214999,0.200884,0.0768103,0.053479,4.02025,3.6598,4.48937,0.204816,0.225056,0.26,0.27,9306.2,0.54,0.948375,1.45431,1.02828
0.3,250,2,vfl_uncorrected,3,R3 income ($),R,0.139391,0.0974833,0.147291,-0.12428,0.0792489,0.0521112,2.82647,2.53315,3.17484,0.137101,0.157459,0.645,0.625,0.103008,0.59,0.905261,1.63489,1.05667
0.3,250,2,vfl_uncorrected,4,R4 count,R,0.0696955,1015.49,0.0907786,-0.0455394,0.0787267,0.0584034,1.55434,1.35781,1.76916,0.0816533,0.0992015,0.895,0.895,1322.68,0.645,,,
0.3,250,2,vfl_uncorrected,5,O1 income ($),O,0.278782,0.194168,0.275259,-0.26516,0.0740615,0.0592178,4.64825,4.2047,5.20494,0.265279,0.285067,0.09,0.085,0.191714,0.58,0.939938,1.27664,0.987364
0.3,250,2,vfl_uncorrected,6,O2 age (yr),O,-0.174239,-194.692,0.191491,0.173634,0.0809494,0.0600736,3.18762,2.8927,3.58996,0.18178,0.202395,0.395,0.415,213.97,0.475,1.04152,1.56425,1.09902
0.3,250,2,vfl_uncorrected,7,O3 binary,O,0.104543,4527.56,0.123178,-0.0938424,0.0799902,0.0569228,2.16395,1.92914,2.45211,0.114487,0.131442,0.79,0.79,5334.59,0.55,0.948455,1.83562,1.17825
0.3,250,2,vfl_uncorrected,8,O4 count,O,0.0348477,508.68,0.0811808,-0.0349086,0.0734759,0.059121,1.37313,1.21815,1.56105,0.0731547,0.0902196,0.965,0.965,1185.01,0.45,,,
0.3,250,2,vfl_uncorrected,9,O5 score,O,-0.0696955,-464.964,0.0976288,0.0616146,0.07592,0.0573965,1.70095,1.49362,1.95296,0.0888003,0.106141,0.9,0.9,651.317,0.555,,,
0.3,250,2,vfl_uncorrected,10,O6 assets ($),O,0.209086,0.14562,0.208598,-0.194847,0.0746716,0.0519422,4.01597,3.5991,4.54501,0.199258,0.218161,0.315,0.3,0.14528,0.545,0.940974,1.38729,0.997665
0.3,250,4,vfl_bc,0,intercept,R,0,,0.0675647,0.00120967,0.0677234,0.0501941,1.34607,1.18066,1.54889,0.0606376,0.0742417,0.96,0.955,,,,,
0.3,250,4,vfl_bc,1,R1 score,R,0.348477,2326.85,0.298927,-0.289636,0.0741347,0.0569694,5.24715,4.79993,5.80929,0.288953,0.308709,0.035,0.035,1995.99,0.765,0.825967,1.10106,0.857809
0.3,250,4,vfl_bc,2,R2 binary,R,-0.209086,-9050.28,0.19892,0.183344,0.0773562,0.053479,3.71959,3.38037,4.17803,0.187759,0.21024,0.325,0.325,8610.23,0.67,0.86363,1.36431,0.951377
0.3,250,4,vfl_bc,3,R3 income ($),R,0.139391,0.0974833,0.13223,-0.112108,0.0702949,0.0521112,2.53747,2.28173,2.85015,0.123576,0.140644,0.655,0.645,0.0924756,0.605,0.830914,1.41144,0.94863
0.3,250,4,vfl_bc,4,R4 count,R,0.0696955,1015.49,0.0787444,-0.0418129,0.0668934,0.0584034,1.34828,1.18218,1.53094,0.0707633,0.0861393,0.925,0.925,1147.33,0.675,,,
0.3,250,4,vfl_bc,5,O1 income ($),O,0.278782,0.194168,0.240135,-0.229551,0.0706822,0.0592178,4.05511,3.62008,4.57604,0.230261,0.250148,0.16,0.16,0.167251,0.77,0.803274,1.16287,0.861372
0.3,250,4,vfl_bc,6,O2 age (yr),O,-0.174239,-194.692,0.167844,0.151572,0.0722727,0.0600736,2.79397,2.53799,3.1251,0.158632,0.177293,0.48,0.485,187.546,0.645,0.870187,1.38056,0.963296
0.3,250,4,vfl_bc,7,O3 binary,O,0.104543,4527.56,0.114287,-0.0948364,0.0639384,0.0569228,2.00776,1.7912,2.28136,0.107056,0.121281,0.84,0.845,4949.56,0.525,0.945422,1.72348,1.09321
0.3,250,4,vfl_bc,8,O4 count,O,0.0348477,508.68,0.0760662,-0.0283948,0.0707448,0.059121,1.28662,1.13551,1.46572,0.0695777,0.082468,0.955,0.955,1110.36,0.56,,,
0.3,250,4,vfl_bc,9,O5 score,O,-0.0696955,-464.964,0.105886,0.0761192,0.0737899,0.0573965,1.84482,1.62006,2.10837,0.0968252,0.115139,0.82,0.82,706.405,0.465,,,
0.3,250,4,vfl_bc,10,O6 assets ($),O,0.209086,0.14562,0.194638,-0.179322,0.0758718,0.0519422,3.74721,3.38972,4.1958,0.184126,0.204909,0.37,0.365,0.135558,0.665,0.832542,1.31756,0.930898
0.3,250,4,vfl_uncorrected,0,intercept,R,0,,0.069935,0.00125248,0.0700992,0.0501941,1.39329,1.22243,1.60275,0.0627932,0.0768224,0.955,0.955,,,,,
0.3,250,4,vfl_uncorrected,1,R1 score,R,0.348477,2326.85,0.297609,-0.287563,0.0768634,0.0569694,5.22401,4.77686,5.7804,0.28722,0.307598,0.04,0.045,1987.19,0.765,0.819225,1.10502,0.854026
0.3,250,4,vfl_uncorrected,2,R2 binary,R,-0.209086,-9050.28,0.199078,0.182311,0.0801682,0.053479,3.72254,3.38193,4.18126,0.187421,0.210793,0.33,0.34,8617.06,0.665,0.856979,1.37959,0.952132
0.3,250,4,vfl_uncorrected,3,R3 income ($),R,0.139391,0.0974833,0.132882,-0.11116,0.0729913,0.0521112,2.54998,2.29047,2.86687,0.124015,0.141686,0.65,0.64,0.0929315,0.6,0.817064,1.42787,0.953307
0.3,250,4,vfl_uncorrected,4,R4 count,R,0.0696955,1015.49,0.0802925,-0.0409552,0.0692353,0.0584034,1.37479,1.20482,1.56003,0.0721614,0.0877938,0.925,0.925,1169.89,0.675,,,
0.3,250,4,vfl_uncorrected,5,O1 income ($),O,0.278782,0.194168,0.238407,-0.226206,0.0754811,0.0592178,4.02594,3.59027,4.5471,0.227885,0.249011,0.185,0.185,0.166047,0.77,0.788564,1.17238,0.855174
0.3,250,4,vfl_uncorrected,6,O2 age (yr),O,-0.174239,-194.692,0.168454,0.149841,0.0771636,0.0600736,2.80412,2.54278,3.14119,0.158686,0.178488,0.485,0.485,188.228,0.65,0.857195,1.40419,0.966798
0.3,250,4,vfl_uncorrected,7,O3 binary,O,0.104543,4527.56,0.116171,-0.0940758,0.0683294,0.0569228,2.04086,1.81747,2.32454,0.108543,0.123543,0.835,0.835,5031.15,0.53,0.942517,1.77882,1.11123
0.3,250,4,vfl_uncorrected,8,O4 count,O,0.0348477,508.68,0.0804941,-0.0280218,0.0756484,0.059121,1.36151,1.20024,1.55344,0.0734174,0.0872667,0.95,0.95,1174.99,0.565,,,
0.3,250,4,vfl_uncorrected,9,O5 score,O,-0.0696955,-464.964,0.10975,0.076558,0.0788347,0.0573965,1.91213,1.67357,2.18763,0.100126,0.119566,0.805,0.805,732.179,0.475,,,
0.3,250,4,vfl_uncorrected,10,O6 assets ($),O,0.209086,0.14562,0.195042,-0.177491,0.0810634,0.0519422,3.75499,3.39067,4.21125,0.183853,0.206002,0.39,0.375,0.135839,0.67,0.824939,1.33369,0.93283
0.3,250,8,vfl_bc,0,intercept,R,0,,0.072625,-0.00209374,0.072777,0.0501941,1.44688,1.27682,1.66795,0.06567,0.0804496,0.955,0.955,,,,,
0.3,250,8,vfl_bc,1,R1 score,R,0.348477,2326.85,0.266492,-0.257032,0.0705489,0.0569694,4.67781,4.2514,5.20304,0.256888,0.276501,0.055,0.055,1779.42,0.915,0.735683,0.977574,0.764732
0.3,250,8,vfl_bc,2,R2 binary,R,-0.209086,-9050.28,0.18445,0.172366,0.065829,0.053479,3.44902,3.14268,3.87613,0.17604,0.192755,0.3,0.3,7983.91,0.71,0.823536,1.24333,0.882172
0.3,250,8,vfl_bc,3,R3 income ($),R,0.139391,0.0974833,0.120481,-0.0976505,0.0707466,0.0521112,2.312,2.10911,2.56999,0.111485,0.129693,0.75,0.735,0.0842586,0.735,0.716305,1.32037,0.864339
0.3,250,8,vfl_bc,4,R4 count,R,0.0696955,1015.49,0.0749592,-0.0237576,0.0712731,0.0584034,1.28347,1.11668,1.47217,0.0673804,0.082175,0.94,0.935,1092.18,0.74,,,
0.3,250,8,vfl_bc,5,O1 income ($),O,0.278782,0.194168,0.227755,-0.216063,0.0722173,0.0592178,3.84605,3.4436,4.36048,0.217951,0.237386,0.165,0.165,0.158628,0.815,0.774179,1.13825,0.816965
0.3,250,8,vfl_bc,6,O2 age (yr),O,-0.174239,-194.692,0.154789,0.141396,0.063141,0.0600736,2.57666,2.31059,2.89714,0.146679,0.163435,0.49,0.49,172.959,0.725,0.834922,1.19866,0.888374
0.3,250,8,vfl_bc,7,O3 binary,O,0.104543,4527.56,0.106161,-0.078064,0.0721261,0.0569228,1.865,1.65777,2.10528,0.0974066,0.114504,0.82,0.82,4597.61,0.665,0.781861,1.64507,1.01547
0.3,250,8,vfl_bc,8,O4 count,O,0.0348477,508.68,0.0763608,-0.0219843,0.0733113,0.059121,1.2916,1.12361,1.50637,0.0685362,0.0843185,0.95,0.945,1114.66,0.565,,,
0.3,250,8,vfl_bc,9,O5 score,O,-0.0696955,-464.964,0.0948136,0.0649016,0.0692921,0.0573965,1.6519,1.46451,1.87787,0.0873156,0.101669,0.855,0.85,632.536,0.5,,,
0.3,250,8,vfl_bc,10,O6 assets ($),O,0.209086,0.14562,0.176503,-0.159928,0.0748615,0.0519422,3.39806,3.04413,3.83417,0.166796,0.185931,0.43,0.415,0.122927,0.75,0.769148,1.26556,0.844161
0.3,250,8,vfl_uncorrected,0,intercept,R,0,,0.0750061,-0.00209466,0.075165,0.0501941,1.49432,1.31914,1.72262,0.0677706,0.0831054,0.95,0.95,,,,,
0.3,250,8,vfl_uncorrected,1,R1 score,R,0.348477,2326.85,0.264606,-0.254416,0.0729091,0.0569694,4.64471,4.21438,5.17324,0.254706,0.274938,0.055,0.055,1766.83,0.91,0.727211,0.976518,0.759321
0.3,250,8,vfl_uncorrected,2,R2 binary,R,-0.209086,-9050.28,0.183977,0.171041,0.0679381,0.053479,3.44018,3.13427,3.86857,0.175322,0.192524,0.3,0.3,7963.44,0.71,0.820067,1.24982,0.879911
0.3,250,8,vfl_uncorrected,3,R3 income ($),R,0.139391,0.0974833,0.12112,-0.0966789,0.0731442,0.0521112,2.32427,2.11779,2.58652,0.111795,0.130635,0.75,0.73,0.0847057,0.735,0.714579,1.32806,0.868925
0.3,250,8,vfl_uncorrected,4,R4 count,R,0.0696955,1015.49,0.0769194,-0.0228,0.073647,0.0584034,1.31704,1.14449,1.51005,0.0690486,0.0843765,0.925,0.925,1120.74,0.735,,,
0.3,250,8,vfl_uncorrected,5,O1 income ($),O,0.278782,0.194168,0.226022,-0.212698,0.0766479,0.0592178,3.81679,3.41231,4.3315,0.215779,0.236301,0.185,0.18,0.157421,0.815,0.75975,1.15328,0.810749
0.3,250,8,vfl_uncorrected,6,O2 age (yr),O,-0.174239,-194.692,0.154296,0.139148,0.0668398,0.0600736,2.56845,2.2973,2.89175,0.145701,0.163428,0.5,0.51,172.408,0.73,0.820416,1.20857,0.885544
0.3,250,8,vfl_uncorrected,7,O3 binary,O,0.104543,4527.56,0.108109,-0.0765299,0.0765503,0.0569228,1.89922,1.68306,2.14663,0.0989433,0.116879,0.815,0.815,4681.97,0.66,0.776948,1.68753,1.0341
0.3,250,8,vfl_uncorrected,8,O4 count,O,0.0348477,508.68,0.0805512,-0.0212702,0.0778871,0.059121,1.36248,1.18382,1.5911,0.0723947,0.089042,0.93,0.925,1175.82,0.565,,,
0.3,250,8,vfl_uncorrected,9,O5 score,O,-0.0696955,-464.964,0.097363,0.0642176,0.073366,0.0573965,1.69632,1.50351,1.92889,0.0896404,0.104507,0.845,0.845,649.544,0.5,,,
0.3,250,8,vfl_uncorrected,10,O6 assets ($),O,0.209086,0.14562,0.175866,-0.157064,0.0793172,0.0519422,3.3858,3.03257,3.82054,0.165515,0.185706,0.45,0.445,0.122483,0.75,0.75292,1.28407,0.841115
0.3,500,,ols,0,intercept,R,0,,0.0367213,-0.000154445,0.0368131,0.0368131,0.997506,0.997499,1.01018,0.0335475,0.0399751,0.96,0.96,,,,,
0.3,500,,ols,1,R1 score,R,0.348477,2326.85,0.0387426,-0.00469527,0.0385535,0.0385535,1.0049,0.997558,1.03253,0.0347798,0.0425416,0.935,0.93,258.691,1,0.0710185,0.185251,0.111177
0.3,500,,ols,2,R2 binary,R,-0.209086,-9050.28,0.0399246,0.00105634,0.0400107,0.0400107,0.997846,0.997499,1.01161,0.0360839,0.0436356,0.94,0.94,1728.13,1,0.118546,0.304268,0.190948
0.3,500,,ols,3,R3 income ($),R,0.139391,0.0974833,0.0423344,0.000669441,0.0424353,0.0424353,0.997622,0.9975,1.01049,0.0382876,0.0464727,0.94,0.94,0.0296066,1,0.217278,0.487995,0.303709
0.3,500,,ols,4,R4 count,R,0.0696955,1015.49,0.04176,0.000605251,0.0418604,0.0418604,0.997602,0.997499,1.01066,0.0376152,0.0457872,0.955,0.95,608.459,0.965,,,
0.3,500,,ols,5,O1 income ($),O,0.278782,0.194168,0.0394218,0.000181642,0.0395203,0.0395203,0.997507,0.9975,1.01117,0.0352946,0.0440668,0.965,0.965,0.0274567,1,0.101427,0.217948,0.141407
0.3,500,,ols,6,O2 age (yr),O,-0.174239,-194.692,0.0431755,0.00514143,0.0429758,0.0429758,1.00465,0.997558,1.03093,0.0387278,0.0476582,0.945,0.94,48.2436,1,0.177706,0.383141,0.247795
0.3,500,,ols,7,O3 binary,O,0.104543,4527.56,0.0392959,-0.000676619,0.0393886,0.0393886,0.997645,0.997498,1.01131,0.0350559,0.04339,0.945,0.945,1701.82,0.995,0.238989,0.611426,0.375881
0.3,500,,ols,8,O4 count,O,0.0348477,508.68,0.0383056,0.00168436,0.0383646,0.0383646,0.998463,0.9975,1.0149,0.0347199,0.0417489,0.95,0.95,559.156,0.82,,,
0.3,500,,ols,9,O5 score,O,-0.0696955,-464.964,0.039207,0.000659956,0.0392998,0.0392998,0.997638,0.9975,1.01178,0.0350184,0.0433922,0.96,0.96,261.564,0.955,,,
0.3,500,,ols,10,O6 assets ($),O,0.209086,0.14562,0.0389019,0.00257628,0.0389139,0.0389139,0.999691,0.997502,1.01933,0.0349406,0.0427355,0.95,0.955,0.0270936,1,0.126983,0.319478,0.186056
0.3,500,,ols_unclipped,0,intercept,R,0,,0.0367365,-0.0016289,0.0367925,0.0368131,0.997919,0.991107,1.01454,0.0334939,0.0401695,,,,,,,
0.3,500,,ols_unclipped,1,R1 score,R,0.348477,2326.85,0.0387372,-0.00308697,0.0387109,0.0385535,1.00476,0.996821,1.02813,0.0347908,0.0425512,,,258.656,1,0.0695621,0.190492,0.111161
0.3,500,,ols_unclipped,2,R2 binary,R,-0.209086,-9050.28,0.0402756,0.00028252,0.0403756,0.0400107,1.00662,0.999618,1.02191,0.0363424,0.044055,,,1743.32,1,0.12414,0.316272,0.192626
0.3,500,,ols_unclipped,3,R3 income ($),R,0.139391,0.0974833,0.0419578,-0.0021426,0.0420082,0.0424353,0.988747,0.967446,1.01687,0.0380686,0.0460276,,,0.0293432,1,0.208978,0.48397,0.301008
0.3,500,,ols_unclipped,4,R4 count,R,0.0696955,1015.49,0.0414963,0.000538855,0.0415969,0.0418604,0.991301,0.977738,1.00913,0.0374333,0.0455154,,,604.616,0.965,,,
0.3,500,,ols_unclipped,5,O1 income ($),O,0.278782,0.194168,0.0392607,-0.000933527,0.0393481,0.0395203,0.993431,0.969013,1.0246,0.0351126,0.0438951,,,0.0273445,1,0.0993053,0.218802,0.140829
0.3,500,,ols_unclipped,6,O2 age (yr),O,-0.174239,-194.692,0.0436697,0.00484793,0.0435087,0.0429758,1.01615,1.0044,1.04286,0.039124,0.0482048,,,48.7959,1,0.177784,0.398056,0.250631
0.3,500,,ols_unclipped,7,O3 binary,O,0.104543,4527.56,0.0394775,-0.000103709,0.0395764,0.0393886,1.00226,0.997157,1.01579,0.0352046,0.0436673,,,1709.69,0.995,0.235602,0.617885,0.377619
0.3,500,,ols_unclipped,8,O4 count,O,0.0348477,508.68,0.0382855,0.00146918,0.0383533,0.0383646,0.997939,0.989947,1.01597,0.0347347,0.0416364,,,558.862,0.815,,,
0.3,500,,ols_unclipped,9,O5 score,O,-0.0696955,-464.964,0.0394683,0.000887438,0.0395573,0.0392998,1.00429,0.997045,1.021,0.0352681,0.0436195,,,263.307,0.955,,,
0.3,500,,ols_unclipped,10,O6 assets ($),O,0.209086,0.14562,0.0387972,0.000677343,0.0388887,0.0389139,0.997003,0.976357,1.02256,0.0348143,0.0426615,,,0.0270207,1,0.122516,0.327187,0.185556
0.3,500,0.5,vfl_bc,0,intercept,R,0,,0.0762018,-9.81876e-05,0.0763929,0.0368131,2.06996,1.80487,2.36707,0.0689908,0.0834761,0.97,0.97,,,,,
0.3,500,0.5,vfl_bc,1,R1 score,R,0.348477,2326.85,0.331645,-0.323524,0.0731258,0.0385535,8.60221,7.81387,9.64146,0.32159,0.342291,0.005,0.005,2214.46,0.635,0.93542,1.18899,0.951698
0.3,500,0.5,vfl_bc,2,R2 binary,R,-0.209086,-9050.28,0.224023,0.209566,0.0793721,0.0400107,5.59907,5.08092,6.23143,0.213184,0.234303,0.255,0.255,9696.8,0.45,1.03593,1.46724,1.07144
0.3,500,0.5,vfl_bc,3,R3 income ($),R,0.139391,0.0974833,0.153187,-0.135184,0.072232,0.0424353,3.60989,3.22644,4.10103,0.143786,0.16271,0.615,0.61,0.107131,0.545,0.951974,1.65454,1.09897
0.3,500,0.5,vfl_bc,4,R4 count,R,0.0696955,1015.49,0.0913804,-0.0564384,0.0720489,0.0418604,2.18298,1.91584,2.49929,0.082663,0.0995065,0.895,0.89,1331.45,0.58,,,
0.3,500,0.5,vfl_bc,5,O1 income ($),O,0.278782,0.194168,0.280354,-0.268876,0.0796003,0.0395203,7.09394,6.33487,8.02279,0.269609,0.291896,0.085,0.085,0.195263,0.58,0.947969,1.34153,1.00564
0.3,500,0.5,vfl_bc,6,O2 age (yr),O,-0.174239,-194.692,0.190832,0.174678,0.0770342,0.0429758,4.44045,3.98945,5.01893,0.180808,0.200705,0.41,0.41,213.233,0.505,0.995283,1.5204,1.09523
0.3,500,0.5,vfl_bc,7,O3 binary,O,0.104543,4527.56,0.126923,-0.100751,0.077386,0.0393886,3.22232,2.81758,3.71299,0.115664,0.13801,0.835,0.84,5496.76,0.57,0.922439,1.9177,1.21407
0.3,500,0.5,vfl_bc,8,O4 count,O,0.0348477,508.68,0.0793767,-0.0336525,0.0720704,0.0383646,2.06901,1.79976,2.40572,0.0710647,0.0872049,0.96,0.955,1158.68,0.5,,,
0.3,500,0.5,vfl_bc,9,O5 score,O,-0.0696955,-464.964,0.0965492,0.0586622,0.0768768,0.0392998,2.45673,2.14602,2.84957,0.0879078,0.104854,0.92,0.92,644.115,0.56,,,
0.3,500,0.5,vfl_bc,10,O6 assets ($),O,0.209086,0.14562,0.213407,-0.199376,0.0762942,0.0389139,5.48409,4.94918,6.17061,0.203582,0.223251,0.315,0.31,0.14863,0.535,0.967156,1.39561,1.02066
0.3,500,0.5,vfl_uncorrected,0,intercept,R,0,,0.0797489,-6.06987e-05,0.079949,0.0368131,2.16632,1.88917,2.47958,0.0721375,0.0873382,0.97,0.97,,,,,
0.3,500,0.5,vfl_uncorrected,1,R1 score,R,0.348477,2326.85,0.33136,-0.322468,0.0764383,0.0385535,8.5948,7.80287,9.63608,0.320895,0.342471,0.005,0.005,2212.55,0.63,0.93213,1.19872,0.950878
0.3,500,0.5,vfl_uncorrected,2,R2 binary,R,-0.209086,-9050.28,0.225252,0.209541,0.0828578,0.0400107,5.62978,5.10551,6.27008,0.214015,0.236007,0.255,0.255,9749.99,0.465,1.039,1.48402,1.07731
0.3,500,0.5,vfl_uncorrected,3,R3 income ($),R,0.139391,0.0974833,0.154653,-0.135108,0.0754432,0.0424353,3.64443,3.25195,4.14697,0.144858,0.164493,0.615,0.61,0.108156,0.545,0.952609,1.68654,1.10949
0.3,500,0.5,vfl_uncorrected,4,R4 count,R,0.0696955,1015.49,0.0935821,-0.0560114,0.075157,0.0418604,2.23557,1.96324,2.56103,0.0846391,0.101839,0.885,0.885,1363.52,0.58,,,
0.3,500,0.5,vfl_uncorrected,5,O1 income ($),O,0.278782,0.194168,0.281815,-0.26819,0.0867836,0.0395203,7.1309,6.35766,8.06819,0.270032,0.294458,0.11,0.11,0.19628,0.58,0.944778,1.36919,1.01088
0.3,500,0.5,vfl_uncorrected,6,O2 age (yr),O,-0.174239,-194.692,0.193524,0.17471,0.0834438,0.0429758,4.50309,4.03735,5.10412,0.182524,0.204223,0.415,0.425,216.241,0.51,0.995112,1.58001,1.11068
0.3,500,0.5,vfl_uncorrected,7,O3 binary,O,0.104543,4527.56,0.130719,-0.100526,0.0837689,0.0393886,3.31871,2.89167,3.83133,0.118548,0.1428,0.825,0.825,5661.19,0.57,0.921465,2.00278,1.25039
0.3,500,0.5,vfl_uncorrected,8,O4 count,O,0.0348477,508.68,0.0846069,-0.0333761,0.0779406,0.0383646,2.20534,1.92006,2.57008,0.0756626,0.0929662,0.945,0.945,1235.03,0.5,,,
0.3,500,0.5,vfl_uncorrected,9,O5 score,O,-0.0696955,-464.964,0.100996,0.0578317,0.0830065,0.0392998,2.56988,2.2393,2.98171,0.0918528,0.109792,0.905,0.905,673.779,0.565,,,
0.3,500,0.5,vfl_uncorrected,10,O6 assets ($),O,0.209086,0.14562,0.214961,-0.198515,0.0826691,0.0389139,5.52402,4.98673,6.22133,0.204241,0.225559,0.33,0.325,0.149712,0.54,0.967004,1.43369,1.0281
0.3,500,1,vfl_bc,0,intercept,R,0,,0.0756916,0.00444728,0.0757505,0.0368131,2.05611,1.8193,2.33462,0.0682227,0.082878,0.95,0.955,,,,,
0.3,500,1,vfl_bc,1,R1 score,R,0.348477,2326.85,0.33053,-0.322426,0.0729272,0.0385535,8.57329,7.7578,9.5892,0.320107,0.339912,0.01,0.01,2207.01,0.64,0.925961,1.20044,0.948499
0.3,500,1,vfl_bc,2,R2 binary,R,-0.209086,-9050.28,0.206329,0.193616,0.0714828,0.0400107,5.15683,4.70589,5.72664,0.196838,0.215586,0.285,0.29,8930.9,0.57,0.954969,1.3732,0.98681
0.3,500,1,vfl_bc,3,R3 income ($),R,0.139391,0.0974833,0.140357,-0.121257,0.0708663,0.0424353,3.30756,2.95281,3.7463,0.130866,0.149575,0.645,0.625,0.0981591,0.59,0.896637,1.51159,1.00693
0.3,500,1,vfl_bc,4,R4 count,R,0.0696955,1015.49,0.0793479,-0.0424318,0.0672177,0.0418604,1.89553,1.63597,2.19069,0.0717673,0.0865997,0.955,0.955,1156.13,0.615,,,
0.3,500,1,vfl_bc,5,O1 income ($),O,0.278782,0.194168,0.259475,-0.249541,0.0712879,0.0395203,6.56563,5.9003,7.35952,0.250469,0.26848,0.1,0.09,0.180721,0.67,0.895172,1.23882,0.930746
0.3,500,1,vfl_bc,6,O2 age (yr),O,-0.174239,-194.692,0.185018,0.169819,0.0736217,0.0429758,4.30515,3.86497,4.87356,0.175252,0.19477,0.425,0.43,206.736,0.495,1.00816,1.47305,1.06186
0.3,500,1,vfl_bc,7,O3 binary,O,0.104543,4527.56,0.126683,-0.102927,0.0740418,0.0393886,3.21624,2.85358,3.67858,0.117762,0.135183,0.735,0.735,5486.4,0.525,0.962767,1.91431,1.21178
0.3,500,1,vfl_bc,8,O4 count,O,0.0348477,508.68,0.0770825,-0.0351139,0.0687924,0.0383646,2.00921,1.77929,2.29706,0.0695046,0.0844862,0.965,0.965,1125.19,0.46,,,
0.3,500,1,vfl_bc,9,O5 score,O,-0.0696955,-464.964,0.0985234,0.0699886,0.069517,0.0392998,2.50697,2.18197,2.89468,0.0898211,0.106702,0.91,0.91,657.285,0.495,,,
0.3,500,1,vfl_bc,10,O6 assets ($),O,0.209086,0.14562,0.193323,-0.180412,0.0696386,0.0389139,4.96797,4.49381,5.60673,0.183992,0.202415,0.335,0.31,0.134642,0.68,0.8606,1.28396,0.924608
0.3,500,1,vfl_uncorrected,0,intercept,R,0,,0.0787889,0.00452281,0.0788564,0.0368131,2.14024,1.89252,2.43314,0.0710284,0.0862588,0.935,0.94,,,,,
0.3,500,1,vfl_uncorrected,1,R1 score,R,0.348477,2326.85,0.330091,-0.321328,0.0757426,0.0385535,8.5619,7.748,9.57689,0.319313,0.339806,0.01,0.015,2204.08,0.635,0.926578,1.20792,0.947238
0.3,500,1,vfl_uncorrected,2,R2 binary,R,-0.209086,-9050.28,0.206694,0.19289,0.0744565,0.0400107,5.16597,4.70899,5.74232,0.196816,0.216281,0.295,0.295,8946.73,0.57,0.951454,1.3927,0.988558
0.3,500,1,vfl_uncorrected,3,R3 income ($),R,0.139391,0.0974833,0.141274,-0.120567,0.0738198,0.0424353,3.32917,2.96538,3.77213,0.131393,0.150793,0.645,0.63,0.0988005,0.59,0.887805,1.52526,1.01351
0.3,500,1,vfl_uncorrected,4,R4 count,R,0.0696955,1015.49,0.0812078,-0.0414559,0.0700044,0.0418604,1.93997,1.67406,2.24273,0.0733724,0.0886585,0.95,0.95,1183.23,0.615,,,
0.3,500,1,vfl_uncorrected,5,O1 income ($),O,0.278782,0.194168,0.259129,-0.247617,0.076572,0.0395203,6.55687,5.88767,7.3574,0.24954,0.268855,0.125,0.12,0.18048,0.67,0.888095,1.25265,0.929505
0.3,500,1,vfl_uncorrected,6,O2 age (yr),O,-0.174239,-194.692,0.186774,0.169251,0.0791836,0.0429758,4.34602,3.89669,4.93097,0.176352,0.197181,0.43,0.435,208.698,0.495,1.01083,1.51442,1.07194
0.3,500,1,vfl_uncorrected,7,O3 binary,O,0.104543,4527.56,0.129927,-0.10274,0.0797334,0.0393886,3.2986,2.92427,3.7778,0.120554,0.138928,0.715,0.715,5626.88,0.525,0.95659,1.98127,1.24281
0.3,500,1,vfl_uncorrected,8,O4 count,O,0.0348477,508.68,0.0817921,-0.0352864,0.0739741,0.0383646,2.13197,1.88572,2.43553,0.0736805,0.089588,0.955,0.955,1193.94,0.46,,,
0.3,500,1,vfl_uncorrected,9,O5 score,O,-0.0696955,-464.964,0.102305,0.0698409,0.074944,0.0392998,2.60319,2.25998,3.00199,0.0929863,0.111173,0.905,0.905,682.512,0.495,,,
0.3,500,1,vfl_uncorrected,10,O6 assets ($),O,0.209086,0.14562,0.193326,-0.178344,0.0748071,0.0389139,4.96804,4.49151,5.61406,0.183364,0.203019,0.36,0.355,0.134644,0.675,0.850541,1.3073,0.924621
0.3,500,2,vfl_bc,0,intercept,R,0,,0.0716546,0.00590904,0.0715897,0.0368131,1.94644,1.72331,2.21355,0.0654994,0.0779386,0.95,0.95,,,,,
0.3,500,2,vfl_bc,1,R1 score,R,0.348477,2326.85,0.290172,-0.281886,0.0690191,0.0385535,7.52647,6.85285,8.40088,0.280339,0.299448,0.02,0.025,1937.53,0.86,0.81022,1.04835,0.832684
0.3,500,2,vfl_bc,2,R2 binary,R,-0.209086,-9050.28,0.19381,0.179576,0.0730849,0.0400107,4.84395,4.35975,5.47123,0.184306,0.203075,0.29,0.295,8389.03,0.68,0.851961,1.29733,0.926936
0.3,500,2,vfl_bc,3,R3 income ($),R,0.139391,0.0974833,0.127835,-0.106411,0.0710192,0.0424353,3.01247,2.68581,3.40783,0.118868,0.136666,0.7,0.69,0.0894016,0.685,0.787997,1.3957,0.917097
0.3,500,2,vfl_bc,4,R4 count,R,0.0696955,1015.49,0.0804635,-0.0309186,0.0744725,0.0418604,1.92219,1.68891,2.21795,0.072929,0.0879659,0.925,0.925,1172.38,0.685,,,
0.3,500,2,vfl_bc,5,O1 income ($),O,0.278782,0.194168,0.243691,-0.232272,0.0739067,0.0395203,6.16622,5.47413,7.00278,0.234073,0.253653,0.13,0.13,0.169727,0.74,0.859808,1.15252,0.874127
0.3,500,2,vfl_bc,6,O2 age (yr),O,-0.174239,-194.692,0.161142,0.145196,0.070066,0.0429758,3.74959,3.31528,4.26887,0.151028,0.170694,0.545,0.555,180.057,0.65,0.796953,1.31808,0.924833
0.3,500,2,vfl_bc,7,O3 binary,O,0.104543,4527.56,0.110208,-0.0879231,0.0666155,0.0393886,2.79798,2.45747,3.2183,0.101774,0.119153,0.815,0.815,4772.9,0.6,0.848321,1.65471,1.05419
0.3,500,2,vfl_bc,8,O4 count,O,0.0348477,508.68,0.076541,-0.0283383,0.0712802,0.0383646,1.99509,1.74787,2.2959,0.0689825,0.0837293,0.97,0.97,1117.29,0.53,,,
0.3,500,2,vfl_bc,9,O5 score,O,-0.0696955,-464.964,0.0960492,0.0620293,0.0735177,0.0392998,2.44401,2.1286,2.8057,0.086815,0.105054,0.875,0.875,640.779,0.55,,,
0.3,500,2,vfl_bc,10,O6 assets ($),O,0.209086,0.14562,0.185265,-0.16944,0.075111,0.0389139,4.76091,4.28574,5.40581,0.175724,0.194897,0.395,0.38,0.12903,0.685,0.832719,1.20929,0.886071
0.3,500,2,vfl_uncorrected,0,intercept,R,0,,0.0743197,0.00625792,0.0742416,0.0368131,2.01884,1.78734,2.29536,0.0679192,0.0808287,0.945,0.945,,,,,
0.3,500,2,vfl_uncorrected,1,R1 score,R,0.348477,2326.85,0.288603,-0.279609,0.0716696,0.0385535,7.48578,6.81238,8.35502,0.27832,0.298277,0.03,0.03,1927.06,0.86,0.80265,1.04923,0.828183
0.3,500,2,vfl_uncorrected,2,R2 binary,R,-0.209086,-9050.28,0.19373,0.178305,0.0759431,0.0400107,4.84195,4.36149,5.47613,0.183847,0.203323,0.31,0.31,8385.58,0.68,0.841612,1.30963,0.926555
0.3,500,2,vfl_uncorrected,3,R3 income ($),R,0.139391,0.0974833,0.128367,-0.105308,0.0735901,0.0424353,3.02501,2.69564,3.42371,0.119171,0.137389,0.7,0.695,0.0897737,0.675,0.779137,1.41183,0.920914
0.3,500,2,vfl_uncorrected,4,R4 count,R,0.0696955,1015.49,0.0826492,-0.0298322,0.0772708,0.0418604,1.9744,1.73481,2.27565,0.0748581,0.0904434,0.915,0.915,1204.23,0.68,,,
0.3,500,2,vfl_uncorrected,5,O1 income ($),O,0.278782,0.194168,0.242548,-0.2293,0.079261,0.0395203,6.1373,5.44401,6.97711,0.232158,0.253141,0.16,0.155,0.168931,0.74,0.854909,1.16544,0.870027
0.3,500,2,vfl_uncorrected,6,O2 age (yr),O,-0.174239,-194.692,0.161429,0.143019,0.0750548,0.0429758,3.75628,3.31138,4.28468,0.15056,0.171582,0.56,0.56,180.378,0.65,0.788425,1.33944,0.926482
0.3,500,2,vfl_uncorrected,7,O3 binary,O,0.104543,4527.56,0.112266,-0.0867201,0.0714763,0.0393886,2.85022,2.50236,3.28553,0.103257,0.121872,0.815,0.815,4862.02,0.595,0.843733,1.69255,1.07387
0.3,500,2,vfl_uncorrected,8,O4 count,O,0.0348477,508.68,0.0813609,-0.0280047,0.0765811,0.0383646,2.12073,1.85688,2.44394,0.0731283,0.089175,0.93,0.93,1187.64,0.53,,,
0.3,500,2,vfl_uncorrected,9,O5 score,O,-0.0696955,-464.964,0.0998339,0.0614795,0.0788553,0.0392998,2.54031,2.20672,2.9218,0.0901518,0.109314,0.86,0.86,666.028,0.55,,,
0.3,500,2,vfl_uncorrected,10,O6 assets ($),O,0.209086,0.14562,0.184948,-0.166705,0.0802947,0.0389139,4.75275,4.26938,5.4064,0.174892,0.195089,0.415,0.4,0.128809,0.685,0.824639,1.23257,0.884551
0.3,500,4,vfl_bc,0,intercept,R,0,,0.0668157,0.00532543,0.0667703,0.0368131,1.815,1.57023,2.10536,0.0597382,0.0747837,0.945,0.95,,,,,
0.3,500,4,vfl_bc,1,R1 score,R,0.348477,2326.85,0.254194,-0.245002,0.0679096,0.0385535,6.59327,5.99456,7.39135,0.245582,0.262824,0.045,0.05,1697.3,0.94,0.698952,0.950662,0.729441
0.3,500,4,vfl_bc,2,R2 binary,R,-0.209086,-9050.28,0.175603,0.164392,0.0618937,0.0400107,4.38891,3.98455,4.90634,0.167227,0.183942,0.365,0.37,7600.97,0.735,0.773484,1.18259,0.83986
0.3,500,4,vfl_bc,3,R3 income ($),R,0.139391,0.0974833,0.11965,-0.0987156,0.0677813,0.0424353,2.81959,2.50784,3.19283,0.111042,0.128026,0.735,0.715,0.0836773,0.735,0.693058,1.31065,0.858376
0.3,500,4,vfl_bc,4,R4 count,R,0.0696955,1015.49,0.0712659,-0.0265204,0.0663135,0.0418604,1.70246,1.48468,1.96758,0.064538,0.0779515,0.935,0.935,1038.37,0.725,,,
0.3,500,4,vfl_bc,5,O1 income ($),O,0.278782,0.194168,0.203368,-0.193192,0.0636843,0.0395203,5.14593,4.58627,5.79731,0.1942,0.212669,0.23,0.23,0.141643,0.925,0.690444,0.956491,0.729489
0.3,500,4,vfl_bc,6,O2 age (yr),O,-0.174239,-194.692,0.158699,0.142405,0.0702203,0.0429758,3.69274,3.32097,4.16667,0.149171,0.168079,0.46,0.47,177.328,0.715,0.827519,1.35774,0.910812
0.3,500,4,vfl_bc,7,O3 binary,O,0.104543,4527.56,0.100322,-0.071805,0.0702372,0.0393886,2.54699,2.2397,2.92373,0.0922218,0.107973,0.845,0.845,4344.75,0.675,0.72983,1.55996,0.959624
0.3,500,4,vfl_bc,8,O4 count,O,0.0348477,508.68,0.0739196,-0.0212205,0.0709859,0.0383646,1.92677,1.69433,2.20619,0.0665695,0.0807494,0.925,0.925,1079.02,0.615,,,
0.3,500,4,vfl_bc,9,O5 score,O,-0.0696955,-464.964,0.0966281,0.069517,0.067283,0.0392998,2.45874,2.14904,2.85328,0.0887281,0.104715,0.835,0.835,644.641,0.5,,,
0.3,500,4,vfl_bc,10,O6 assets ($),O,0.209086,0.14562,0.165851,-0.152117,0.0662495,0.0389139,4.262,3.852,4.80921,0.157636,0.175268,0.44,0.43,0.115509,0.81,0.710002,1.14914,0.793217
0.3,500,4,vfl_uncorrected,0,intercept,R,0,,0.0687502,0.00557695,0.0686956,0.0368131,1.86755,1.61412,2.16624,0.0614505,0.0769708,0.935,0.935,,,,,
0.3,500,4,vfl_uncorrected,1,R1 score,R,0.348477,2326.85,0.251837,-0.241976,0.0699577,0.0385535,6.53215,5.93466,7.3235,0.243016,0.260709,0.06,0.06,1681.57,0.945,0.688371,0.949755,0.722679
0.3,500,4,vfl_uncorrected,2,R2 binary,R,-0.209086,-9050.28,0.174893,0.162863,0.0639039,0.0400107,4.37116,3.9618,4.88924,0.16626,0.183593,0.38,0.38,7570.24,0.74,0.769348,1.19121,0.836465
0.3,500,4,vfl_uncorrected,3,R3 income ($),R,0.139391,0.0974833,0.119997,-0.097641,0.0699286,0.0424353,2.82777,2.51208,3.20369,0.111033,0.128602,0.735,0.705,0.0839202,0.735,0.68971,1.32478,0.860867
0.3,500,4,vfl_uncorrected,4,R4 count,R,0.0696955,1015.49,0.0730139,-0.0258378,0.0684607,0.0418604,1.74422,1.52142,2.01664,0.0660897,0.0797594,0.93,0.93,1063.84,0.725,,,
0.3,500,4,vfl_uncorrected,5,O1 income ($),O,0.278782,0.194168,0.200191,-0.188502,0.0675729,0.0395203,5.06552,4.5067,5.71422,0.190436,0.209993,0.26,0.245,0.13943,0.925,0.674009,0.953827,0.71809
0.3,500,4,vfl_uncorrected,6,O2 age (yr),O,-0.174239,-194.692,0.15837,0.139955,0.0743056,0.0429758,3.6851,3.31068,4.16393,0.148402,0.168229,0.485,0.485,176.96,0.715,0.814121,1.37276,0.908926
0.3,500,4,vfl_uncorrected,7,O3 binary,O,0.104543,4527.56,0.102106,-0.0700562,0.0744686,0.0393886,2.59228,2.27347,2.97783,0.0937607,0.110219,0.84,0.84,4422.02,0.675,0.717695,1.59606,0.97669
0.3,500,4,vfl_uncorrected,8,O4 count,O,0.0348477,508.68,0.0779005,-0.0207549,0.0752732,0.0383646,2.03053,1.78763,2.32397,0.0701415,0.0850884,0.92,0.92,1137.13,0.605,,,
0.3,500,4,vfl_uncorrected,9,O5 score,O,-0.0696955,-464.964,0.0991829,0.0691724,0.0712589,0.0392998,2.52375,2.2042,2.92838,0.0908959,0.107609,0.835,0.83,661.685,0.51,,,
0.3,500,4,vfl_uncorrected,10,O6 assets ($),O,0.209086,0.14562,0.164694,-0.149133,0.0700574,0.0389139,4.23228,3.82024,4.77777,0.156087,0.174547,0.455,0.445,0.114703,0.805,0.698646,1.15534,0.787685
0.3,500,8,vfl_bc,0,intercept,R,0,,0.0595587,0.00250265,0.0596554,0.0368131,1.61787,1.41371,1.85108,0.0535448,0.0649947,0.945,0.945,,,,,
0.3,500,8,vfl_bc,1,R1 score,R,0.348477,2326.85,0.184716,-0.174775,0.0599294,0.0385535,4.79115,4.33791,5.42753,0.176106,0.193814,0.215,0.215,1233.38,0.99,0.500599,0.719178,0.530065
0.3,500,8,vfl_bc,2,R2 binary,R,-0.209086,-9050.28,0.141648,0.126767,0.0633587,0.0400107,3.54024,3.17305,3.99974,0.133638,0.149736,0.525,0.53,6131.21,0.92,0.589271,0.981045,0.67746
0.3,500,8,vfl_bc,3,R3 income ($),R,0.139391,0.0974833,0.0989405,-0.0751906,0.06447,0.0424353,2.33156,2.07113,2.64939,0.0909143,0.106478,0.79,0.77,0.0691942,0.84,0.532278,1.18451,0.709805
0.3,500,8,vfl_bc,4,R4 count,R,0.0696955,1015.49,0.0669596,-0.0129282,0.0658645,0.0418604,1.59959,1.43202,1.80165,0.0610728,0.0727095,0.935,0.935,975.625,0.8,,,
0.3,500,8,vfl_bc,5,O1 income ($),O,0.278782,0.194168,0.156244,-0.142999,0.0631149,0.0395203,3.95352,3.5322,4.44581,0.147454,0.164749,0.465,0.455,0.108822,0.98,0.516504,0.83491,0.560453
0.3,500,8,vfl_bc,6,O2 age (yr),O,-0.174239,-194.692,0.125118,0.105509,0.0674162,0.0429758,2.91135,2.61522,3.29983,0.116891,0.133069,0.62,0.62,139.805,0.85,0.614152,1.08636,0.718082
0.3,500,8,vfl_bc,7,O3 binary,O,0.104543,4527.56,0.0821631,-0.0549995,0.0611928,0.0393886,2.08596,1.84032,2.3942,0.0757723,0.0889223,0.91,0.915,3558.32,0.78,0.5882,1.28998,0.785925
0.3,500,8,vfl_bc,8,O4 count,O,0.0348477,508.68,0.0683824,-0.0104161,0.067754,0.0383646,1.78243,1.56556,2.03813,0.0615596,0.0752251,0.94,0.94,998.193,0.645,,,
0.3,500,8,vfl_bc,9,O5 score,O,-0.0696955,-464.964,0.0769812,0.0461745,0.0617502,0.0392998,1.95882,1.70211,2.29096,0.0702652,0.084057,0.92,0.915,513.57,0.64,,,
0.3,500,8,vfl_bc,10,O6 assets ($),O,0.209086,0.14562,0.122242,-0.102577,0.0666576,0.0389139,3.14134,2.8117,3.56113,0.114149,0.130556,0.665,0.665,0.0851364,0.935,0.503863,0.887647,0.584646
0.3,500,8,vfl_uncorrected,0,intercept,R,0,,0.0610306,0.00261698,0.0611275,0.0368131,1.65785,1.44802,1.89662,0.0549103,0.0666178,0.945,0.945,,,,,
0.3,500,8,vfl_uncorrected,1,R1 score,R,0.348477,2326.85,0.181537,-0.170863,0.0614832,0.0385535,4.70869,4.25856,5.33104,0.17274,0.190848,0.245,0.275,1212.15,0.99,0.489946,0.714781,0.520942
0.3,500,8,vfl_uncorrected,2,R2 binary,R,-0.209086,-9050.28,0.140202,0.124306,0.0650059,0.0400107,3.50412,3.13608,3.95787,0.131963,0.148557,0.535,0.535,6068.64,0.92,0.572992,0.978362,0.670547
0.3,500,8,vfl_uncorrected,3,R3 income ($),R,0.139391,0.0974833,0.0992236,-0.0739226,0.0663535,0.0424353,2.33823,2.07383,2.65844,0.091051,0.106935,0.795,0.78,0.0693922,0.84,0.524774,1.1943,0.711837
0.3,500,8,vfl_uncorrected,4,R4 count,R,0.0696955,1015.49,0.068785,-0.0125877,0.0677931,0.0418604,1.6432,1.47049,1.85036,0.0627649,0.074615,0.935,0.935,1002.22,0.79,,,
0.3,500,8,vfl_uncorrected,5,O1 income ($),O,0.278782,0.194168,0.152066,-0.136846,0.0664769,0.0395203,3.84779,3.43297,4.32934,0.14288,0.161001,0.47,0.47,0.105912,0.98,0.495199,0.828776,0.545464
0.3,500,8,vfl_uncorrected,6,O2 age (yr),O,-0.174239,-194.692,0.12343,0.101275,0.0707358,0.0429758,2.87209,2.57751,3.2573,0.115026,0.131658,0.64,0.65,137.919,0.855,0.594629,1.08589,0.708398
0.3,500,8,vfl_uncorrected,7,O3 binary,O,0.104543,4527.56,0.0829623,-0.0528064,0.0641468,0.0393886,2.10625,1.85563,2.42043,0.0763694,0.0898907,0.895,0.905,3592.93,0.78,0.582848,1.30377,0.793569
0.3,500,8,vfl_uncorrected,8,O4 count,O,0.0348477,508.68,0.0714509,-0.00934206,0.0710153,0.0383646,1.86242,1.63606,2.13055,0.0644438,0.0785641,0.92,0.92,1042.98,0.655,,,
0.3,500,8,vfl_uncorrected,9,O5 score,O,-0.0696955,-464.964,0.0784296,0.0442153,0.0649407,0.0392998,1.99567,1.73339,2.33234,0.0714631,0.0856875,0.915,0.915,523.232,0.65,,,
0.3,500,8,vfl_uncorrected,10,O6 assets ($),O,0.209086,0.14562,0.120234,-0.0978161,0.0700904,0.0389139,3.08973,2.7604,3.51063,0.111756,0.128904,0.685,0.675,0.0837378,0.94,0.487284,0.880691,0.575042
0.3,1000,,ols,0,intercept,R,0,,0.0246105,0.00015337,0.0246718,0.0246718,0.997516,0.997501,1.00992,0.0217848,0.0273507,0.955,0.945,,,,,
0.3,1000,,ols,1,R1 score,R,0.348477,2326.85,0.0276213,0.00486072,0.0272584,0.0272584,1.01331,0.998731,1.04592,0.0250727,0.0302293,0.94,0.94,184.432,1,0.0530292,0.135838,0.0792627
0.3,1000,,ols,2,R2 binary,R,-0.209086,-9050.28,0.0296925,-0.00156464,0.0297256,0.0297256,0.998885,0.997501,1.01733,0.0268806,0.0325556,0.93,0.935,1285.23,1,0.109008,0.237528,0.14201
0.3,1000,,ols,3,R3 income ($),R,0.139391,0.0974833,0.0292479,0.00476236,0.02893,0.02893,1.01099,0.997967,1.04321,0.0265428,0.0318483,0.965,0.965,0.0204545,1,0.134752,0.364896,0.209826
0.3,1000,,ols,4,R4 count,R,0.0696955,1015.49,0.0286496,-0.0015143,0.0286813,0.0286813,0.998893,0.9975,1.01642,0.02595,0.0312836,0.955,0.945,417.435,1,,,
0.3,1000,,ols,5,O1 income ($),O,0.278782,0.194168,0.0278625,-0.0017172,0.0278793,0.0278793,0.999397,0.9975,1.01674,0.0250608,0.0309035,0.96,0.955,0.0194058,1,0.0657699,0.156129,0.0999436
0.3,1000,,ols,6,O2 age (yr),O,-0.174239,-194.692,0.0289787,0.00274812,0.0289205,0.0289205,1.00201,0.997524,1.0246,0.0260687,0.0318234,0.935,0.935,32.3804,1,0.0991431,0.267294,0.166316
0.3,1000,,ols,7,O3 binary,O,0.104543,4527.56,0.0273869,0.00113223,0.0274321,0.0274321,0.99835,0.9975,1.01402,0.0248291,0.0298579,0.955,0.955,1186.07,1,0.1935,0.41054,0.261967
0.3,1000,,ols,8,O4 count,O,0.0348477,508.68,0.0291844,0.00123698,0.0292314,0.0292314,0.998394,0.997501,1.01505,0.0264916,0.0318283,0.95,0.95,426.012,0.885,,,
0.3,1000,,ols,9,O5 score,O,-0.0696955,-464.964,0.0295775,0.00032756,0.0296499,0.0296499,0.997558,0.997499,1.01024,0.0263785,0.0326643,0.93,0.93,197.322,0.98,,,
0.3,1000,,ols,10,O6 assets ($),O,0.209086,0.14562,0.0279265,-6.07639e-05,0.0279965,0.0279965,0.997499,0.9975,1.01008,0.0256293,0.0300758,0.96,0.97,0.0194497,1,0.10406,0.215786,0.133564
0.3,1000,,ols_unclipped,0,intercept,R,0,,0.0246536,-0.00118582,0.0246869,0.0246718,0.999263,0.992723,1.01676,0.0218167,0.0274852,,,,,,,
0.3,1000,,ols_unclipped,1,R1 score,R,0.348477,2326.85,0.0279702,0.0061992,0.0273431,0.0272584,1.02611,1.00342,1.06515,0.0253448,0.0306827,,,186.763,1,0.0531646,0.137134,0.0802641
0.3,1000,,ols_unclipped,2,R2 binary,R,-0.209086,-9050.28,0.0297655,-0.0020619,0.0297685,0.0297256,1.00134,0.994152,1.0228,0.0270417,0.0326072,,,1288.4,1,0.109789,0.241003,0.14236
0.3,1000,,ols_unclipped,3,R3 income ($),R,0.139391,0.0974833,0.0283135,0.00227193,0.0282931,0.02893,0.978693,0.959647,1.00779,0.0255827,0.0309432,,,0.0198011,1,0.128493,0.339039,0.203123
0.3,1000,,ols_unclipped,4,R4 count,R,0.0696955,1015.49,0.0281407,-0.00186087,0.0281495,0.0286813,0.98115,0.967374,1.00477,0.0254847,0.0308033,,,410.02,1,,,
0.3,1000,,ols_unclipped,5,O1 income ($),O,0.278782,0.194168,0.0276411,-0.00254516,0.0275927,0.0278793,0.991456,0.970597,1.01988,0.0247756,0.0306319,,,0.0192516,1,0.0676664,0.156516,0.0991495
0.3,1000,,ols_unclipped,6,O2 age (yr),O,-0.174239,-194.692,0.0290037,0.0022965,0.0289852,0.0289205,1.00288,0.994046,1.02435,0.0261002,0.0318545,,,32.4083,1,0.101422,0.271152,0.166459
0.3,1000,,ols_unclipped,7,O3 binary,O,0.104543,4527.56,0.0275474,0.00160772,0.0275695,0.0274321,1.0042,0.997298,1.0225,0.0249703,0.0300333,,,1193.02,1,0.187818,0.421995,0.263503
0.3,1000,,ols_unclipped,8,O4 count,O,0.0348477,508.68,0.0291848,0.001072,0.0292383,0.0292314,0.998408,0.991327,1.01568,0.026448,0.031855,,,426.018,0.88,,,
0.3,1000,,ols_unclipped,9,O5 score,O,-0.0696955,-464.964,0.0295028,0.000334987,0.0295749,0.0296499,0.99504,0.989967,1.00905,0.0263579,0.0325695,,,196.824,0.98,,,
0.3,1000,,ols_unclipped,10,O6 assets ($),O,0.209086,0.14562,0.0274354,-0.00181899,0.0274438,0.0279965,0.979958,0.961969,1.00634,0.0252447,0.0294757,,,0.0191077,1,0.0985772,0.209677,0.131216
0.3,1000,0.5,vfl_bc,0,intercept,R,0,,0.0766976,0.00219142,0.0768587,0.0246718,3.10871,2.69693,3.5962,0.0694891,0.0839549,0.945,0.95,,,,,
0.3,1000,0.5,vfl_bc,1,R1 score,R,0.348477,2326.85,0.311664,-0.30392,0.0692199,0.0272584,11.4337,10.4998,12.6531,0.301281,0.320988,0.015,0.015,2081.04,0.765,0.861581,1.13012,0.89436
0.3,1000,0.5,vfl_bc,2,R2 binary,R,-0.209086,-9050.28,0.210394,0.198398,0.0702024,0.0297256,7.07787,6.35254,7.94667,0.200307,0.220909,0.24,0.245,9106.87,0.6,0.91998,1.4117,1.00625
0.3,1000,0.5,vfl_bc,3,R3 income ($),R,0.139391,0.0974833,0.141645,-0.124497,0.0677252,0.02893,4.89612,4.42101,5.47934,0.133517,0.14956,0.645,0.635,0.0990593,0.59,0.86841,1.5316,1.01617
0.3,1000,0.5,vfl_bc,4,R4 count,R,0.0696955,1015.49,0.0904142,-0.0534521,0.0731048,0.0286813,3.15237,2.74612,3.65194,0.0816368,0.0992545,0.89,0.89,1317.37,0.6,,,
0.3,1000,0.5,vfl_bc,5,O1 income ($),O,0.278782,0.194168,0.266986,-0.257733,0.0698534,0.0278793,9.5765,8.64774,10.7045,0.257372,0.276488,0.11,0.11,0.185952,0.62,0.918535,1.26443,0.957687
0.3,1000,0.5,vfl_bc,6,O2 age (yr),O,-0.174239,-194.692,0.18004,0.16599,0.0699007,0.0289205,6.22535,5.58574,7.05267,0.169987,0.190087,0.48,0.485,201.174,0.61,0.887005,1.53443,1.0333
0.3,1000,0.5,vfl_bc,7,O3 binary,O,0.104543,4527.56,0.122079,-0.0956991,0.0759862,0.0274321,4.45024,3.99157,5.02583,0.113265,0.130671,0.785,0.79,5287.01,0.515,0.988805,1.83782,1.16774
0.3,1000,0.5,vfl_bc,8,O4 count,O,0.0348477,508.68,0.078056,-0.029169,0.0725827,0.0292314,2.67028,2.33348,3.03419,0.0709392,0.0849335,0.95,0.95,1139.4,0.52,,,
0.3,1000,0.5,vfl_bc,9,O5 score,O,-0.0696955,-464.964,0.0945307,0.0624421,0.0711502,0.0296499,3.18823,2.76408,3.71348,0.0862522,0.102489,0.88,0.88,630.649,0.545,,,
0.3,1000,0.5,vfl_bc,10,O6 assets ($),O,0.209086,0.14562,0.202951,-0.18925,0.0734892,0.0279965,7.24916,6.64079,7.99147,0.193394,0.212475,0.34,0.33,0.141348,0.65,0.902005,1.31141,0.970658
0.3,1000,0.5,vfl_uncorrected,0,intercept,R,0,,0.0797827,0.00222692,0.0799517,0.0246718,3.23376,2.80442,3.74298,0.0722813,0.0873649,0.935,0.93,,,,,
0.3,1000,0.5,vfl_uncorrected,1,R1 score,R,0.348477,2326.85,0.310858,-0.302418,0.0721252,0.0272584,11.4041,10.4659,12.6223,0.299976,0.320549,0.015,0.015,2075.66,0.765,0.856593,1.13518,0.892047
0.3,1000,0.5,vfl_uncorrected,2,R2 binary,R,-0.209086,-9050.28,0.211059,0.198049,0.073139,0.0297256,7.10024,6.36336,7.985,0.200574,0.2221,0.245,0.245,9135.65,0.605,0.91829,1.42529,1.00943
0.3,1000,0.5,vfl_uncorrected,3,R3 income ($),R,0.139391,0.0974833,0.142482,-0.123907,0.0705207,0.02893,4.92508,4.44525,5.51396,0.133902,0.150826,0.655,0.63,0.0996451,0.585,0.864036,1.54306,1.02218
0.3,1000,0.5,vfl_uncorrected,4,R4 count,R,0.0696955,1015.49,0.092436,-0.0529192,0.0759792,0.0286813,3.22287,2.80851,3.73581,0.0834421,0.101562,0.885,0.885,1346.83,0.595,,,
0.3,1000,0.5,vfl_uncorrected,5,O1 income ($),O,0.278782,0.194168,0.267092,-0.256344,0.075193,0.0278793,9.58029,8.64896,10.7324,0.256725,0.277288,0.115,0.115,0.186026,0.62,0.910566,1.2844,0.958067
0.3,1000,0.5,vfl_uncorrected,6,O2 age (yr),O,-0.174239,-194.692,0.181441,0.165215,0.0751865,0.0289205,6.27378,5.61348,7.11318,0.170639,0.192249,0.5,0.505,202.739,0.61,0.874365,1.5824,1.04134
0.3,1000,0.5,vfl_uncorrected,7,O3 binary,O,0.104543,4527.56,0.125261,-0.0951914,0.0816219,0.0274321,4.56621,4.09087,5.16617,0.115986,0.134276,0.77,0.77,5424.78,0.515,0.983721,1.91012,1.19817
0.3,1000,0.5,vfl_uncorrected,8,O4 count,O,0.0348477,508.68,0.0828839,-0.0287297,0.0779405,0.0292314,2.83545,2.47895,3.22134,0.0751536,0.0901467,0.95,0.95,1209.88,0.52,,,
0.3,1000,0.5,vfl_uncorrected,9,O5 score,O,-0.0696955,-464.964,0.0982571,0.061802,0.0765786,0.0296499,3.31391,2.86942,3.87465,0.0895909,0.106691,0.86,0.86,655.509,0.54,,,
0.3,1000,0.5,vfl_uncorrected,10,O6 assets ($),O,0.209086,0.14562,0.203755,-0.187898,0.0790038,0.0279965,7.27786,6.65399,8.03471,0.193593,0.213882,0.345,0.345,0.141907,0.645,0.889504,1.33508,0.974501
0.3,1000,1,vfl_bc,0,intercept,R,0,,0.0636782,-0.00461842,0.0636699,0.0246718,2.58101,2.21655,3.03594,0.0567197,0.0708043,0.97,0.97,,,,,
0.3,1000,1,vfl_bc,1,R1 score,R,0.348477,2326.85,0.299261,-0.290614,0.0715985,0.0272584,10.9787,10.0792,12.097,0.289216,0.309021,0.015,0.015,1998.22,0.775,0.824022,1.10166,0.858768
0.3,1000,1,vfl_bc,2,R2 binary,R,-0.209086,-9050.28,0.198481,0.18657,0.0678923,0.0297256,6.67711,6.04488,7.49305,0.189568,0.206484,0.245,0.245,8591.23,0.605,0.92281,1.29428,0.949278
0.3,1000,1,vfl_bc,3,R3 income ($),R,0.139391,0.0974833,0.129496,-0.110288,0.068037,0.02893,4.4762,4.04661,4.99332,0.120747,0.138068,0.685,0.675,0.0905634,0.66,0.78374,1.43019,0.929015
0.3,1000,1,vfl_bc,4,R4 count,R,0.0696955,1015.49,0.0860573,-0.0485709,0.0712186,0.0286813,3.00047,2.60604,3.47236,0.0775621,0.0949925,0.93,0.93,1253.89,0.61,,,
0.3,1000,1,vfl_bc,5,O1 income ($),O,0.278782,0.194168,0.234644,-0.223408,0.0719214,0.0278793,8.41644,7.47837,9.47793,0.224785,0.24442,0.155,0.155,0.163427,0.77,0.804643,1.11789,0.841676
0.3,1000,1,vfl_bc,6,O2 age (yr),O,-0.174239,-194.692,0.177013,0.164251,0.0661582,0.0289205,6.12066,5.55314,6.83885,0.168308,0.185819,0.415,0.42,197.791,0.555,0.95239,1.41788,1.01592
0.3,1000,1,vfl_bc,7,O3 binary,O,0.104543,4527.56,0.120488,-0.100536,0.0665737,0.0274321,4.39222,3.90675,4.96918,0.111432,0.12931,0.78,0.785,5218.08,0.545,0.947836,1.79786,1.15252
0.3,1000,1,vfl_bc,8,O4 count,O,0.0348477,508.68,0.0752945,-0.0232993,0.0717786,0.0292314,2.57581,2.29394,2.9256,0.0691354,0.0817468,0.965,0.965,1099.09,0.54,,,
0.3,1000,1,vfl_bc,9,O5 score,O,-0.0696955,-464.964,0.0921196,0.0604594,0.0696776,0.0296499,3.10691,2.6835,3.60476,0.0833314,0.101282,0.875,0.87,614.563,0.575,,,
0.3,1000,1,vfl_bc,10,O6 assets ($),O,0.209086,0.14562,0.177,-0.160564,0.0746736,0.0279965,6.32222,5.75314,6.98609,0.166553,0.187673,0.475,0.455,0.123274,0.745,0.747831,1.24451,0.846541
0.3,1000,1,vfl_uncorrected,0,intercept,R,0,,0.065886,-0.00468584,0.0658841,0.0246718,2.6705,2.29595,3.13998,0.0586593,0.0732525,0.97,0.97,,,,,
0.3,1000,1,vfl_uncorrected,1,R1 score,R,0.348477,2326.85,0.298111,-0.288793,0.0741338,0.0272584,10.9365,10.0321,12.0554,0.287692,0.308204,0.025,0.025,1990.54,0.775,0.819514,1.10317,0.855466
0.3,1000,1,vfl_uncorrected,2,R2 binary,R,-0.209086,-9050.28,0.198555,0.185709,0.0704368,0.0297256,6.67961,6.04383,7.50669,0.189268,0.206852,0.265,0.28,8594.44,0.61,0.919766,1.30386,0.949633
0.3,1000,1,vfl_uncorrected,3,R3 income ($),R,0.139391,0.0974833,0.13013,-0.109488,0.0705056,0.02893,4.4981,4.06039,5.02062,0.121153,0.138952,0.685,0.68,0.0910065,0.66,0.774643,1.44941,0.93356
0.3,1000,1,vfl_uncorrected,4,R4 count,R,0.0696955,1015.49,0.0879733,-0.0481263,0.073827,0.0286813,3.06727,2.66341,3.54372,0.0791044,0.0972534,0.92,0.92,1281.8,0.605,,,
0.3,1000,1,vfl_uncorrected,5,O1 income ($),O,0.278782,0.194168,0.232817,-0.219853,0.0767986,0.0278793,8.3509,7.40898,9.40768,0.222211,0.243146,0.2,0.2,0.162154,0.76,0.793401,1.12764,0.835123
0.3,1000,1,vfl_uncorrected,6,O2 age (yr),O,-0.174239,-194.692,0.177698,0.163191,0.0704984,0.0289205,6.14437,5.57409,6.86715,0.168655,0.187077,0.425,0.425,198.557,0.555,0.946139,1.44741,1.01985
0.3,1000,1,vfl_uncorrected,7,O3 binary,O,0.104543,4527.56,0.122673,-0.100157,0.0710105,0.0274321,4.47189,3.97141,5.07003,0.113083,0.132003,0.76,0.76,5312.74,0.54,0.943638,1.8455,1.17342
0.3,1000,1,vfl_uncorrected,8,O4 count,O,0.0348477,508.68,0.0797817,-0.0226735,0.076684,0.0292314,2.72932,2.42889,3.09827,0.0731674,0.0866883,0.955,0.955,1164.59,0.545,,,
0.3,1000,1,vfl_uncorrected,9,O5 score,O,-0.0696955,-464.964,0.0954062,0.059565,0.0747145,0.0296499,3.21776,2.77671,3.73256,0.0860175,0.105133,0.87,0.87,636.489,0.57,,,
0.3,1000,1,vfl_uncorrected,10,O6 assets ($),O,0.209086,0.14562,0.176337,-0.157378,0.0797422,0.0279965,6.29854,5.72363,6.96739,0.165147,0.187548,0.5,0.475,0.122812,0.74,0.730533,1.2564,0.84337
0.3,1000,2,vfl_bc,0,intercept,R,0,,0.0611498,0.00339118,0.0612089,0.0246718,2.47853,2.14981,2.88788,0.0554617,0.0668735,0.975,0.975,,,,,
0.3,1000,2,vfl_bc,1,R1 score,R,0.348477,2326.85,0.239195,-0.230644,0.0635443,0.0272584,8.77509,8.04404,9.69624,0.230129,0.24794,0.04,0.045,1597.15,0.965,0.66497,0.906594,0.6864
0.3,1000,2,vfl_bc,2,R2 binary,R,-0.209086,-9050.28,0.177051,0.162488,0.070495,0.0297256,5.95618,5.37518,6.61434,0.167935,0.186377,0.365,0.365,7663.63,0.72,0.778542,1.18384,0.846784
0.3,1000,2,vfl_bc,3,R3 income ($),R,0.139391,0.0974833,0.110349,-0.0936443,0.0585209,0.02893,3.81434,3.45344,4.28708,0.103459,0.117499,0.775,0.77,0.0771725,0.785,0.645076,1.24341,0.791649
0.3,1000,2,vfl_bc,4,R4 count,R,0.0696955,1015.49,0.0714122,-0.0229777,0.0677842,0.0286813,2.48985,2.18073,2.87162,0.0642818,0.0787842,0.945,0.945,1040.5,0.755,,,
0.3,1000,2,vfl_bc,5,O1 income ($),O,0.278782,0.194168,0.198027,-0.18466,0.0716994,0.0278793,7.103,6.32991,8.02005,0.188387,0.207424,0.3,0.29,0.137923,0.905,0.66739,0.979484,0.710328
0.3,1000,2,vfl_bc,6,O2 age (yr),O,-0.174239,-194.692,0.160415,0.144867,0.069068,0.0289205,5.54677,4.91393,6.31756,0.151492,0.168875,0.455,0.455,179.246,0.635,0.83485,1.28241,0.920664
0.3,1000,2,vfl_bc,7,O3 binary,O,0.104543,4527.56,0.0983627,-0.068465,0.0708013,0.0274321,3.58568,3.17916,4.0534,0.0898917,0.106165,0.81,0.81,4259.89,0.675,0.63891,1.57621,0.94088
0.3,1000,2,vfl_bc,8,O4 count,O,0.0348477,508.68,0.0721042,-0.0245513,0.0679657,0.0292314,2.46667,2.14955,2.85307,0.0652442,0.0791977,0.97,0.97,1052.52,0.57,,,
0.3,1000,2,vfl_bc,9,O5 score,O,-0.0696955,-464.964,0.0974381,0.071494,0.0663688,0.0296499,3.28629,2.89014,3.81525,0.088547,0.106538,0.84,0.835,650.045,0.51,,,
0.3,1000,2,vfl_bc,10,O6 assets ($),O,0.209086,0.14562,0.154309,-0.138478,0.0682529,0.0279965,5.51172,5.05163,6.09818,0.146233,0.162751,0.51,0.48,0.10747,0.86,0.678538,1.06457,0.738015
0.3,1000,2,vfl_uncorrected,0,intercept,R,0,,0.0630573,0.00355842,0.0631148,0.0246718,2.55584,2.21606,2.97769,0.0572139,0.0689075,0.975,0.975,,,,,
0.3,1000,2,vfl_uncorrected,1,R1 score,R,0.348477,2326.85,0.236474,-0.227248,0.0655741,0.0272584,8.67527,7.94978,9.60001,0.227136,0.245502,0.05,0.05,1578.98,0.965,0.655689,0.904334,0.678593
0.3,1000,2,vfl_uncorrected,2,R2 binary,R,-0.209086,-9050.28,0.176456,0.160824,0.0727914,0.0297256,5.93615,5.3556,6.5997,0.167093,0.186062,0.38,0.38,7637.85,0.72,0.76668,1.18573,0.843936
0.3,1000,2,vfl_uncorrected,3,R3 income ($),R,0.139391,0.0974833,0.110429,-0.0925296,0.0604246,0.02893,3.81712,3.44915,4.29436,0.103245,0.117769,0.77,0.77,0.0772288,0.78,0.635087,1.25108,0.792226
0.3,1000,2,vfl_uncorrected,4,R4 count,R,0.0696955,1015.49,0.0734085,-0.0222376,0.0701348,0.0286813,2.55945,2.23887,2.95322,0.0660251,0.0809049,0.945,0.935,1069.59,0.755,,,
0.3,1000,2,vfl_uncorrected,5,O1 income ($),O,0.278782,0.194168,0.194855,-0.179487,0.0760377,0.0278793,6.98923,6.22048,7.89717,0.184782,0.204759,0.33,0.33,0.135714,0.905,0.652887,0.98301,0.69895
0.3,1000,2,vfl_uncorrected,6,O2 age (yr),O,-0.174239,-194.692,0.160152,0.142488,0.0732978,0.0289205,5.53765,4.89545,6.31185,0.150757,0.169004,0.465,0.475,178.951,0.635,0.825935,1.29626,0.91915
0.3,1000,2,vfl_uncorrected,7,O3 binary,O,0.104543,4527.56,0.100078,-0.0665328,0.0749474,0.0274321,3.64821,3.23209,4.12251,0.0912527,0.108211,0.805,0.81,4334.18,0.67,0.664792,1.62033,0.95729
0.3,1000,2,vfl_uncorrected,8,O4 count,O,0.0348477,508.68,0.0757323,-0.0243127,0.0719036,0.0292314,2.59079,2.25988,2.99725,0.0684501,0.0832123,0.95,0.95,1105.48,0.57,,,
0.3,1000,2,vfl_uncorrected,9,O5 score,O,-0.0696955,-464.964,0.099779,0.0709968,0.0702852,0.0296499,3.36524,2.9502,3.9145,0.0905593,0.109515,0.815,0.815,665.662,0.51,,,
0.3,1000,2,vfl_uncorrected,10,O6 assets ($),O,0.209086,0.14562,0.15271,-0.134677,0.0721706,0.0279965,5.4546,4.98801,6.03709,0.144276,0.161543,0.52,0.515,0.106356,0.86,0.663543,1.08001,0.730368
0.3,1000,4,vfl_bc,0,intercept,R,0,,0.0556211,0.00395248,0.0556197,0.0246718,2.25444,1.97059,2.62325,0.049896,0.0614154,0.955,0.96,,,,,
0.3,1000,4,vfl_bc,1,R1 score,R,0.348477,2326.85,0.164657,-0.153617,0.0594269,0.0272584,6.0406,5.50085,6.73307,0.1568,0.172331,0.26,0.28,1099.45,1,0.439548,0.651884,0.472505
0.3,1000,4,vfl_bc,2,R2 binary,R,-0.209086,-9050.28,0.134939,0.122331,0.0570962,0.0297256,4.53949,4.08078,5.08704,0.127484,0.142351,0.51,0.51,5840.83,0.945,0.586312,0.903471,0.645375
0.3,1000,4,vfl_bc,3,R3 income ($),R,0.139391,0.0974833,0.0835264,-0.0537521,0.064093,0.02893,2.88719,2.56485,3.29226,0.0755922,0.091217,0.875,0.87,0.0584143,0.895,0.411111,1.00738,0.599224
0.3,1000,4,vfl_bc,4,R4 count,R,0.0696955,1015.49,0.0613131,-0.0152917,0.0595246,0.0286813,2.13774,1.86833,2.44366,0.0555649,0.0671341,0.94,0.94,893.354,0.825,,,
0.3,1000,4,vfl_bc,5,O1 income ($),O,0.278782,0.194168,0.138346,-0.124328,0.060834,0.0278793,4.96233,4.3796,5.61473,0.13062,0.14674,0.57,0.565,0.0963564,0.995,0.439648,0.721323,0.496253
0.3,1000,4,vfl_bc,6,O2 age (yr),O,-0.174239,-194.692,0.114844,0.098884,0.0585519,0.0289205,3.97104,3.53755,4.50726,0.107296,0.122647,0.68,0.69,128.325,0.915,0.595665,0.977033,0.659121
0.3,1000,4,vfl_bc,7,O3 binary,O,0.104543,4527.56,0.0805529,-0.0504813,0.0629303,0.0274321,2.93645,2.60373,3.33674,0.0730984,0.0880584,0.905,0.905,3488.58,0.85,0.524192,1.20154,0.770523
0.3,1000,4,vfl_bc,8,O4 count,O,0.0348477,508.68,0.0673156,-0.0250347,0.062644,0.0292314,2.30285,2.02013,2.63202,0.0607566,0.0740858,0.94,0.94,982.62,0.565,,,
0.3,1000,4,vfl_bc,9,O5 score,O,-0.0696955,-464.964,0.0830592,0.0521455,0.0648127,0.0296499,2.80133,2.48113,3.20075,0.0757274,0.0901923,0.87,0.87,554.118,0.605,,,
0.3,1000,4,vfl_bc,10,O6 assets ($),O,0.209086,0.14562,0.117937,-0.100346,0.0621223,0.0279965,4.21255,3.81257,4.71451,0.109833,0.12585,0.665,0.66,0.0821383,0.955,0.465146,0.860091,0.564058
0.3,1000,4,vfl_uncorrected,0,intercept,R,0,,0.0569711,0.00407366,0.0569679,0.0246718,2.30916,2.01947,2.68505,0.0511444,0.0628905,0.955,0.955,,,,,
0.3,1000,4,vfl_uncorrected,1,R1 score,R,0.348477,2326.85,0.16115,-0.149277,0.0608618,0.0272584,5.91193,5.37545,6.59847,0.153126,0.168911,0.305,0.32,1076.03,1,0.427097,0.642994,0.46244
0.3,1000,4,vfl_uncorrected,2,R2 binary,R,-0.209086,-9050.28,0.13318,0.119651,0.0586321,0.0297256,4.4803,4.02886,5.02453,0.125571,0.140716,0.515,0.525,5764.66,0.945,0.573919,0.902527,0.63696
0.3,1000,4,vfl_uncorrected,3,R3 income ($),R,0.139391,0.0974833,0.0837933,-0.0519942,0.0658757,0.02893,2.89642,2.56966,3.29551,0.0756381,0.091655,0.875,0.875,0.0586009,0.895,0.400357,1.01014,0.601138
0.3,1000,4,vfl_uncorrected,4,R4 count,R,0.0696955,1015.49,0.0628736,-0.0153152,0.0611328,0.0286813,2.19215,1.91626,2.50592,0.0569454,0.0689291,0.94,0.94,916.091,0.8,,,
0.3,1000,4,vfl_uncorrected,5,O1 income ($),O,0.278782,0.194168,0.133807,-0.117695,0.0638165,0.0278793,4.79952,4.23023,5.44159,0.125669,0.142417,0.605,0.6,0.0931948,0.995,0.415773,0.711736,0.47997
0.3,1000,4,vfl_uncorrected,6,O2 age (yr),O,-0.174239,-194.692,0.112542,0.0944322,0.0613764,0.0289205,3.89142,3.4581,4.4316,0.104787,0.120536,0.715,0.715,125.753,0.915,0.576942,0.973848,0.645906
0.3,1000,4,vfl_uncorrected,7,O3 binary,O,0.104543,4527.56,0.0814013,-0.0480827,0.0658476,0.0274321,2.96737,2.62722,3.37639,0.0736235,0.0892266,0.905,0.905,3525.32,0.86,0.542658,1.22207,0.778637
0.3,1000,4,vfl_uncorrected,8,O4 count,O,0.0348477,508.68,0.0701395,-0.0247267,0.0658011,0.0292314,2.39946,2.10444,2.74634,0.0633227,0.0771841,0.93,0.93,1023.84,0.565,,,
0.3,1000,4,vfl_uncorrected,9,O5 score,O,-0.0696955,-464.964,0.0845615,0.0506025,0.0679198,0.0296499,2.852,2.52364,3.26133,0.0769617,0.09188,0.865,0.86,564.14,0.605,,,
0.3,1000,4,vfl_uncorrected,10,O6 assets ($),O,0.209086,0.14562,0.11581,-0.0959462,0.0650191,0.0279965,4.13659,3.72937,4.63569,0.107274,0.124046,0.695,0.675,0.0806572,0.955,0.445181,0.853224,0.553887
0.3,1000,8,vfl_bc,0,intercept,R,0,,0.0509242,-0.00259526,0.0509856,0.0246718,2.06406,1.83084,2.35806,0.0459687,0.0554853,0.95,0.955,,,,,
0.3,1000,8,vfl_bc,1,R1 score,R,0.348477,2326.85,0.0804786,-0.0599085,0.0538729,0.0272584,2.95243,2.65176,3.33446,0.0740711,0.0868209,0.805,0.815,537.371,1,0.168689,0.379424,0.230943
0.3,1000,8,vfl_bc,2,R2 binary,R,-0.209086,-9050.28,0.0747181,0.0480836,0.057334,0.0297256,2.51359,2.20624,2.8711,0.0681483,0.0810505,0.885,0.885,3234.16,0.995,0.287881,0.557001,0.357355
0.3,1000,8,vfl_bc,3,R3 income ($),R,0.139391,0.0974833,0.06207,-0.0209877,0.0585606,0.02893,2.14553,1.89106,2.47134,0.05588,0.0683882,0.935,0.945,0.0434087,0.975,0.312596,0.720134,0.445294
0.3,1000,8,vfl_bc,4,R4 count,R,0.0696955,1015.49,0.06441,-0.00088886,0.0645654,0.0286813,2.24571,1.98441,2.56231,0.0584863,0.0706874,0.94,0.94,938.476,0.86,,,
0.3,1000,8,vfl_bc,5,O1 income ($),O,0.278782,0.194168,0.0856602,-0.0575143,0.0636398,0.0278793,3.07254,2.71174,3.52368,0.0791115,0.0922669,0.875,0.875,0.0596611,1,0.222529,0.495678,0.307266
0.3,1000,8,vfl_bc,6,O2 age (yr),O,-0.174239,-194.692,0.0812973,0.0478999,0.0658524,0.0289205,2.81106,2.48706,3.21472,0.0745125,0.0877419,0.85,0.85,90.8404,0.985,0.359924,0.75518,0.466586
0.3,1000,8,vfl_bc,7,O3 binary,O,0.104543,4527.56,0.0636866,-0.0204857,0.0604532,0.0274321,2.32161,2.04387,2.63253,0.058135,0.0692296,0.94,0.94,2758.14,0.94,0.43859,0.960908,0.609189
0.3,1000,8,vfl_bc,8,O4 count,O,0.0348477,508.68,0.0667731,-0.0128966,0.0656802,0.0292314,2.2843,2.01879,2.58768,0.0601219,0.0733053,0.93,0.93,974.702,0.655,,,
0.3,1000,8,vfl_bc,9,O5 score,O,-0.0696955,-464.964,0.0653646,0.0241693,0.0608844,0.0296499,2.20455,1.91852,2.55969,0.0593577,0.0713448,0.955,0.955,436.071,0.78,,,
0.3,1000,8,vfl_bc,10,O6 assets ($),O,0.209086,0.14562,0.0706648,-0.0401894,0.0582692,0.0279965,2.52405,2.25355,2.84404,0.0641839,0.0770272,0.92,0.91,0.0492152,1,0.22555,0.559761,0.337969
0.3,1000,8,vfl_uncorrected,0,intercept,R,0,,0.0518068,-0.00262211,0.0518702,0.0246718,2.09984,1.86086,2.40255,0.0467365,0.0563899,0.945,0.95,,,,,
0.3,1000,8,vfl_uncorrected,1,R1 score,R,0.348477,2326.85,0.0778758,-0.0553824,0.0548862,0.0272584,2.85694,2.5624,3.22821,0.0714999,0.0841588,0.815,0.82,519.992,1,0.160977,0.371368,0.223474
0.3,1000,8,vfl_uncorrected,2,R2 binary,R,-0.209086,-9050.28,0.0734778,0.0445401,0.058586,0.0297256,2.47187,2.17156,2.82117,0.0668474,0.0798945,0.885,0.885,3180.48,0.995,0.273474,0.546113,0.351423
0.3,1000,8,vfl_uncorrected,3,R3 income ($),R,0.139391,0.0974833,0.0626544,-0.0190829,0.0598274,0.02893,2.16573,1.90884,2.49314,0.0563677,0.0688936,0.935,0.935,0.0438174,0.975,0.318187,0.725777,0.449487
0.3,1000,8,vfl_uncorrected,4,R4 count,R,0.0696955,1015.49,0.0660178,-0.00163148,0.0661633,0.0286813,2.30177,2.03512,2.63023,0.0598865,0.0724001,0.925,0.925,961.903,0.835,,,
0.3,1000,8,vfl_uncorrected,5,O1 income ($),O,0.278782,0.194168,0.0830477,-0.0502772,0.0662652,0.0278793,2.97883,2.62413,3.41976,0.0766623,0.0896589,0.89,0.88,0.0578416,1,0.223117,0.480483,0.297895
0.3,1000,8,vfl_uncorrected,6,O2 age (yr),O,-0.174239,-194.692,0.0802718,0.0422441,0.0684282,0.0289205,2.7756,2.45368,3.16534,0.0734959,0.0866752,0.86,0.86,89.6945,0.985,0.362845,0.746497,0.4607
0.3,1000,8,vfl_uncorrected,7,O3 binary,O,0.104543,4527.56,0.0649023,-0.0176062,0.0626254,0.0274321,2.36593,2.08373,2.68189,0.0593789,0.0705305,0.935,0.935,2810.79,0.94,0.435456,0.976554,0.620818
0.3,1000,8,vfl_uncorrected,8,O4 count,O,0.0348477,508.68,0.0690969,-0.0123736,0.0681506,0.0292314,2.36379,2.08803,2.67761,0.0621306,0.0758955,0.925,0.925,1008.62,0.65,,,
0.3,1000,8,vfl_uncorrected,9,O5 score,O,-0.0696955,-464.964,0.0666858,0.0215228,0.0632755,0.0296499,2.24911,1.951,2.61475,0.0603577,0.0729574,0.95,0.95,444.885,0.78,,,
0.3,1000,8,vfl_uncorrected,10,O6 assets ($),O,0.209086,0.14562,0.0696675,-0.0351443,0.0603043,0.0279965,2.48843,2.21929,2.80908,0.062941,0.076314,0.915,0.92,0.0485206,1,0.224215,0.553379,0.333199
0.3,2500,,ols,0,intercept,R,0,,0.016265,0.00111672,0.0162673,0.0162673,0.999856,0.997509,1.01921,0.014779,0.0178239,0.96,0.96,,,,,
0.3,2500,,ols,1,R1 score,R,0.348477,2326.85,0.0160828,0.00149498,0.0160534,0.0160534,1.00183,0.997515,1.02335,0.0142053,0.0179051,0.95,0.945,107.388,1,0.0293016,0.0727206,0.0461517
0.3,2500,,ols,2,R2 binary,R,-0.209086,-9050.28,0.0166003,0.000194857,0.0166408,0.0166408,0.997566,0.9975,1.01125,0.0149214,0.0183139,0.96,0.96,718.54,1,0.0536276,0.124577,0.0793942
0.3,2500,,ols,3,R3 income ($),R,0.139391,0.0974833,0.0189179,0.0023393,0.0188198,0.0188198,1.00521,0.997561,1.0325,0.017129,0.0206044,0.945,0.935,0.0132302,1,0.0931378,0.219628,0.135718
0.3,2500,,ols,4,R4 count,R,0.0696955,1015.49,0.0192942,0.00175674,0.0192622,0.0192622,1.00166,0.99751,1.02271,0.016905,0.0216438,0.945,0.94,281.123,1,,,
0.3,2500,,ols,5,O1 income ($),O,0.278782,0.194168,0.0193145,0.00050948,0.0193562,0.0193562,0.997844,0.997501,1.01301,0.0175016,0.0209831,0.92,0.925,0.0134523,1,0.0461561,0.114665,0.0692818
0.3,2500,,ols,6,O2 age (yr),O,-0.174239,-194.692,0.0160018,0.000468425,0.0160351,0.0160351,0.997925,0.997499,1.01216,0.0145939,0.0173997,0.98,0.975,17.8802,1,0.0630757,0.155302,0.0918385
0.3,2500,,ols,7,O3 binary,O,0.104543,4527.56,0.0179842,0.00126708,0.0179845,0.0179845,0.999982,0.997506,1.01892,0.0160634,0.0200519,0.945,0.94,778.859,1,0.103101,0.279183,0.172026
0.3,2500,,ols,8,O4 count,O,0.0348477,508.68,0.0160369,-0.000993785,0.0160463,0.0160463,0.999418,0.997502,1.0182,0.0145414,0.0175711,0.97,0.97,234.095,0.98,,,
0.3,2500,,ols,9,O5 score,O,-0.0696955,-464.964,0.0179221,7.49323e-05,0.0179669,0.0179669,0.997506,0.9975,1.00885,0.0163115,0.0195011,0.96,0.955,119.565,1,,,
0.3,2500,,ols,10,O6 assets ($),O,0.209086,0.14562,0.0189956,0.000890953,0.0190223,0.0190223,0.998596,0.997501,1.01496,0.0172313,0.0208793,0.95,0.94,0.0132296,1,0.06335,0.150197,0.0908502
0.3,2500,,ols_unclipped,0,intercept,R,0,,0.0163411,-0.000251967,0.0163802,0.0162673,1.00453,0.998689,1.0186,0.014886,0.0179617,,,,,,,
0.3,2500,,ols_unclipped,1,R1 score,R,0.348477,2326.85,0.0164177,0.00304427,0.0161735,0.0160534,1.0227,1.00495,1.05695,0.0144945,0.0183222,,,109.624,1,0.0303846,0.0729788,0.0471127
0.3,2500,,ols_unclipped,2,R2 binary,R,-0.209086,-9050.28,0.0166707,-0.000505167,0.0167048,0.0166408,1.0018,0.994497,1.01963,0.014982,0.0183214,,,721.587,1,0.0536084,0.125782,0.0797309
0.3,2500,,ols_unclipped,3,R3 income ($),R,0.139391,0.0974833,0.0183388,0.000186691,0.0183839,0.0188198,0.974443,0.954909,0.99951,0.0165265,0.0200021,,,0.0128253,1,0.079824,0.212741,0.131564
0.3,2500,,ols_unclipped,4,R4 count,R,0.0696955,1015.49,0.0190758,0.00142876,0.0190699,0.0192622,0.990319,0.976158,1.01243,0.0166075,0.0214487,,,277.941,1,,,
0.3,2500,,ols_unclipped,5,O1 income ($),O,0.278782,0.194168,0.019443,-0.000491804,0.0194856,0.0193562,1.00448,0.976059,1.03643,0.0174863,0.0211955,,,0.0135418,1,0.0426147,0.118354,0.0697428
0.3,2500,,ols_unclipped,6,O2 age (yr),O,-0.174239,-194.692,0.0159366,0.000129341,0.0159761,0.0160351,0.993856,0.985454,1.01075,0.0145626,0.0172771,,,17.8073,1,0.0641125,0.149029,0.0914642
0.3,2500,,ols_unclipped,7,O3 binary,O,0.104543,4527.56,0.0180741,0.00173325,0.018036,0.0179845,1.00498,0.995714,1.02815,0.016117,0.0201914,,,782.753,1,0.104675,0.276256,0.172886
0.3,2500,,ols_unclipped,8,O4 count,O,0.0348477,508.68,0.0159552,-0.00143986,0.01593,0.0160463,0.994326,0.979779,1.02318,0.0144739,0.0174956,,,232.902,0.98,,,
0.3,2500,,ols_unclipped,9,O5 score,O,-0.0696955,-464.964,0.0178961,0.000186045,0.01794,0.0179669,0.996059,0.990555,1.00949,0.0163111,0.0195091,,,119.391,1,,,
0.3,2500,,ols_unclipped,10,O6 assets ($),O,0.209086,0.14562,0.0189333,-0.000953906,0.0189567,0.0190223,0.995325,0.974381,1.0232,0.0171172,0.0208169,,,0.0131863,1,0.066165,0.143619,0.0905527
0.3,2500,0.5,vfl_bc,0,intercept,R,0,,0.0623247,0.000156493,0.0624809,0.0162673,3.83128,3.33615,4.3719,0.0556219,0.0687981,0.96,0.96,,,,,
0.3,2500,0.5,vfl_bc,1,R1 score,R,0.348477,2326.85,0.269274,-0.261558,0.0641614,0.0160534,16.7737,14.9907,19.0888,0.261162,0.27796,0.01,0.015,1798,0.89,0.742312,1.00613,0.772717
0.3,2500,0.5,vfl_bc,2,R2 binary,R,-0.209086,-9050.28,0.18554,0.172915,0.0674395,0.0166408,11.1497,10.067,12.5628,0.1768,0.194545,0.3,0.305,8031.07,0.695,0.836812,1.2545,0.887383
0.3,2500,0.5,vfl_bc,3,R3 income ($),R,0.139391,0.0974833,0.115034,-0.0917821,0.0695207,0.0188198,6.11242,5.46295,6.94567,0.106598,0.123498,0.78,0.765,0.0804494,0.76,0.68581,1.29216,0.825264
0.3,2500,0.5,vfl_bc,4,R4 count,R,0.0696955,1015.49,0.0794945,-0.0369035,0.0705863,0.0192622,4.12696,3.60098,4.83277,0.0721427,0.0862645,0.915,0.915,1158.26,0.69,,,
0.3,2500,0.5,vfl_bc,5,O1 income ($),O,0.278782,0.194168,0.22809,-0.216968,0.0705316,0.0193562,11.7838,10.7266,13.2496,0.218328,0.237662,0.155,0.155,0.158862,0.795,0.791137,1.09319,0.818166
0.3,2500,0.5,vfl_bc,6,O2 age (yr),O,-0.174239,-194.692,0.167939,0.152855,0.0697363,0.0160351,10.4732,9.5174,11.6878,0.158518,0.176791,0.445,0.445,187.653,0.635,0.886977,1.35093,0.963846
0.3,2500,0.5,vfl_bc,7,O3 binary,O,0.104543,4527.56,0.110016,-0.0865773,0.0680515,0.0179845,6.11725,5.37365,6.99234,0.10163,0.118744,0.795,0.795,4764.56,0.58,0.815925,1.74033,1.05235
0.3,2500,0.5,vfl_bc,8,O4 count,O,0.0348477,508.68,0.0798976,-0.0313838,0.0736601,0.0160463,4.9792,4.30135,5.73703,0.07195,0.0875915,0.94,0.94,1166.28,0.525,,,
0.3,2500,0.5,vfl_bc,9,O5 score,O,-0.0696955,-464.964,0.0976241,0.06359,0.0742587,0.0179669,5.43355,4.80484,6.17191,0.0891315,0.105854,0.87,0.87,651.286,0.545,,,
0.3,2500,0.5,vfl_bc,10,O6 assets ($),O,0.209086,0.14562,0.173247,-0.158499,0.0701214,0.0190223,9.10757,8.17374,10.1779,0.163553,0.182794,0.445,0.435,0.120659,0.745,0.737308,1.18294,0.828588
0.3,2500,0.5,vfl_uncorrected,0,intercept,R,0,,0.0644125,0.000243229,0.0645737,0.0162673,3.95963,3.4494,4.5152,0.0574931,0.0711386,0.96,0.96,,,,,
0.3,2500,0.5,vfl_uncorrected,1,R1 score,R,0.348477,2326.85,0.267117,-0.258777,0.0663927,0.0160534,16.6393,14.8734,18.9615,0.258665,0.276096,0.025,0.025,1783.59,0.89,0.734166,1.00751,0.766527
0.3,2500,0.5,vfl_uncorrected,2,R2 binary,R,-0.209086,-9050.28,0.185108,0.171531,0.0697593,0.0166408,11.1238,10.0391,12.5438,0.176107,0.194412,0.33,0.33,8012.37,0.705,0.832101,1.27172,0.885317
0.3,2500,0.5,vfl_uncorrected,3,R3 income ($),R,0.139391,0.0974833,0.11541,-0.0903711,0.0719605,0.0188198,6.13235,5.47671,6.97246,0.106723,0.124185,0.77,0.76,0.0807118,0.755,0.679027,1.29914,0.827955
0.3,2500,0.5,vfl_uncorrected,4,R4 count,R,0.0696955,1015.49,0.0814798,-0.0361678,0.0731959,0.0192622,4.23003,3.68866,4.95046,0.0738905,0.0884937,0.915,0.91,1187.19,0.685,,,
0.3,2500,0.5,vfl_uncorrected,5,O1 income ($),O,0.278782,0.194168,0.226066,-0.213289,0.0751105,0.0193562,11.6792,10.6208,13.1583,0.215741,0.236108,0.185,0.185,0.157452,0.79,0.777001,1.10316,0.810904
0.3,2500,0.5,vfl_uncorrected,6,O2 age (yr),O,-0.174239,-194.692,0.168232,0.151075,0.074201,0.0160351,10.4915,9.50508,11.7255,0.158321,0.177632,0.45,0.455,187.979,0.64,0.877281,1.36281,0.965524
0.3,2500,0.5,vfl_uncorrected,7,O3 binary,O,0.104543,4527.56,0.111974,-0.085573,0.0723987,0.0179845,6.22611,5.46368,7.12681,0.103219,0.121191,0.79,0.79,4849.35,0.58,0.815405,1.80536,1.07107
0.3,2500,0.5,vfl_uncorrected,8,O4 count,O,0.0348477,508.68,0.0842682,-0.031278,0.0784448,0.0160463,5.25158,4.54199,6.04419,0.0757924,0.0922896,0.94,0.94,1230.08,0.525,,,
0.3,2500,0.5,vfl_uncorrected,9,O5 score,O,-0.0696955,-464.964,0.100991,0.0629034,0.0792071,0.0179669,5.62096,4.96963,6.39893,0.0921053,0.109544,0.865,0.865,673.749,0.545,,,
0.3,2500,0.5,vfl_uncorrected,10,O6 assets ($),O,0.209086,0.14562,0.172423,-0.155424,0.0748397,0.0190223,9.06426,8.1114,10.1424,0.162121,0.182474,0.475,0.465,0.120085,0.74,0.720881,1.19792,0.824648
0.3,2500,1,vfl_bc,0,intercept,R,0,,0.0658241,-0.000445189,0.0659878,0.0162673,4.0464,3.47704,4.7016,0.0581383,0.0738653,0.945,0.945,,,,,
0.3,2500,1,vfl_bc,1,R1 score,R,0.348477,2326.85,0.205875,-0.196118,0.0627857,0.0160534,12.8244,11.4678,14.6535,0.197679,0.214214,0.115,0.12,1374.67,1,0.553741,0.791283,0.590785
0.3,2500,1,vfl_bc,2,R2 binary,R,-0.209086,-9050.28,0.161612,0.149851,0.0606746,0.0166408,9.7118,8.67878,10.9965,0.153768,0.16965,0.365,0.365,6995.35,0.83,0.724014,1.07524,0.772943
0.3,2500,1,vfl_bc,3,R3 income ($),R,0.139391,0.0974833,0.105133,-0.0834046,0.0641653,0.0188198,5.5863,4.92305,6.3544,0.0962679,0.113839,0.79,0.77,0.0735248,0.815,0.599171,1.17247,0.75423
0.3,2500,1,vfl_bc,4,R4 count,R,0.0696955,1015.49,0.0609254,-0.0183339,0.0582472,0.0192622,3.16295,2.69221,3.74654,0.0544982,0.0673053,0.955,0.955,887.705,0.84,,,
0.3,2500,1,vfl_bc,5,O1 income ($),O,0.278782,0.194168,0.174667,-0.162487,0.0642429,0.0193562,9.0238,8.25311,10.1044,0.166862,0.182956,0.33,0.325,0.121653,0.975,0.588576,0.860871,0.626535
0.3,2500,1,vfl_bc,6,O2 age (yr),O,-0.174239,-194.692,0.149786,0.132133,0.0707219,0.0160351,9.34111,8.42933,10.4933,0.140551,0.158885,0.53,0.535,167.368,0.725,0.738349,1.30107,0.859658
0.3,2500,1,vfl_bc,7,O3 binary,O,0.104543,4527.56,0.0916123,-0.0640781,0.0656381,0.0179845,5.09395,4.4755,5.84469,0.0842015,0.0989265,0.835,0.835,3967.54,0.745,0.692825,1.39254,0.87631
0.3,2500,1,vfl_bc,8,O4 count,O,0.0348477,508.68,0.0667633,-0.0202393,0.0637813,0.0160463,4.16068,3.61362,4.79975,0.0602316,0.0734118,0.96,0.96,974.559,0.57,,,
0.3,2500,1,vfl_bc,9,O5 score,O,-0.0696955,-464.964,0.0838545,0.0535516,0.0646894,0.0179669,4.66716,4.07323,5.39817,0.0750778,0.0923853,0.89,0.89,559.423,0.595,,,
0.3,2500,1,vfl_bc,10,O6 assets ($),O,0.209086,0.14562,0.135202,-0.119863,0.0627068,0.0190223,7.10755,6.37039,8.02109,0.126773,0.14327,0.57,0.54,0.0941626,0.92,0.575401,0.945806,0.646631
0.3,2500,1,vfl_uncorrected,0,intercept,R,0,,0.0677686,-0.000521479,0.0679366,0.0162673,4.16593,3.58252,4.83916,0.0598117,0.0760594,0.945,0.945,,,,,
0.3,2500,1,vfl_uncorrected,1,R1 score,R,0.348477,2326.85,0.202842,-0.192342,0.064577,0.0160534,12.6355,11.2823,14.4497,0.194377,0.211371,0.14,0.15,1354.42,1,0.543151,0.787187,0.582081
0.3,2500,1,vfl_uncorrected,2,R2 binary,R,-0.209086,-9050.28,0.160425,0.147801,0.0625344,0.0166408,9.64049,8.6023,10.922,0.152316,0.168741,0.37,0.375,6943.99,0.835,0.713174,1.07442,0.767267
0.3,2500,1,vfl_uncorrected,3,R3 income ($),R,0.139391,0.0974833,0.105306,-0.0821893,0.066,0.0188198,5.59548,4.92266,6.36826,0.0962111,0.11422,0.79,0.77,0.0736457,0.815,0.590336,1.18171,0.75547
0.3,2500,1,vfl_uncorrected,4,R4 count,R,0.0696955,1015.49,0.0624023,-0.0179709,0.0599086,0.0192622,3.23962,2.75545,3.83631,0.0558486,0.0689368,0.95,0.95,909.224,0.835,,,
0.3,2500,1,vfl_uncorrected,5,O1 income ($),O,0.278782,0.194168,0.170726,-0.156817,0.0676667,0.0193562,8.82022,8.04951,9.8947,0.16249,0.17946,0.35,0.345,0.118909,0.975,0.570289,0.855455,0.612401
0.3,2500,1,vfl_uncorrected,6,O2 age (yr),O,-0.174239,-194.692,0.149005,0.12912,0.0745527,0.0160351,9.2924,8.36807,10.4535,0.139373,0.158498,0.555,0.56,166.496,0.725,0.719657,1.3185,0.855176
0.3,2500,1,vfl_uncorrected,7,O3 binary,O,0.104543,4527.56,0.0929434,-0.062128,0.0693007,0.0179845,5.16797,4.53066,5.93807,0.0851974,0.100572,0.83,0.83,4025.19,0.745,0.687985,1.39167,0.889042
0.3,2500,1,vfl_uncorrected,8,O4 count,O,0.0348477,508.68,0.0698969,-0.0197683,0.0672114,0.0160463,4.35596,3.78607,5.03233,0.0631106,0.0768936,0.95,0.95,1020.3,0.585,,,
0.3,2500,1,vfl_uncorrected,9,O5 score,O,-0.0696955,-464.964,0.0857278,0.0521423,0.068218,0.0179669,4.77142,4.15924,5.52687,0.0766429,0.0946371,0.875,0.875,571.921,0.59,,,
0.3,2500,1,vfl_uncorrected,10,O6 assets ($),O,0.209086,0.14562,0.133108,-0.115677,0.0660192,0.0190223,6.9975,6.24798,7.9237,0.124318,0.1416,0.605,0.585,0.0927046,0.92,0.557443,0.944297,0.636619
0.3,2500,2,vfl_bc,0,intercept,R,0,,0.0506371,-0.0049513,0.0505209,0.0162673,3.11281,2.7061,3.55357,0.0459964,0.0549278,0.97,0.965,,,,,
0.3,2500,2,vfl_bc,1,R1 score,R,0.348477,2326.85,0.122336,-0.109221,0.055245,0.0160534,7.62058,6.74411,8.77423,0.115037,0.129933,0.505,0.51,816.86,1,0.311269,0.539599,0.351058
0.3,2500,2,vfl_bc,2,R2 binary,R,-0.209086,-9050.28,0.102851,0.0864278,0.0558943,0.0166408,6.18066,5.49875,7.08222,0.0956443,0.110203,0.695,0.71,4451.89,0.975,0.410443,0.759443,0.491906
0.3,2500,2,vfl_bc,3,R3 income ($),R,0.139391,0.0974833,0.0715573,-0.0420414,0.0580501,0.0188198,3.80224,3.3897,4.36714,0.0644723,0.0786741,0.905,0.905,0.0500437,0.96,0.35045,0.811975,0.513356
0.3,2500,2,vfl_bc,4,R4 count,R,0.0696955,1015.49,0.0575305,-0.00640561,0.0573162,0.0192622,2.9867,2.56228,3.51877,0.0511656,0.0637738,0.955,0.955,838.24,0.875,,,
0.3,2500,2,vfl_bc,5,O1 income ($),O,0.278782,0.194168,0.109472,-0.0896196,0.063026,0.0193562,5.65564,5.08457,6.38258,0.101813,0.116891,0.705,0.705,0.0762457,1,0.31458,0.593141,0.392679
0.3,2500,2,vfl_bc,6,O2 age (yr),O,-0.174239,-194.692,0.102598,0.0809496,0.0631934,0.0160351,6.39831,5.65384,7.26075,0.0940916,0.111049,0.785,0.785,114.641,0.93,0.456637,0.920786,0.588834
0.3,2500,2,vfl_bc,7,O3 binary,O,0.104543,4527.56,0.0677628,-0.0366544,0.0571364,0.0179845,3.76784,3.3178,4.31681,0.0619359,0.0734751,0.93,0.93,2934.67,0.905,0.468191,0.979391,0.648179
0.3,2500,2,vfl_bc,8,O4 count,O,0.0348477,508.68,0.0626082,-0.0150342,0.0609289,0.0160463,3.90173,3.4514,4.4013,0.0566035,0.068199,0.965,0.965,913.906,0.655,,,
0.3,2500,2,vfl_bc,9,O5 score,O,-0.0696955,-464.964,0.0694888,0.0361878,0.0594712,0.0179669,3.8676,3.39313,4.4239,0.0628138,0.0760962,0.915,0.915,463.585,0.705,,,
0.3,2500,2,vfl_bc,10,O6 assets ($),O,0.209086,0.14562,0.0944965,-0.0733976,0.0596672,0.0190223,4.96768,4.41641,5.59847,0.0875206,0.101474,0.785,0.775,0.065813,0.99,0.356503,0.747378,0.451949
0.3,2500,2,vfl_uncorrected,0,intercept,R,0,,0.0516796,-0.00500824,0.0515654,0.0162673,3.17689,2.76188,3.62703,0.0468824,0.0560895,0.96,0.965,,,,,
0.3,2500,2,vfl_uncorrected,1,R1 score,R,0.348477,2326.85,0.118945,-0.104778,0.0564403,0.0160534,7.40936,6.54133,8.54248,0.111532,0.126657,0.54,0.55,794.22,1,0.298584,0.533478,0.341328
0.3,2500,2,vfl_uncorrected,2,R2 binary,R,-0.209086,-9050.28,0.100966,0.0833011,0.0571969,0.0166408,6.06741,5.38877,6.9666,0.0936344,0.108462,0.715,0.72,4370.31,0.975,0.395725,0.755537,0.482893
0.3,2500,2,vfl_uncorrected,3,R3 income ($),R,0.139391,0.0974833,0.0716649,-0.0403682,0.0593624,0.0188198,3.80796,3.39212,4.37104,0.0644406,0.078881,0.915,0.905,0.050119,0.96,0.346675,0.81051,0.514129
0.3,2500,2,vfl_uncorrected,4,R4 count,R,0.0696955,1015.49,0.0589739,-0.00672689,0.058736,0.0192622,3.06163,2.62288,3.60747,0.0524177,0.0654298,0.955,0.955,859.271,0.865,,,
0.3,2500,2,vfl_uncorrected,5,O1 income ($),O,0.278782,0.194168,0.105524,-0.0826875,0.0657247,0.0193562,5.45169,4.88035,6.16746,0.0975764,0.113005,0.73,0.73,0.0734962,1,0.288403,0.57968,0.378519
0.3,2500,2,vfl_uncorrected,6,O2 age (yr),O,-0.174239,-194.692,0.100498,0.0760353,0.0658808,0.0160351,6.2674,5.52783,7.13225,0.0919349,0.109204,0.805,0.81,112.295,0.93,0.426949,0.911478,0.576786
0.3,2500,2,vfl_uncorrected,7,O3 binary,O,0.104543,4527.56,0.0684718,-0.0339672,0.0596019,0.0179845,3.80726,3.3461,4.36978,0.0624164,0.0743574,0.93,0.93,2965.37,0.905,0.473199,1.02837,0.654961
0.3,2500,2,vfl_uncorrected,8,O4 count,O,0.0348477,508.68,0.0650008,-0.0145095,0.0635197,0.0160463,4.05084,3.58408,4.56828,0.0587326,0.0707542,0.95,0.95,948.832,0.655,,,
0.3,2500,2,vfl_uncorrected,9,O5 score,O,-0.0696955,-464.964,0.0707729,0.0340203,0.0622156,0.0179669,3.93907,3.45495,4.50882,0.0638882,0.0774856,0.915,0.915,472.152,0.705,,,
0.3,2500,2,vfl_uncorrected,10,O6 assets ($),O,0.209086,0.14562,0.0925906,-0.0686743,0.0622595,0.0190223,4.86749,4.31187,5.49301,0.0854807,0.0997575,0.805,0.79,0.0644856,0.99,0.340252,0.737362,0.442834
0.3,2500,4,vfl_bc,0,intercept,R,0,,0.0445487,0.000344553,0.0446591,0.0162673,2.73853,2.40716,3.09456,0.0407288,0.0488003,0.96,0.955,,,,,
0.3,2500,4,vfl_bc,1,R1 score,R,0.348477,2326.85,0.0442201,0.00296385,0.0442314,0.0160534,2.75457,2.40233,3.19371,0.0398579,0.0487201,0.965,0.96,295.266,1,0.0920509,0.206041,0.126895
0.3,2500,4,vfl_bc,2,R2 binary,R,-0.209086,-9050.28,0.0481236,0.000557143,0.0482411,0.0166408,2.89191,2.54092,3.32848,0.0439827,0.0524815,0.965,0.965,2083.02,1,0.151984,0.389078,0.230161
0.3,2500,4,vfl_bc,3,R3 income ($),R,0.139391,0.0974833,0.0534449,0.00195666,0.053543,0.0188198,2.83982,2.51528,3.2226,0.0484834,0.0582266,0.96,0.955,0.0373767,0.985,0.253573,0.608529,0.383417
0.3,2500,4,vfl_bc,4,R4 count,R,0.0696955,1015.49,0.0530651,0.00541585,0.0529205,0.0192622,2.75488,2.42721,3.18441,0.0477013,0.0582116,0.96,0.96,773.178,0.915,,,
0.3,2500,4,vfl_bc,5,O1 income ($),O,0.278782,0.194168,0.060586,-0.0100252,0.0599007,0.0193562,3.13005,2.84445,3.46339,0.0553599,0.0657437,0.97,0.97,0.0421973,1,0.147929,0.361087,0.217324
0.3,2500,4,vfl_bc,6,O2 age (yr),O,-0.174239,-194.692,0.055,0.00796006,0.0545575,0.0160351,3.42997,3.0352,3.87694,0.049685,0.0600541,0.96,0.96,61.4561,1,0.226173,0.521028,0.315659
0.3,2500,4,vfl_bc,7,O3 binary,O,0.104543,4527.56,0.055514,0.000229487,0.0556528,0.0179845,3.08677,2.70678,3.52114,0.0503353,0.0607063,0.94,0.945,2404.2,0.96,0.351776,0.930469,0.531014
0.3,2500,4,vfl_bc,8,O4 count,O,0.0348477,508.68,0.0557926,-0.00338222,0.0558297,0.0160463,3.47698,3.09971,3.90269,0.050836,0.0609575,0.975,0.975,814.417,0.695,,,
0.3,2500,4,vfl_bc,9,O5 score,O,-0.0696955,-464.964,0.0534875,0.00763338,0.0530729,0.0179669,2.977,2.60815,3.39514,0.0487252,0.0583946,0.98,0.975,356.835,0.895,,,
0.3,2500,4,vfl_bc,10,O6 assets ($),O,0.209086,0.14562,0.0550598,-0.00868853,0.0545063,0.0190223,2.89449,2.54016,3.28377,0.0490984,0.0609074,0.935,0.935,0.0383469,1,0.162487,0.436326,0.263335
0.3,2500,4,vfl_uncorrected,0,intercept,R,0,,0.0451749,0.000382793,0.0452866,0.0162673,2.77703,2.43898,3.13858,0.0412565,0.0494755,0.96,0.955,,,,,
0.3,2500,4,vfl_uncorrected,1,R1 score,R,0.348477,2326.85,0.0453707,0.00723243,0.0449029,0.0160534,2.82624,2.46578,3.27105,0.0409852,0.0497295,0.96,0.955,302.949,1,0.0925421,0.201921,0.130197
0.3,2500,4,vfl_uncorrected,2,R2 binary,R,-0.209086,-9050.28,0.0491179,-0.00306376,0.0491453,0.0166408,2.95166,2.58933,3.40287,0.0448784,0.053547,0.965,0.96,2126.06,1,0.159483,0.394672,0.234917
0.3,2500,4,vfl_uncorrected,3,R3 income ($),R,0.139391,0.0974833,0.0545605,0.00388094,0.0545589,0.0188198,2.8991,2.5699,3.28906,0.0496279,0.059424,0.96,0.955,0.038157,0.985,0.266549,0.629153,0.391421
0.3,2500,4,vfl_uncorrected,4,R4 count,R,0.0696955,1015.49,0.0541439,0.00426414,0.0541111,0.0192622,2.81088,2.47372,3.25563,0.0486609,0.059445,0.955,0.955,788.896,0.905,,,
0.3,2500,4,vfl_uncorrected,5,O1 income ($),O,0.278782,0.194168,0.0617959,-0.00306917,0.0618745,0.0193562,3.19256,2.89345,3.53519,0.056097,0.0671672,0.975,0.965,0.04304,1,0.149788,0.371815,0.221664
0.3,2500,4,vfl_uncorrected,6,O2 age (yr),O,-0.174239,-194.692,0.0563269,0.00216586,0.0564265,0.0160351,3.51272,3.11659,3.96039,0.0511475,0.0613149,0.97,0.975,62.9388,1,0.230879,0.524119,0.323274
0.3,2500,4,vfl_uncorrected,7,O3 binary,O,0.104543,4527.56,0.0572101,0.00309001,0.05727,0.0179845,3.18108,2.79018,3.62711,0.0518298,0.0625495,0.94,0.945,2477.65,0.96,0.362515,0.93659,0.547239
0.3,2500,4,vfl_uncorrected,8,O4 count,O,0.0348477,508.68,0.0575259,-0.00256495,0.057613,0.0160463,3.585,3.19727,4.02528,0.0523738,0.0629365,0.95,0.955,839.719,0.695,,,
0.3,2500,4,vfl_uncorrected,9,O5 score,O,-0.0696955,-464.964,0.0550671,0.00478926,0.0549961,0.0179669,3.06492,2.68361,3.49189,0.0501266,0.0601225,0.98,0.98,367.372,0.895,,,
0.3,2500,4,vfl_uncorrected,10,O6 assets ($),O,0.209086,0.14562,0.0561988,-0.00402599,0.0561951,0.0190223,2.95437,2.59532,3.34483,0.0502734,0.0620914,0.935,0.935,0.0391402,1,0.159931,0.437807,0.268783
0.3,2500,8,vfl_bc,0,intercept,R,0,,0.0281796,0.000190334,0.0282497,0.0162673,1.73228,1.55391,1.93039,0.0253429,0.0310512,0.94,0.945,,,,,
0.3,2500,8,vfl_bc,1,R1 score,R,0.348477,2326.85,0.0301908,0.00132055,0.0302376,0.0160534,1.88065,1.66129,2.17949,0.0273593,0.0331337,0.955,0.945,201.59,1,0.0574662,0.142291,0.0866363
0.3,2500,8,vfl_bc,2,R2 binary,R,-0.209086,-9050.28,0.0308249,-0.00028126,0.030901,0.0166408,1.85237,1.67169,2.08176,0.0278446,0.0337171,0.96,0.95,1334.25,1,0.0974722,0.247094,0.147427
0.3,2500,8,vfl_bc,3,R3 income ($),R,0.139391,0.0974833,0.0321131,0.00311601,0.0320417,0.0188198,1.70635,1.53416,1.9257,0.0292954,0.0349512,0.97,0.965,0.0224583,1,0.157772,0.388595,0.230381
0.3,2500,8,vfl_bc,4,R4 count,R,0.0696955,1015.49,0.0328762,-0.000645921,0.0329523,0.0192622,1.70677,1.50014,1.9518,0.0295909,0.0361031,0.97,0.97,479.018,0.985,,,
0.3,2500,8,vfl_bc,5,O1 income ($),O,0.278782,0.194168,0.0327674,0.00205705,0.0327848,0.0193562,1.69286,1.49412,1.95117,0.0294967,0.036056,0.97,0.97,0.022822,1,0.0845508,0.187277,0.117538
0.3,2500,8,vfl_bc,6,O2 age (yr),O,-0.174239,-194.692,0.0334111,0.00149987,0.0334611,0.0160351,2.08362,1.86582,2.35193,0.0302011,0.0365788,0.955,0.955,37.333,1,0.133631,0.296876,0.191755
0.3,2500,8,vfl_bc,7,O3 binary,O,0.104543,4527.56,0.0301235,-0.00145135,0.030164,0.0179845,1.67497,1.48496,1.90284,0.0270129,0.0332417,0.965,0.965,1304.59,1,0.180989,0.478097,0.288144
0.3,2500,8,vfl_bc,8,O4 count,O,0.0348477,508.68,0.0326337,-0.00377178,0.0324963,0.0160463,2.03373,1.81274,2.28555,0.0294798,0.0356439,0.965,0.965,476.361,0.83,,,
0.3,2500,8,vfl_bc,9,O5 score,O,-0.0696955,-464.964,0.0347351,0.0050906,0.0344463,0.0179669,1.93328,1.72499,2.17634,0.0313331,0.0378952,0.965,0.965,231.73,0.975,,,
0.3,2500,8,vfl_bc,10,O6 assets ($),O,0.209086,0.14562,0.0353302,-0.00355895,0.0352387,0.0190223,1.85731,1.67246,2.07373,0.0324637,0.0381714,0.955,0.96,0.0246061,1,0.124069,0.270292,0.168974
0.3,2500,8,vfl_uncorrected,0,intercept,R,0,,0.0282907,0.000216831,0.0283608,0.0162673,1.73911,1.5597,1.93866,0.0254321,0.0311822,0.94,0.945,,,,,
0.3,2500,8,vfl_uncorrected,1,R1 score,R,0.348477,2326.85,0.030412,0.00256154,0.0303799,0.0160534,1.89443,1.67394,2.19568,0.0275634,0.0334134,0.945,0.945,203.066,1,0.0577755,0.143751,0.0872709
0.3,2500,8,vfl_uncorrected,2,R2 binary,R,-0.209086,-9050.28,0.0309872,-0.00132235,0.0310367,0.0166408,1.86213,1.67955,2.09455,0.0279897,0.0338874,0.95,0.95,1341.28,1,0.0995705,0.248422,0.148203
0.3,2500,8,vfl_uncorrected,3,R3 income ($),R,0.139391,0.0974833,0.0323219,0.00367858,0.0321925,0.0188198,1.71744,1.54325,1.93806,0.0295061,0.0351727,0.965,0.96,0.0226044,1,0.158583,0.386022,0.231879
0.3,2500,8,vfl_uncorrected,4,R4 count,R,0.0696955,1015.49,0.0330538,-0.00100501,0.0331214,0.0192622,1.71599,1.50671,1.96373,0.0297519,0.0363019,0.97,0.97,481.605,0.975,,,
0.3,2500,8,vfl_uncorrected,5,O1 income ($),O,0.278782,0.194168,0.0332441,0.00416812,0.0330646,0.0193562,1.71749,1.51516,1.98413,0.0298792,0.0366404,0.965,0.965,0.0231541,1,0.0833194,0.193511,0.119248
0.3,2500,8,vfl_uncorrected,6,O2 age (yr),O,-0.174239,-194.692,0.0336543,-0.000223984,0.033738,0.0160351,2.09879,1.87896,2.36571,0.0304038,0.0367917,0.955,0.955,37.6048,1,0.13659,0.301468,0.193151
0.3,2500,8,vfl_uncorrected,7,O3 binary,O,0.104543,4527.56,0.0303387,-0.00063752,0.0304081,0.0179845,1.68694,1.49426,1.9174,0.0272421,0.0334559,0.965,0.965,1313.91,1,0.187638,0.490255,0.290203
0.3,2500,8,vfl_uncorrected,8,O4 count,O,0.0348477,508.68,0.0328987,-0.0035541,0.0327882,0.0160463,2.05024,1.82597,2.30471,0.0297077,0.0359246,0.965,0.965,480.229,0.825,,,
0.3,2500,8,vfl_uncorrected,9,O5 score,O,-0.0696955,-464.964,0.034932,0.00425883,0.0347584,0.0179669,1.94424,1.73333,2.18918,0.0314903,0.038079,0.965,0.965,233.044,0.975,,,
0.3,2500,8,vfl_uncorrected,10,O6 assets ($),O,0.209086,0.14562,0.0354928,-0.00214987,0.0355165,0.0190223,1.86586,1.67909,2.08479,0.0325384,0.0384089,0.95,0.955,0.0247193,1,0.124578,0.275999,0.169752
0.3,5000,,ols,0,intercept,R,0,,0.0116374,0.000910767,0.0116308,0.0116308,1.00057,0.997509,1.02174,0.010345,0.0128989,0.97,0.965,,,,,
0.3,5000,,ols,1,R1 score,R,0.348477,2326.85,0.0120565,-0.000706465,0.012066,0.012066,0.999214,0.997504,1.01634,0.0108549,0.0132268,0.94,0.945,80.5036,1,0.0238029,0.0547932,0.0345977
0.3,5000,,ols,2,R2 binary,R,-0.209086,-9050.28,0.0118116,0.00146895,0.0117493,0.0117493,1.0053,0.99759,1.03445,0.0107107,0.01282,0.97,0.975,511.264,1,0.0402457,0.0920603,0.0564916
0.3,5000,,ols,3,R3 income ($),R,0.139391,0.0974833,0.0123227,0.00135652,0.0122786,0.0122786,1.0036,0.997521,1.0292,0.0110449,0.0135719,0.95,0.95,0.00861791,1,0.0545065,0.157068,0.0884039
0.3,5000,,ols,4,R4 count,R,0.0696955,1015.49,0.0130679,0.000295307,0.0130973,0.0130973,0.997752,0.997499,1.01119,0.0118453,0.0142769,0.945,0.945,190.404,1,,,
0.3,5000,,ols,5,O1 income ($),O,0.278782,0.194168,0.0112127,0.00126494,0.0111691,0.0111691,1.00391,0.997536,1.02909,0.0101503,0.0123415,0.97,0.97,0.00780952,1,0.0271567,0.0667922,0.0402205
0.3,5000,,ols,6,O2 age (yr),O,-0.174239,-194.692,0.0112781,-9.6936e-05,0.011306,0.011306,0.997534,0.997499,1.01041,0.0101554,0.0124181,0.975,0.965,12.602,1,0.0446873,0.104864,0.0647281
0.3,5000,,ols,7,O3 binary,O,0.104543,4527.56,0.012092,0.000301026,0.0121186,0.0121186,0.997806,0.997499,1.01189,0.0108395,0.0133651,0.94,0.94,523.682,1,0.0802318,0.197454,0.115665
0.3,5000,,ols,8,O4 count,O,0.0348477,508.68,0.011582,-0.00106704,0.0115616,0.0115616,1.00176,0.997514,1.0257,0.0102095,0.0129097,0.97,0.97,169.065,1,,,
0.3,5000,,ols,9,O5 score,O,-0.0696955,-464.964,0.0123371,0.000388979,0.0123619,0.0123619,0.997993,0.9975,1.01186,0.0112077,0.0134966,0.95,0.95,82.305,1,,,
0.3,5000,,ols,10,O6 assets ($),O,0.209086,0.14562,0.0120036,0.00124815,0.0119685,0.0119685,1.00293,0.997518,1.02777,0.0108739,0.0130719,0.96,0.955,0.00836002,1,0.0392458,0.0960471,0.0574097
0.3,5000,,ols_unclipped,0,intercept,R,0,,0.0116849,-0.000450841,0.0117055,0.0116308,1.00465,0.997447,1.02093,0.0104365,0.0129492,,,,,,,
0.3,5000,,ols_unclipped,1,R1 score,R,0.348477,2326.85,0.012052,0.000890255,0.0120492,0.012066,0.998839,0.988927,1.02071,0.0108795,0.0132235,,,80.4734,1,0.0256465,0.0532824,0.0345847
0.3,5000,,ols_unclipped,2,R2 binary,R,-0.209086,-9050.28,0.0117829,0.000844449,0.0117821,0.0117493,1.00286,0.994546,1.02658,0.0106665,0.0128137,,,510.021,1,0.0408677,0.093061,0.0563542
0.3,5000,,ols_unclipped,3,R3 income ($),R,0.139391,0.0974833,0.0117663,-0.0007546,0.0117715,0.0122786,0.958277,0.932825,0.99191,0.0106193,0.0129021,,,0.00822875,1,0.0548503,0.143328,0.0844119
0.3,5000,,ols_unclipped,4,R4 count,R,0.0696955,1015.49,0.0128555,-0.000113071,0.0128872,0.0130973,0.981536,0.967632,1.00169,0.0116218,0.0140526,,,187.309,1,,,
0.3,5000,,ols_unclipped,5,O1 income ($),O,0.278782,0.194168,0.0113156,0.000361528,0.0113382,0.0111691,1.01311,0.98002,1.05169,0.0102398,0.0123769,,,0.00788114,1,0.0276954,0.0642067,0.0405893
0.3,5000,,ols_unclipped,6,O2 age (yr),O,-0.174239,-194.692,0.011303,-0.000564741,0.0113172,0.011306,0.999732,0.991945,1.01764,0.0101779,0.0124276,,,12.6298,1,0.044297,0.108038,0.0648707
0.3,5000,,ols_unclipped,7,O3 binary,O,0.104543,4527.56,0.0121086,0.000716357,0.0121178,0.0121186,0.999176,0.993342,1.01862,0.0108481,0.0133777,,,524.401,1,0.0778896,0.200774,0.115824
0.3,5000,,ols_unclipped,8,O4 count,O,0.0348477,508.68,0.0115748,-0.00136238,0.0115232,0.0115616,1.00114,0.986286,1.03473,0.0102031,0.0128833,,,168.96,1,,,
0.3,5000,,ols_unclipped,9,O5 score,O,-0.0696955,-464.964,0.01243,0.00053058,0.0124499,0.0123619,1.00551,0.999837,1.02155,0.011307,0.0135774,,,82.9252,1,,,
0.3,5000,,ols_unclipped,10,O6 assets ($),O,0.209086,0.14562,0.0117788,-0.000663243,0.0117896,0.0119685,0.984151,0.960653,1.01363,0.0106389,0.0128712,,,0.00820345,1,0.0370072,0.0954144,0.0563345
0.3,5000,0.5,vfl_bc,0,intercept,R,0,,0.0596135,0.00312832,0.0596808,0.0116308,5.12547,4.43441,5.93697,0.0534408,0.0655867,0.96,0.96,,,,,
0.3,5000,0.5,vfl_bc,1,R1 score,R,0.348477,2326.85,0.202841,-0.194173,0.0588107,0.012066,16.811,15.231,18.8129,0.194665,0.21116,0.125,0.135,1354.41,0.995,0.541432,0.789388,0.582079
0.3,5000,0.5,vfl_bc,2,R2 binary,R,-0.209086,-9050.28,0.153596,0.141539,0.0598016,0.0117493,13.0727,11.7456,14.7678,0.145911,0.160966,0.375,0.38,6648.37,0.85,0.664261,1.04161,0.734603
0.3,5000,0.5,vfl_bc,3,R3 income ($),R,0.139391,0.0974833,0.0980383,-0.0759705,0.0621231,0.0122786,7.98451,7.13386,9.04044,0.0905259,0.105295,0.795,0.795,0.0685632,0.835,0.542412,1.12071,0.703333
0.3,5000,0.5,vfl_bc,4,R4 count,R,0.0696955,1015.49,0.0644766,-0.0113864,0.0636225,0.0130973,4.92288,4.30401,5.67558,0.0581843,0.0708193,0.93,0.93,939.447,0.83,,,
0.3,5000,0.5,vfl_bc,5,O1 income ($),O,0.278782,0.194168,0.175061,-0.161661,0.0673394,0.0111691,15.6737,14.1058,17.5336,0.166247,0.184027,0.375,0.375,0.121928,0.935,0.578732,0.88981,0.627949
0.3,5000,0.5,vfl_bc,6,O2 age (yr),O,-0.174239,-194.692,0.137978,0.121671,0.0652349,0.011306,12.204,10.9221,13.8522,0.129693,0.146051,0.57,0.57,154.175,0.775,0.670346,1.19985,0.791893
0.3,5000,0.5,vfl_bc,7,O3 binary,O,0.104543,4527.56,0.0868365,-0.0627744,0.0601502,0.0121186,7.16554,6.30043,8.29172,0.0788509,0.0946514,0.88,0.88,3760.71,0.75,0.631091,1.2999,0.830627
0.3,5000,0.5,vfl_bc,8,O4 count,O,0.0348477,508.68,0.0648084,-0.0184458,0.0622839,0.0115616,5.60547,4.76414,6.62869,0.0573908,0.0725154,0.965,0.96,946.023,0.645,,,
0.3,5000,0.5,vfl_bc,9,O5 score,O,-0.0696955,-464.964,0.0756009,0.0479526,0.0585935,0.0123619,6.11565,5.36816,7.00824,0.0683823,0.0826281,0.915,0.915,504.361,0.655,,,
0.3,5000,0.5,vfl_bc,10,O6 assets ($),O,0.209086,0.14562,0.134993,-0.119095,0.0637169,0.0119685,11.279,10.1064,12.7123,0.126634,0.143231,0.585,0.575,0.0940171,0.925,0.580461,0.953081,0.645632
0.3,5000,0.5,vfl_uncorrected,0,intercept,R,0,,0.0610849,0.0031583,0.0611563,0.0116308,5.25198,4.53917,6.0839,0.0547579,0.0672132,0.95,0.95,,,,,
0.3,5000,0.5,vfl_uncorrected,1,R1 score,R,0.348477,2326.85,0.199588,-0.190254,0.0604744,0.012066,16.5414,14.9786,18.5307,0.191236,0.20816,0.155,0.155,1332.69,0.995,0.530167,0.781168,0.572743
0.3,5000,0.5,vfl_uncorrected,2,R2 binary,R,-0.209086,-9050.28,0.15221,0.139324,0.0614466,0.0117493,12.9548,11.6254,14.64,0.144359,0.159776,0.4,0.405,6588.4,0.85,0.653595,1.04024,0.727978
0.3,5000,0.5,vfl_uncorrected,3,R3 income ($),R,0.139391,0.0974833,0.0981907,-0.0746709,0.0639227,0.0122786,7.99693,7.13345,9.05834,0.0905081,0.105646,0.8,0.795,0.0686698,0.835,0.528136,1.1312,0.704427
0.3,5000,0.5,vfl_uncorrected,4,R4 count,R,0.0696955,1015.49,0.0662907,-0.0107932,0.0655702,0.0130973,5.06139,4.42778,5.83613,0.059765,0.0728626,0.93,0.93,965.879,0.825,,,
0.3,5000,0.5,vfl_uncorrected,5,O1 income ($),O,0.278782,0.194168,0.171408,-0.156078,0.0710313,0.0111691,15.3466,13.7768,17.2171,0.162188,0.18073,0.395,0.395,0.119383,0.935,0.560581,0.887006,0.614845
0.3,5000,0.5,vfl_uncorrected,6,O2 age (yr),O,-0.174239,-194.692,0.136605,0.11814,0.0687567,0.011306,12.0825,10.7869,13.7246,0.127976,0.145046,0.595,0.595,152.64,0.775,0.652248,1.20452,0.784009
0.3,5000,0.5,vfl_uncorrected,7,O3 binary,O,0.104543,4527.56,0.0875793,-0.0607438,0.0632482,0.0121186,7.22683,6.32799,8.38113,0.0792326,0.095746,0.88,0.88,3792.88,0.75,0.637077,1.32838,0.837733
0.3,5000,0.5,vfl_uncorrected,8,O4 count,O,0.0348477,508.68,0.0679708,-0.0177287,0.0657827,0.0115616,5.87899,4.98241,6.95692,0.0601089,0.0761261,0.955,0.955,992.186,0.64,,,
0.3,5000,0.5,vfl_uncorrected,9,O5 score,O,-0.0696955,-464.964,0.077145,0.0461757,0.0619545,0.0123619,6.24056,5.46909,7.15747,0.069548,0.0843986,0.91,0.91,514.662,0.665,,,
0.3,5000,0.5,vfl_uncorrected,10,O6 assets ($),O,0.209086,0.14562,0.13286,-0.114834,0.0669875,0.0119685,11.1008,9.92006,12.5332,0.124152,0.141372,0.61,0.6,0.0925316,0.925,0.560178,0.951228,0.635431
0.3,5000,1,vfl_bc,0,intercept,R,0,,0.0481908,8.47135e-05,0.0483116,0.0116308,4.14336,3.58209,4.79903,0.0434147,0.0529071,0.97,0.97,,,,,
0.3,5000,1,vfl_bc,1,R1 score,R,0.348477,2326.85,0.108056,-0.0947341,0.0521073,0.012066,8.95543,8.02156,10.1088,0.100822,0.114729,0.595,0.61,721.512,1,0.263809,0.477505,0.310081
0.3,5000,1,vfl_bc,2,R2 binary,R,-0.209086,-9050.28,0.0983042,0.0798157,0.0575302,0.0117493,8.36679,7.47093,9.44732,0.0908722,0.105966,0.69,0.695,4255.09,0.98,0.368947,0.749555,0.470161
0.3,5000,1,vfl_bc,3,R3 income ($),R,0.139391,0.0974833,0.0702765,-0.0421636,0.056364,0.0122786,5.72352,4.98386,6.60382,0.0639538,0.0767033,0.93,0.905,0.049148,0.965,0.402181,0.795681,0.504168
0.3,5000,1,vfl_bc,4,R4 count,R,0.0696955,1015.49,0.0570656,0.00109987,0.0571981,0.0130973,4.35704,3.82878,4.93881,0.0511191,0.0628841,0.955,0.955,831.466,0.91,,,
0.3,5000,1,vfl_bc,5,O1 income ($),O,0.278782,0.194168,0.108614,-0.0879576,0.0638818,0.0111691,9.7245,8.53365,11.1575,0.100294,0.11779,0.7,0.695,0.0756483,1,0.303451,0.587181,0.389602
0.3,5000,1,vfl_bc,6,O2 age (yr),O,-0.174239,-194.692,0.0908061,0.0685556,0.0596967,0.011306,8.03165,7.14761,9.03038,0.0833108,0.0977199,0.775,0.775,101.465,0.96,0.401441,0.820337,0.521159
0.3,5000,1,vfl_bc,7,O3 binary,O,0.104543,4527.56,0.0664972,-0.0327901,0.0579957,0.0121186,5.48718,4.71916,6.40321,0.0595225,0.0734784,0.91,0.91,2879.86,0.895,0.418877,1.08345,0.636073
0.3,5000,1,vfl_bc,8,O4 count,O,0.0348477,508.68,0.059354,-0.00920146,0.0587835,0.0115616,5.1337,4.4553,6.01959,0.0538624,0.0649463,0.965,0.965,866.403,0.65,,,
0.3,5000,1,vfl_bc,9,O5 score,O,-0.0696955,-464.964,0.0719947,0.0354971,0.0627925,0.0123619,5.82393,5.09601,6.68366,0.065496,0.0781699,0.92,0.92,480.302,0.685,,,
0.3,5000,1,vfl_bc,10,O6 assets ($),O,0.209086,0.14562,0.0851444,-0.0609989,0.0595519,0.0119685,7.11405,6.35968,8.10744,0.0785958,0.0916471,0.805,0.79,0.0592996,1,0.32457,0.6621,0.407221
0.3,5000,1,vfl_uncorrected,0,intercept,R,0,,0.0490896,0.000131413,0.0492126,0.0116308,4.22064,3.64661,4.8921,0.0442219,0.0539086,0.97,0.965,,,,,
0.3,5000,1,vfl_uncorrected,1,R1 score,R,0.348477,2326.85,0.104678,-0.0901562,0.0533258,0.012066,8.67548,7.7614,9.79527,0.0973544,0.111489,0.63,0.655,698.957,1,0.250193,0.469679,0.300388
0.3,5000,1,vfl_uncorrected,2,R2 binary,R,-0.209086,-9050.28,0.0965975,0.0766868,0.0588859,0.0117493,8.22153,7.32618,9.29133,0.0889862,0.104449,0.73,0.735,4181.21,0.98,0.360226,0.737836,0.461998
0.3,5000,1,vfl_uncorrected,3,R3 income ($),R,0.139391,0.0974833,0.0703606,-0.0405533,0.0576425,0.0122786,5.73036,4.98251,6.61446,0.063836,0.0768719,0.925,0.91,0.0492068,0.965,0.399706,0.79621,0.504771
0.3,5000,1,vfl_uncorrected,4,R4 count,R,0.0696955,1015.49,0.0585852,0.000759083,0.0587272,0.0130973,4.47306,3.92842,5.07272,0.0524784,0.0645651,0.95,0.955,853.607,0.895,,,
0.3,5000,1,vfl_uncorrected,5,O1 income ($),O,0.278782,0.194168,0.104845,-0.081073,0.0666469,0.0111691,9.38702,8.21644,10.8182,0.0961749,0.114144,0.715,0.715,0.073023,1,0.285912,0.573067,0.376082
0.3,5000,1,vfl_uncorrected,6,O2 age (yr),O,-0.174239,-194.692,0.0886997,0.063378,0.062211,0.011306,7.84535,6.94166,8.83851,0.081096,0.0958384,0.795,0.8,99.1117,0.96,0.375758,0.814087,0.50907
0.3,5000,1,vfl_uncorrected,7,O3 binary,O,0.104543,4527.56,0.0672791,-0.0300441,0.0603493,0.0121186,5.55171,4.77242,6.48164,0.0601368,0.0743852,0.91,0.91,2913.72,0.895,0.407594,1.07731,0.643553
0.3,5000,1,vfl_uncorrected,8,O4 count,O,0.0348477,508.68,0.0617885,-0.00843277,0.061364,0.0115616,5.34427,4.63707,6.25225,0.0560535,0.0676282,0.96,0.96,901.941,0.645,,,
0.3,5000,1,vfl_uncorrected,9,O5 score,O,-0.0696955,-464.964,0.0733411,0.0330705,0.0656262,0.0123619,5.93285,5.18811,6.79696,0.0664842,0.0797672,0.915,0.915,489.285,0.695,,,
0.3,5000,1,vfl_uncorrected,10,O6 assets ($),O,0.209086,0.14562,0.0834774,-0.0559062,0.0621474,0.0119685,6.97477,6.22998,7.9754,0.0768444,0.0899617,0.815,0.805,0.0581387,1,0.31382,0.650513,0.399248
0.3,5000,2,vfl_bc,0,intercept,R,0,,0.0358363,0.000256294,0.0359253,0.0116308,3.08114,2.67347,3.56325,0.0322126,0.0390462,0.955,0.96,,,,,
0.3,5000,2,vfl_bc,1,R1 score,R,0.348477,2326.85,0.0401102,0.00246997,0.0401345,0.012066,3.32423,2.91825,3.79899,0.0360277,0.0436787,0.96,0.96,267.823,1,0.0756525,0.202316,0.115101
0.3,5000,2,vfl_bc,2,R2 binary,R,-0.209086,-9050.28,0.044125,0.00280774,0.0441461,0.0117493,3.75554,3.30546,4.31113,0.0400357,0.0480484,0.97,0.98,1909.95,1,0.147975,0.338479,0.211037
0.3,5000,2,vfl_bc,3,R3 income ($),R,0.139391,0.0974833,0.0491614,-0.00230712,0.0492305,0.0122786,4.00384,3.49255,4.62978,0.0447974,0.0536164,0.955,0.955,0.0343811,1,0.251463,0.563883,0.352687
0.3,5000,2,vfl_bc,4,R4 count,R,0.0696955,1015.49,0.04727,0.00317604,0.0472815,0.0130973,3.60913,3.14984,4.13813,0.0419933,0.0522873,0.965,0.96,688.741,0.935,,,
0.3,5000,2,vfl_bc,5,O1 income ($),O,0.278782,0.194168,0.051521,0.0050066,0.0514058,0.0111691,4.61281,3.96755,5.3772,0.0455127,0.0575269,0.97,0.97,0.0358837,1,0.114373,0.290295,0.184807
0.3,5000,2,vfl_bc,6,O2 age (yr),O,-0.174239,-194.692,0.0493948,-0.00105417,0.0495074,0.011306,4.36889,3.72857,5.15356,0.0436539,0.0557134,0.955,0.955,55.193,1,0.176847,0.43123,0.283489
0.3,5000,2,vfl_bc,7,O3 binary,O,0.104543,4527.56,0.0474371,-1.20877e-05,0.0475561,0.0121186,3.91439,3.47557,4.45501,0.043529,0.0511941,0.975,0.975,2054.4,0.99,0.337324,0.722916,0.453756
0.3,5000,2,vfl_bc,8,O4 count,O,0.0348477,508.68,0.0499805,0.00125278,0.0500901,0.0115616,4.32295,3.67361,5.12293,0.0441704,0.0561042,0.965,0.965,729.576,0.785,,,
0.3,5000,2,vfl_bc,9,O5 score,O,-0.0696955,-464.964,0.0459744,-0.00109701,0.0460766,0.0123619,3.71905,3.291,4.21618,0.0419802,0.0501518,0.985,0.985,306.712,0.925,,,
0.3,5000,2,vfl_bc,10,O6 assets ($),O,0.209086,0.14562,0.0483757,0.00073676,0.0484915,0.0119685,4.04192,3.54123,4.6322,0.0437639,0.0527786,0.96,0.955,0.0336917,1,0.16208,0.362193,0.231367
0.3,5000,2,vfl_uncorrected,0,intercept,R,0,,0.0362621,0.000381004,0.036351,0.0116308,3.11775,2.70431,3.60258,0.0325934,0.0395076,0.955,0.955,,,,,
0.3,5000,2,vfl_uncorrected,1,R1 score,R,0.348477,2326.85,0.0410312,0.00606211,0.0406827,0.012066,3.40056,2.98582,3.89181,0.0368511,0.0446913,0.955,0.94,273.973,1,0.0760995,0.199819,0.117744
0.3,5000,2,vfl_uncorrected,2,R2 binary,R,-0.209086,-9050.28,0.0447428,-0.000153676,0.0448548,0.0117493,3.80811,3.34898,4.36909,0.0405094,0.0488205,0.98,0.975,1936.69,1,0.153052,0.344621,0.213992
0.3,5000,2,vfl_uncorrected,3,R3 income ($),R,0.139391,0.0974833,0.049915,-0.000711886,0.0500352,0.0122786,4.06522,3.54438,4.70196,0.0455856,0.0544424,0.955,0.955,0.0349081,1,0.255962,0.571997,0.358094
0.3,5000,2,vfl_uncorrected,4,R4 count,R,0.0696955,1015.49,0.0481015,0.0021332,0.0481747,0.0130973,3.67262,3.2062,4.2052,0.0426471,0.0531487,0.96,0.955,700.856,0.935,,,
0.3,5000,2,vfl_uncorrected,5,O1 income ($),O,0.278782,0.194168,0.0540702,0.0112586,0.0530178,0.0111691,4.84104,4.16373,5.6447,0.047637,0.0606261,0.96,0.96,0.0376592,1,0.113304,0.305254,0.193952
0.3,5000,2,vfl_uncorrected,6,O2 age (yr),O,-0.174239,-194.692,0.0511627,-0.00617584,0.050916,0.011306,4.52526,3.84579,5.35717,0.0449646,0.0580298,0.96,0.96,57.1684,1,0.188766,0.437701,0.293635
0.3,5000,2,vfl_uncorrected,7,O3 binary,O,0.104543,4527.56,0.0487082,0.00239454,0.0487714,0.0121186,4.01928,3.57579,4.56691,0.0446664,0.0525773,0.97,0.97,2109.45,0.99,0.346014,0.751525,0.465914
0.3,5000,2,vfl_uncorrected,8,O4 count,O,0.0348477,508.68,0.0513384,0.00206719,0.0514255,0.0115616,4.44041,3.77357,5.26687,0.0453213,0.0576009,0.96,0.96,749.399,0.785,,,
0.3,5000,2,vfl_uncorrected,9,O5 score,O,-0.0696955,-464.964,0.0474729,-0.00388569,0.0474324,0.0123619,3.84027,3.39849,4.35358,0.0432924,0.0517722,0.985,0.985,316.709,0.93,,,
0.3,5000,2,vfl_uncorrected,10,O6 assets ($),O,0.209086,0.14562,0.0499521,0.00500706,0.0498252,0.0119685,4.17364,3.65643,4.79184,0.0452187,0.0545177,0.96,0.955,0.0347896,1,0.176736,0.374823,0.238906
0.3,5000,4,vfl_bc,0,intercept,R,0,,0.0226948,0.00054543,0.0227452,0.0116308,1.95126,1.73551,2.19761,0.0204362,0.0248806,0.955,0.965,,,,,
0.3,5000,4,vfl_bc,1,R1 score,R,0.348477,2326.85,0.0231513,0.000156209,0.0232088,0.012066,1.91872,1.70159,2.21413,0.0208706,0.0254743,0.975,0.965,154.585,1,0.0461463,0.106979,0.0664355
0.3,5000,4,vfl_bc,2,R2 binary,R,-0.209086,-9050.28,0.0286056,0.00328413,0.0284877,0.0117493,2.43465,2.13748,2.81812,0.0254845,0.0318043,0.925,0.915,1238.19,1,0.0876027,0.221859,0.136812
0.3,5000,4,vfl_bc,3,R3 income ($),R,0.139391,0.0974833,0.0275797,-0.00166884,0.0275983,0.0122786,2.24617,1.98045,2.57696,0.0249154,0.030231,0.965,0.965,0.0192879,1,0.140572,0.316162,0.197859
0.3,5000,4,vfl_bc,4,R4 count,R,0.0696955,1015.49,0.0285825,0.00223803,0.0285662,0.0130973,2.18232,1.97176,2.42911,0.0258094,0.0312535,0.955,0.95,416.457,1,,,
0.3,5000,4,vfl_bc,5,O1 income ($),O,0.278782,0.194168,0.0311876,0.000170789,0.0312654,0.0111691,2.79231,2.48983,3.13476,0.0284403,0.0339135,0.94,0.94,0.0217217,1,0.0741627,0.186141,0.111871
0.3,5000,4,vfl_bc,6,O2 age (yr),O,-0.174239,-194.692,0.0291565,0.000685368,0.0292216,0.011306,2.57885,2.29318,2.92475,0.0266998,0.0315551,0.965,0.955,32.5791,1,0.122377,0.276089,0.167337
0.3,5000,4,vfl_bc,7,O3 binary,O,0.104543,4527.56,0.0278121,-0.00140334,0.0278464,0.0121186,2.29499,2.02222,2.63738,0.0251671,0.0307755,0.95,0.955,1204.49,1,0.201024,0.411511,0.266034
0.3,5000,4,vfl_bc,8,O4 count,O,0.0348477,508.68,0.0307714,0.00017651,0.0308481,0.0115616,2.66151,2.35881,3.05766,0.0278512,0.0335025,0.935,0.935,449.177,0.86,,,
0.3,5000,4,vfl_bc,9,O5 score,O,-0.0696955,-464.964,0.030224,-0.000227293,0.030299,0.0123619,2.44494,2.18351,2.7409,0.0268362,0.033581,0.95,0.945,201.635,0.995,,,
0.3,5000,4,vfl_bc,10,O6 assets ($),O,0.209086,0.14562,0.0296267,0.00340521,0.0295042,0.0119685,2.47539,2.19084,2.83621,0.0266399,0.0327664,0.93,0.94,0.0206338,1,0.0878141,0.233412,0.141696
0.3,5000,4,vfl_uncorrected,0,intercept,R,0,,0.0227659,0.00055967,0.0228161,0.0116308,1.95737,1.74098,2.20365,0.0204982,0.0249578,0.955,0.965,,,,,
0.3,5000,4,vfl_uncorrected,1,R1 score,R,0.348477,2326.85,0.0232657,0.00115772,0.0232952,0.012066,1.9282,1.70957,2.22415,0.0209706,0.0255888,0.965,0.965,155.349,1,0.0470424,0.106952,0.0667638
0.3,5000,4,vfl_uncorrected,2,R2 binary,R,-0.209086,-9050.28,0.0286292,0.00245734,0.0285951,0.0117493,2.43666,2.13844,2.82038,0.0254805,0.0318531,0.915,0.915,1239.21,1,0.084728,0.218842,0.136925
0.3,5000,4,vfl_uncorrected,3,R3 income ($),R,0.139391,0.0974833,0.0276733,-0.00123517,0.0277151,0.0122786,2.25379,1.98845,2.58656,0.025005,0.0303335,0.955,0.965,0.0193533,1,0.140478,0.317135,0.19853
0.3,5000,4,vfl_uncorrected,4,R4 count,R,0.0696955,1015.49,0.0286907,0.001972,0.0286947,0.0130973,2.19058,1.97901,2.43732,0.0259007,0.0313399,0.95,0.95,418.034,1,,,
0.3,5000,4,vfl_uncorrected,5,O1 income ($),O,0.278782,0.194168,0.0314742,0.00185391,0.0314984,0.0111691,2.81797,2.51984,3.16763,0.0286842,0.0341899,0.95,0.95,0.0219214,1,0.0762909,0.192501,0.112899
0.3,5000,4,vfl_uncorrected,6,O2 age (yr),O,-0.174239,-194.692,0.0293707,-0.000699862,0.029436,0.011306,2.59779,2.31248,2.9474,0.0269048,0.031775,0.95,0.95,32.8183,1,0.126168,0.279656,0.168566
0.3,5000,4,vfl_uncorrected,7,O3 binary,O,0.104543,4527.56,0.0279803,-0.000736376,0.0280408,0.0121186,2.30887,2.03384,2.6517,0.0253667,0.0309285,0.95,0.95,1211.77,1,0.202791,0.407054,0.267644
0.3,5000,4,vfl_uncorrected,8,O4 count,O,0.0348477,508.68,0.0310016,0.000384063,0.0310771,0.0115616,2.68142,2.37604,3.07941,0.0280572,0.0337752,0.93,0.935,452.538,0.86,,,
0.3,5000,4,vfl_uncorrected,9,O5 score,O,-0.0696955,-464.964,0.0304821,-0.00096129,0.0305433,0.0123619,2.46581,2.20151,2.76692,0.0270878,0.0338573,0.94,0.94,203.357,0.995,,,
0.3,5000,4,vfl_uncorrected,10,O6 assets ($),O,0.209086,0.14562,0.02998,0.00458588,0.0297015,0.0119685,2.50491,2.21638,2.87168,0.0269227,0.0331362,0.93,0.93,0.0208799,1,0.0871888,0.239622,0.143386
0.3,5000,8,vfl_bc,0,intercept,R,0,,0.0154136,0.00192227,0.0153317,0.0116308,1.32524,1.20465,1.4674,0.0138644,0.0169965,0.965,0.96,,,,,
0.3,5000,8,vfl_bc,1,R1 score,R,0.348477,2326.85,0.0174226,-0.00288411,0.0172253,0.012066,1.44394,1.32048,1.60261,0.0156264,0.0191705,0.935,0.935,116.334,1,0.0276742,0.0831096,0.0499963
0.3,5000,8,vfl_bc,2,R2 binary,R,-0.209086,-9050.28,0.0169431,0.00333341,0.0166536,0.0117493,1.44204,1.30911,1.59788,0.0153373,0.0184179,0.95,0.955,733.378,1,0.0526068,0.134382,0.0810337
0.3,5000,8,vfl_bc,3,R3 income ($),R,0.139391,0.0974833,0.0194138,0.00244531,0.0193075,0.0122786,1.58111,1.42714,1.77091,0.0176326,0.0211658,0.945,0.93,0.0135771,1,0.0971643,0.235571,0.139276
0.3,5000,8,vfl_bc,4,R4 count,R,0.0696955,1015.49,0.0187364,-0.00171795,0.0187043,0.0130973,1.43055,1.29158,1.58523,0.0167571,0.0207641,0.945,0.945,272.996,1,,,
0.3,5000,8,vfl_bc,5,O1 income ($),O,0.278782,0.194168,0.0189029,0.00217231,0.0188248,0.0111691,1.69243,1.51084,1.90729,0.0168982,0.0210208,0.965,0.965,0.0131656,1,0.0510253,0.110743,0.0678054
0.3,5000,8,vfl_bc,6,O2 age (yr),O,-0.174239,-194.692,0.0188327,-0.000386703,0.0188759,0.011306,1.66572,1.49022,1.8722,0.0168974,0.0207424,0.95,0.95,21.0433,1,0.0692572,0.182947,0.108085
0.3,5000,8,vfl_bc,7,O3 binary,O,0.104543,4527.56,0.0185469,-0.000444648,0.0185881,0.0121186,1.53044,1.39434,1.67687,0.0166522,0.0204728,0.95,0.95,803.227,1,0.104777,0.301844,0.177409
0.3,5000,8,vfl_bc,8,O4 count,O,0.0348477,508.68,0.0182082,-0.000391966,0.0182496,0.0115616,1.57488,1.39905,1.78957,0.0163515,0.0201411,0.97,0.965,265.789,0.965,,,
0.3,5000,8,vfl_bc,9,O5 score,O,-0.0696955,-464.964,0.0213839,0.000798602,0.0214226,0.0123619,1.72983,1.561,1.91867,0.0192061,0.0236063,0.92,0.92,142.66,1,,,
0.3,5000,8,vfl_bc,10,O6 assets ($),O,0.209086,0.14562,0.0203419,0.00238886,0.0202518,0.0119685,1.69962,1.50428,1.93267,0.0181212,0.0226788,0.92,0.93,0.0141673,1,0.0601399,0.164187,0.0972894
0.3,5000,8,vfl_uncorrected,0,intercept,R,0,,0.0154274,0.00192912,0.0153448,0.0116308,1.32643,1.20567,1.4687,0.0138775,0.0170119,0.965,0.96,,,,,
0.3,5000,8,vfl_uncorrected,1,R1 score,R,0.348477,2326.85,0.0173924,-0.0025848,0.0172424,0.012066,1.44144,1.31824,1.60119,0.0156062,0.0191463,0.94,0.94,116.132,1,0.0280499,0.0840177,0.0499095
0.3,5000,8,vfl_uncorrected,2,R2 binary,R,-0.209086,-9050.28,0.0169128,0.0030828,0.0166712,0.0117493,1.43947,1.30701,1.59503,0.0153071,0.0184004,0.95,0.955,732.068,1,0.0518653,0.13494,0.080889
0.3,5000,8,vfl_uncorrected,3,R3 income ($),R,0.139391,0.0974833,0.0194536,0.00258261,0.0193298,0.0122786,1.58435,1.42943,1.77437,0.0176706,0.0212088,0.945,0.93,0.0136049,1,0.0977496,0.236543,0.139561
0.3,5000,8,vfl_uncorrected,4,R4 count,R,0.0696955,1015.49,0.0187715,-0.0018066,0.0187312,0.0130973,1.43323,1.2941,1.58853,0.0167878,0.0208064,0.945,0.945,273.507,1,,,
0.3,5000,8,vfl_uncorrected,5,O1 income ($),O,0.278782,0.194168,0.0190075,0.00268864,0.0188636,0.0111691,1.70179,1.51691,1.91794,0.0169776,0.0211829,0.975,0.965,0.0132384,1,0.0505241,0.109396,0.0681804
0.3,5000,8,vfl_uncorrected,6,O2 age (yr),O,-0.174239,-194.692,0.0188854,-0.000809271,0.0189154,0.011306,1.67039,1.49383,1.87815,0.016974,0.0207736,0.95,0.95,21.1023,1,0.0692262,0.181265,0.108388
0.3,5000,8,vfl_uncorrected,7,O3 binary,O,0.104543,4527.56,0.0185786,-0.000242492,0.0186237,0.0121186,1.53306,1.39755,1.6785,0.0166921,0.0205019,0.95,0.95,804.602,1,0.103291,0.30434,0.177712
0.3,5000,8,vfl_uncorrected,8,O4 count,O,0.0348477,508.68,0.0182456,-0.000331726,0.0182884,0.0115616,1.57812,1.40181,1.79394,0.0163807,0.0201884,0.97,0.965,266.336,0.965,,,
0.3,5000,8,vfl_uncorrected,9,O5 score,O,-0.0696955,-464.964,0.0214231,0.000580872,0.021469,0.0123619,1.733,1.56424,1.92302,0.0192334,0.0236525,0.92,0.92,142.921,1,,,
0.3,5000,8,vfl_uncorrected,10,O6 assets ($),O,0.209086,0.14562,0.0204256,0.00274437,0.0202912,0.0119685,1.70662,1.51046,1.94189,0.0182068,0.0227679,0.92,0.93,0.0142256,1,0.0619586,0.16289,0.0976898
0.3,10000,,ols,0,intercept,R,0,,0.00825428,0.00107507,0.00820451,0.00820451,1.00607,0.997579,1.03409,0.00747516,0.00905798,0.965,0.965,,,,,
0.3,10000,,ols,1,R1 score,R,0.348477,2326.85,0.00823167,-0.00206589,0.00798821,0.00798821,1.03048,1.00375,1.0784,0.00739412,0.00904435,0.945,0.97,54.9644,1,0.0161085,0.0400628,0.0236218
0.3,10000,,ols,2,R2 binary,R,-0.209086,-9050.28,0.00869083,0.000788893,0.00867667,0.00867667,1.00163,0.997512,1.02241,0.00793755,0.00943107,0.95,0.955,376.181,1,0.0265416,0.0705889,0.0415657
0.3,10000,,ols,3,R3 income ($),R,0.139391,0.0974833,0.00872558,0.0023041,0.00843699,0.00843699,1.03421,1.00655,1.08069,0.00774777,0.00972371,0.965,0.975,0.00610225,1,0.0440557,0.0905013,0.0625979
0.3,10000,,ols,4,R4 count,R,0.0696955,1015.49,0.0092185,0.000216058,0.00923909,0.00923909,0.997771,0.9975,1.01109,0.0082791,0.0101355,0.96,0.96,134.317,1,,,
0.3,10000,,ols,5,O1 income ($),O,0.278782,0.194168,0.00974027,0.000863421,0.00972627,0.00972627,1.00144,0.997507,1.02273,0.00861316,0.0108909,0.905,0.915,0.00678397,1,0.0191652,0.0553227,0.0349387
0.3,10000,,ols,6,O2 age (yr),O,-0.174239,-194.692,0.00888147,0.000660763,0.00887908,0.00887908,1.00027,0.997504,1.01847,0.00801779,0.00970067,0.945,0.955,9.92402,1,0.0353869,0.0804842,0.050973
0.3,10000,,ols,7,O3 binary,O,0.104543,4527.56,0.00915826,4.36388e-06,0.00918124,0.00918124,0.997497,0.997499,1.00992,0.0081671,0.0101283,0.93,0.93,396.626,1,0.0557616,0.14575,0.0876026
0.3,10000,,ols,8,O4 count,O,0.0348477,508.68,0.00913673,0.000708738,0.00913206,0.00913206,1.00051,0.99751,1.02192,0.00819597,0.0100104,0.93,0.925,133.371,1,,,
0.3,10000,,ols,9,O5 score,O,-0.0696955,-464.964,0.00921749,-0.000696757,0.00921418,0.00921418,1.00036,0.997505,1.01989,0.00835316,0.0100831,0.935,0.945,61.4932,1,,,
0.3,10000,,ols,10,O6 assets ($),O,0.209086,0.14562,0.0100172,0.00184269,0.009871,0.009871,1.01481,0.998758,1.05278,0.00912291,0.0109473,0.925,0.91,0.0069766,1,0.0339726,0.0785431,0.0479095
0.3,10000,,ols_unclipped,0,intercept,R,0,,0.00820122,-0.000274095,0.0082172,0.00820451,0.999599,0.992917,1.01659,0.00742836,0.00903097,,,,,,,
0.3,10000,,ols_unclipped,1,R1 score,R,0.348477,2326.85,0.00802264,-0.000493459,0.00802754,0.00798821,1.00431,0.993475,1.02595,0.00719668,0.00881823,,,53.5687,1,0.0144273,0.0385179,0.023022
0.3,10000,,ols_unclipped,2,R2 binary,R,-0.209086,-9050.28,0.00867891,0.000147956,0.00869942,0.00867667,1.00026,0.994058,1.01493,0.00791815,0.00942461,,,375.665,1,0.0260963,0.0707378,0.0415087
0.3,10000,,ols_unclipped,3,R3 income ($),R,0.139391,0.0974833,0.00826791,-6.39715e-05,0.00828841,0.00843699,0.97996,0.958104,1.0074,0.00732873,0.00923372,,,0.00578217,1,0.0405923,0.0930439,0.0593145
0.3,10000,,ols_unclipped,4,R4 count,R,0.0696955,1015.49,0.00911353,-5.85565e-05,0.00913621,0.00923909,0.98641,0.971571,1.0087,0.00820319,0.0100444,,,132.787,1,,,
0.3,10000,,ols_unclipped,5,O1 income ($),O,0.278782,0.194168,0.00931191,0.000103255,0.00933471,0.00972627,0.957398,0.934496,0.987635,0.00825161,0.0103425,,,0.00648562,1,0.0213228,0.0523861,0.0334021
0.3,10000,,ols_unclipped,6,O2 age (yr),O,-0.174239,-194.692,0.00886022,0.000267061,0.00887842,0.00887908,0.997876,0.990164,1.01412,0.0080126,0.00965308,,,9.90027,1,0.0353324,0.0800979,0.050851
0.3,10000,,ols_unclipped,7,O3 binary,O,0.104543,4527.56,0.00917125,0.000437009,0.00918383,0.00918124,0.998912,0.992546,1.01725,0.0081745,0.0101492,,,397.188,1,0.0574846,0.144894,0.0877269
0.3,10000,,ols_unclipped,8,O4 count,O,0.0348477,508.68,0.00907904,0.000325129,0.00909598,0.00913206,0.994194,0.985892,1.01199,0.00815688,0.00993211,,,132.529,1,,,
0.3,10000,,ols_unclipped,9,O5 score,O,-0.0696955,-464.964,0.00922708,-0.000522624,0.00923538,0.00921418,1.0014,0.992824,1.02079,0.00837433,0.0100908,,,61.5572,1,,,
0.3,10000,,ols_unclipped,10,O6 assets ($),O,0.209086,0.14562,0.00966342,7.9628e-06,0.00968767,0.009871,0.978971,0.961896,1.00128,0.00877582,0.010562,,,0.00673018,1,0.0307368,0.0754847,0.0462173
0.3,10000,0.5,vfl_bc,0,intercept,R,0,,0.047229,-0.00118526,0.0473326,0.00820451,5.75647,4.99786,6.6527,0.0426789,0.0517734,0.96,0.96,,,,,
0.3,10000,0.5,vfl_bc,1,R1 score,R,0.348477,2326.85,0.113548,-0.102839,0.0482606,0.00798821,14.2145,12.7472,16.1043,0.107437,0.120067,0.48,0.495,758.184,1,0.29908,0.449766,0.325841
0.3,10000,0.5,vfl_bc,2,R2 binary,R,-0.209086,-9050.28,0.0959169,0.0782148,0.0556596,0.00867667,11.0546,9.89826,12.4148,0.0890429,0.102496,0.68,0.68,4151.75,0.995,0.36874,0.686954,0.458743
0.3,10000,0.5,vfl_bc,3,R3 income ($),R,0.139391,0.0974833,0.0700164,-0.0358031,0.060321,0.00843699,8.29874,7.18988,9.64357,0.0626,0.0771643,0.88,0.875,0.0489661,0.965,0.323437,0.864404,0.502302
0.3,10000,0.5,vfl_bc,4,R4 count,R,0.0696955,1015.49,0.0541158,-0.00385757,0.0541136,0.00923909,5.85727,5.15985,6.65247,0.0490435,0.0588417,0.965,0.97,788.487,0.875,,,
0.3,10000,0.5,vfl_bc,5,O1 income ($),O,0.278782,0.194168,0.0967024,-0.0752294,0.0609134,0.00972627,9.94239,8.76002,11.5245,0.0888096,0.1043,0.755,0.755,0.0673519,1,0.250411,0.586982,0.346875
0.3,10000,0.5,vfl_bc,6,O2 age (yr),O,-0.174239,-194.692,0.0879976,0.0634996,0.061074,0.00887908,9.91067,8.89055,11.1957,0.0805944,0.0947178,0.815,0.815,98.3272,0.945,0.392764,0.859655,0.505041
0.3,10000,0.5,vfl_bc,7,O3 binary,O,0.104543,4527.56,0.0649959,-0.0331327,0.0560572,0.00918124,7.07921,6.18833,8.1334,0.0592996,0.0705277,0.93,0.93,2814.84,0.89,0.435177,1.00608,0.621713
0.3,10000,0.5,vfl_bc,8,O4 count,O,0.0348477,508.68,0.0515799,-0.00714758,0.0512104,0.00913206,5.64822,5.02697,6.48851,0.0471803,0.0558594,0.99,0.99,752.923,0.685,,,
0.3,10000,0.5,vfl_bc,9,O5 score,O,-0.0696955,-464.964,0.0653486,0.0317538,0.0572584,0.00921418,7.09217,6.21539,8.13654,0.0594026,0.0709897,0.925,0.925,435.964,0.74,,,
0.3,10000,0.5,vfl_bc,10,O6 assets ($),O,0.209086,0.14562,0.0764735,-0.0518696,0.0563348,0.009871,7.7473,6.78199,8.93596,0.0693746,0.0837746,0.83,0.825,0.0532607,0.995,0.25619,0.625756,0.365751
0.3,10000,0.5,vfl_uncorrected,0,intercept,R,0,,0.0481354,-0.00111922,0.0482432,0.00820451,5.86695,5.09659,6.77411,0.0435299,0.0527741,0.96,0.955,,,,,
0.3,10000,0.5,vfl_uncorrected,1,R1 score,R,0.348477,2326.85,0.110192,-0.0986443,0.0492305,0.00798821,13.7943,12.3536,15.6469,0.104087,0.116776,0.535,0.55,735.771,1,0.285733,0.437702,0.316209
0.3,10000,0.5,vfl_uncorrected,2,R2 binary,R,-0.209086,-9050.28,0.0941695,0.0751637,0.0568726,0.00867667,10.8532,9.7005,12.2103,0.0873007,0.100829,0.685,0.69,4076.11,0.995,0.352012,0.676525,0.450385
0.3,10000,0.5,vfl_uncorrected,3,R3 income ($),R,0.139391,0.0974833,0.0703979,-0.0340994,0.0617427,0.00843699,8.34397,7.22697,9.70598,0.0628902,0.0776696,0.88,0.88,0.0492329,0.965,0.320987,0.870438,0.505039
0.3,10000,0.5,vfl_uncorrected,4,R4 count,R,0.0696955,1015.49,0.0555098,-0.00435043,0.0554779,0.00923909,6.00814,5.29634,6.82755,0.0502893,0.0603652,0.95,0.95,808.798,0.86,,,
0.3,10000,0.5,vfl_uncorrected,5,O1 income ($),O,0.278782,0.194168,0.0930054,-0.068149,0.0634495,0.00972627,9.56228,8.38121,11.1023,0.0849361,0.100665,0.78,0.775,0.064777,1,0.230596,0.575332,0.333613
0.3,10000,0.5,vfl_uncorrected,6,O2 age (yr),O,-0.174239,-194.692,0.0860951,0.0582952,0.0635154,0.00887908,9.69639,8.69405,10.9824,0.0786501,0.0930234,0.815,0.825,96.2013,0.96,0.368965,0.837707,0.494121
0.3,10000,0.5,vfl_uncorrected,7,O3 binary,O,0.104543,4527.56,0.0656462,-0.0306012,0.0582231,0.00918124,7.15003,6.25548,8.21422,0.0598353,0.0712724,0.925,0.93,2843,0.895,0.429667,1.01959,0.627933
0.3,10000,0.5,vfl_uncorrected,8,O4 count,O,0.0348477,508.68,0.0535533,-0.00637708,0.0533057,0.00913206,5.86431,5.214,6.72722,0.0490598,0.057963,0.99,0.99,781.729,0.685,,,
0.3,10000,0.5,vfl_uncorrected,9,O5 score,O,-0.0696955,-464.964,0.0662602,0.0291956,0.0596307,0.00921418,7.19112,6.3127,8.25967,0.0601996,0.0719755,0.925,0.925,442.046,0.735,,,
0.3,10000,0.5,vfl_uncorrected,10,O6 assets ($),O,0.209086,0.14562,0.0747978,-0.0466973,0.0585767,0.009871,7.57753,6.62417,8.75946,0.0675865,0.0821997,0.835,0.83,0.0520937,0.995,0.236953,0.615603,0.357736
0.3,10000,1,vfl_bc,0,intercept,R,0,,0.0355415,0.00362464,0.0354449,0.00820451,4.33195,3.85895,4.8797,0.03247,0.0387854,0.965,0.97,,,,,
0.3,10000,1,vfl_bc,1,R1 score,R,0.348477,2326.85,0.0427462,-0.00307361,0.0427426,0.00798821,5.35117,4.69984,6.12925,0.0392241,0.0463958,0.94,0.935,285.425,1,0.0894537,0.200203,0.122666
0.3,10000,1,vfl_bc,2,R2 binary,R,-0.209086,-9050.28,0.0387232,0.00277456,0.0387206,0.00867667,4.46292,3.90917,5.03942,0.0349683,0.0422594,0.97,0.97,1676.13,1,0.117382,0.309053,0.185202
0.3,10000,1,vfl_bc,3,R3 income ($),R,0.139391,0.0974833,0.045111,0.00404594,0.0450419,0.00843699,5.34681,4.6543,6.19144,0.0406206,0.0497576,0.955,0.945,0.0315484,0.995,0.204065,0.549564,0.323629
0.3,10000,1,vfl_bc,4,R4 count,R,0.0696955,1015.49,0.0449448,-0.000385676,0.0450559,0.00923909,4.86463,4.28967,5.54181,0.0410091,0.0492686,0.95,0.95,654.861,0.96,,,
0.3,10000,1,vfl_bc,5,O1 income ($),O,0.278782,0.194168,0.0472493,-0.00282235,0.0472833,0.00972627,4.85791,4.20328,5.66838,0.0429104,0.05139,0.98,0.975,0.0329085,1,0.118685,0.281372,0.169485
0.3,10000,1,vfl_bc,6,O2 age (yr),O,-0.174239,-194.692,0.0433666,0.00627709,0.0430176,0.00887908,4.88413,4.22461,5.69796,0.038445,0.0484537,0.96,0.96,48.4572,0.995,0.17367,0.390312,0.248892
0.3,10000,1,vfl_bc,7,O3 binary,O,0.104543,4527.56,0.0421286,-0.00341834,0.0420951,0.00918124,4.58855,4.05011,5.27458,0.0383926,0.0458514,0.965,0.965,1824.5,0.985,0.291498,0.659257,0.402978
0.3,10000,1,vfl_bc,8,O4 count,O,0.0348477,508.68,0.04569,-0.00151095,0.0457796,0.00913206,5.00325,4.35601,5.79221,0.0408513,0.0504212,0.97,0.97,666.948,0.79,,,
0.3,10000,1,vfl_bc,9,O5 score,O,-0.0696955,-464.964,0.0533547,0.00426074,0.0533178,0.00921418,5.7905,5.00879,6.70718,0.0475136,0.0594668,0.93,0.93,355.948,0.905,,,
0.3,10000,1,vfl_bc,10,O6 assets ($),O,0.209086,0.14562,0.0479216,-0.00325148,0.0479311,0.009871,4.85479,4.21066,5.58171,0.0425723,0.053665,0.94,0.93,0.0333754,1,0.151544,0.356336,0.229195
0.3,10000,1,vfl_uncorrected,0,intercept,R,0,,0.0359205,0.00368795,0.0358203,0.00820451,4.37814,3.89367,4.93383,0.0328117,0.0392024,0.96,0.965,,,,,
0.3,10000,1,vfl_uncorrected,1,R1 score,R,0.348477,2326.85,0.0431349,-2.03762e-05,0.0432431,0.00798821,5.39982,4.73369,6.1785,0.0394615,0.0467906,0.935,0.935,288.02,1,0.0834013,0.198694,0.123781
0.3,10000,1,vfl_uncorrected,2,R2 binary,R,-0.209086,-9050.28,0.0391596,0.000219712,0.0392573,0.00867667,4.51321,3.96243,5.09528,0.0353144,0.0427423,0.97,0.97,1695.02,1,0.111532,0.314575,0.187289
0.3,10000,1,vfl_uncorrected,3,R3 income ($),R,0.139391,0.0974833,0.0459485,0.00543263,0.0457407,0.00843699,5.44608,4.74091,6.30079,0.0414276,0.0507232,0.955,0.945,0.0321341,0.995,0.207806,0.558406,0.329637
0.3,10000,1,vfl_uncorrected,4,R4 count,R,0.0696955,1015.49,0.0456485,-0.00127103,0.0457453,0.00923909,4.9408,4.35395,5.62897,0.0416142,0.0499896,0.95,0.95,665.115,0.96,,,
0.3,10000,1,vfl_uncorrected,5,O1 income ($),O,0.278782,0.194168,0.048333,0.00230617,0.0483991,0.00972627,4.96932,4.26497,5.81348,0.04381,0.0526908,0.965,0.965,0.0336633,1,0.112327,0.292707,0.173372
0.3,10000,1,vfl_uncorrected,6,O2 age (yr),O,-0.174239,-194.692,0.0440188,0.00208603,0.0440796,0.00887908,4.95758,4.28642,5.77699,0.0390786,0.0490626,0.97,0.97,49.1859,0.995,0.185013,0.378672,0.252635
0.3,10000,1,vfl_uncorrected,7,O3 binary,O,0.104543,4527.56,0.0429314,-0.00141841,0.0430157,0.00918124,4.67599,4.1248,5.37118,0.0391611,0.0466925,0.96,0.96,1859.27,0.985,0.293812,0.679605,0.410657
0.3,10000,1,vfl_uncorrected,8,O4 count,O,0.0348477,508.68,0.0468004,-0.000923982,0.0469087,0.00913206,5.12484,4.45812,5.93324,0.041886,0.0516183,0.96,0.955,683.156,0.79,,,
0.3,10000,1,vfl_uncorrected,9,O5 score,O,-0.0696955,-464.964,0.05449,0.00208806,0.0545866,0.00921418,5.91371,5.11386,6.84781,0.0485414,0.060683,0.93,0.93,363.522,0.905,,,
0.3,10000,1,vfl_uncorrected,10,O6 assets ($),O,0.209086,0.14562,0.048892,0.000261578,0.049014,0.009871,4.9531,4.30027,5.68929,0.0435454,0.0547359,0.93,0.93,0.0340513,1,0.144183,0.368119,0.233836
0.3,10000,2,vfl_bc,0,intercept,R,0,,0.0207279,0.00103316,0.0207541,0.00820451,2.52641,2.19605,2.90852,0.0188146,0.0226225,0.95,0.95,,,,,
0.3,10000,2,vfl_bc,1,R1 score,R,0.348477,2326.85,0.022364,-0.000984282,0.0223984,0.00798821,2.79963,2.47461,3.18606,0.0203346,0.0244497,0.96,0.965,149.329,1,0.0446139,0.105446,0.0641764
0.3,10000,2,vfl_bc,2,R2 binary,R,-0.209086,-9050.28,0.0233812,0.0015202,0.0233903,0.00867667,2.69472,2.40522,2.99712,0.0212603,0.0255675,0.95,0.955,1012.05,1,0.06884,0.180474,0.111826
0.3,10000,2,vfl_bc,3,R3 income ($),R,0.139391,0.0974833,0.0243361,0.00101891,0.0243758,0.00843699,2.88445,2.51472,3.3554,0.0220365,0.0268645,0.955,0.945,0.0170195,1,0.113349,0.299359,0.174589
0.3,10000,2,vfl_bc,4,R4 count,R,0.0696955,1015.49,0.0251662,0.000275417,0.0252278,0.00923909,2.72388,2.39495,3.11726,0.0229638,0.0273243,0.95,0.945,366.681,1,,,
0.3,10000,2,vfl_bc,5,O1 income ($),O,0.278782,0.194168,0.0301092,0.00408307,0.0299059,0.00972627,3.09565,2.7112,3.56572,0.0269601,0.0327692,0.92,0.92,0.0209706,1,0.0661862,0.187549,0.108003
0.3,10000,2,vfl_bc,6,O2 age (yr),O,-0.174239,-194.692,0.0242523,-0.00128077,0.0242792,0.00887908,2.73139,2.39791,3.13258,0.0217937,0.0265351,0.96,0.96,27.0991,1,0.0877882,0.241128,0.13919
0.3,10000,2,vfl_bc,7,O3 binary,O,0.104543,4527.56,0.0228302,0.00189954,0.0228081,0.00918124,2.48661,2.18716,2.84398,0.0207438,0.0249387,0.98,0.98,988.728,1,0.150495,0.372498,0.21838
0.3,10000,2,vfl_bc,8,O4 count,O,0.0348477,508.68,0.024657,0.00193346,0.0246427,0.00913206,2.70004,2.40021,3.06633,0.0223123,0.0270041,0.955,0.955,359.923,0.935,,,
0.3,10000,2,vfl_bc,9,O5 score,O,-0.0696955,-464.964,0.0253436,-0.00322007,0.0252013,0.00921418,2.7505,2.43717,3.12164,0.0227751,0.0279492,0.965,0.965,169.077,0.995,,,
0.3,10000,2,vfl_bc,10,O6 assets ($),O,0.209086,0.14562,0.0252362,0.00315622,0.0251009,0.009871,2.55661,2.26737,2.92175,0.0228183,0.027743,0.965,0.965,0.017576,1,0.0748284,0.206871,0.120698
0.3,10000,2,vfl_uncorrected,0,intercept,R,0,,0.0207908,0.00105216,0.0208163,0.00820451,2.53407,2.20252,2.91749,0.018871,0.0226897,0.95,0.95,,,,,
0.3,10000,2,vfl_uncorrected,1,R1 score,R,0.348477,2326.85,0.0224118,-0.000140283,0.0224676,0.00798821,2.80561,2.48113,3.19279,0.0203689,0.0245101,0.96,0.955,149.648,1,0.0460647,0.106731,0.0643136
0.3,10000,2,vfl_uncorrected,2,R2 binary,R,-0.209086,-9050.28,0.0234318,0.000811988,0.0234765,0.00867667,2.70056,2.41367,3.00381,0.0213367,0.0256235,0.955,0.95,1014.24,1,0.0684841,0.17752,0.112068
0.3,10000,2,vfl_uncorrected,3,R3 income ($),R,0.139391,0.0974833,0.0244423,0.00139254,0.0244638,0.00843699,2.89704,2.52741,3.37078,0.0221244,0.026961,0.955,0.945,0.0170937,1,0.113294,0.300385,0.175351
0.3,10000,2,vfl_uncorrected,4,R4 count,R,0.0696955,1015.49,0.0252673,3.22646e-05,0.0253307,0.00923909,2.73482,2.40538,3.13153,0.023061,0.0274293,0.95,0.945,368.153,1,,,
0.3,10000,2,vfl_uncorrected,5,O1 income ($),O,0.278782,0.194168,0.0305339,0.0055354,0.0301033,0.00972627,3.13932,2.75395,3.61945,0.0273787,0.0331843,0.91,0.915,0.0212664,1,0.0682456,0.193663,0.109526
0.3,10000,2,vfl_uncorrected,6,O2 age (yr),O,-0.174239,-194.692,0.0245022,-0.00247205,0.0244383,0.00887908,2.75954,2.42251,3.17223,0.0220219,0.0268379,0.96,0.965,27.3784,1,0.0879684,0.246667,0.140624
0.3,10000,2,vfl_uncorrected,7,O3 binary,O,0.104543,4527.56,0.0230142,0.00246995,0.0229387,0.00918124,2.50666,2.20479,2.87142,0.0209158,0.0251432,0.98,0.975,996.7,1,0.14905,0.37812,0.220141
0.3,10000,2,vfl_uncorrected,8,O4 count,O,0.0348477,508.68,0.0248177,0.00211978,0.0247891,0.00913206,2.71765,2.41677,3.08698,0.0224644,0.0271756,0.955,0.955,362.27,0.935,,,
0.3,10000,2,vfl_uncorrected,9,O5 score,O,-0.0696955,-464.964,0.0256022,-0.00385657,0.0253736,0.00921418,2.77857,2.46214,3.15384,0.0230134,0.0282483,0.96,0.96,170.802,0.995,,,
0.3,10000,2,vfl_uncorrected,10,O6 assets ($),O,0.209086,0.14562,0.025533,0.00414906,0.0252568,0.009871,2.58666,2.29441,2.95936,0.0231174,0.0280698,0.96,0.96,0.0177827,1,0.0734622,0.207986,0.122117
0.3,10000,4,vfl_bc,0,intercept,R,0,,0.0138051,0.00226744,0.0136518,0.00820451,1.68262,1.52372,1.85994,0.0124984,0.0151071,0.93,0.93,,,,,
0.3,10000,4,vfl_bc,1,R1 score,R,0.348477,2326.85,0.013134,-0.001095,0.0131211,0.00798821,1.64417,1.47,1.8443,0.0116871,0.0144843,0.96,0.965,87.6981,1,0.023898,0.0611605,0.0376896
0.3,10000,4,vfl_bc,2,R2 binary,R,-0.209086,-9050.28,0.0144652,-0.000542605,0.0144913,0.00867667,1.66714,1.49346,1.84938,0.0130153,0.0158821,0.96,0.96,626.124,1,0.0425507,0.114443,0.0691829
0.3,10000,4,vfl_bc,3,R3 income ($),R,0.139391,0.0974833,0.016134,0.00268727,0.0159486,0.00843699,1.9123,1.71007,2.16423,0.0146715,0.0175793,0.945,0.94,0.0112834,1,0.0894074,0.192709,0.115747
0.3,10000,4,vfl_bc,4,R4 count,R,0.0696955,1015.49,0.0165436,-0.000249702,0.0165832,0.00923909,1.79061,1.59774,2.01199,0.014953,0.018161,0.94,0.935,241.046,1,,,
0.3,10000,4,vfl_bc,5,O1 income ($),O,0.278782,0.194168,0.0157639,7.55572e-05,0.0158033,0.00972627,1.62075,1.41514,1.86204,0.014082,0.017353,0.945,0.95,0.0109793,1,0.0360856,0.0944638,0.0565456
0.3,10000,4,vfl_bc,6,O2 age (yr),O,-0.174239,-194.692,0.0138401,0.00020066,0.0138734,0.00887908,1.55873,1.3951,1.7503,0.01261,0.0150474,0.97,0.97,15.4647,1,0.0590687,0.11771,0.0794318
0.3,10000,4,vfl_bc,7,O3 binary,O,0.104543,4527.56,0.0145404,0.000483816,0.0145688,0.00918124,1.58371,1.41484,1.80547,0.0131208,0.0159592,0.955,0.955,629.716,1,0.0900877,0.212787,0.139085
0.3,10000,4,vfl_bc,8,O4 count,O,0.0348477,508.68,0.0159547,0.000720692,0.0159784,0.00913206,1.74711,1.55518,1.9685,0.0143372,0.0175376,0.95,0.95,232.895,0.975,,,
0.3,10000,4,vfl_bc,9,O5 score,O,-0.0696955,-464.964,0.0165728,-0.000980868,0.0165853,0.00921418,1.79862,1.61044,2.01878,0.0148988,0.0182451,0.94,0.94,110.563,1,,,
0.3,10000,4,vfl_bc,10,O6 assets ($),O,0.209086,0.14562,0.0156821,0.00375697,0.0152636,0.009871,1.5887,1.40832,1.78678,0.0140095,0.0171955,0.955,0.945,0.010922,1,0.0439893,0.12754,0.0750029
0.3,10000,4,vfl_uncorrected,0,intercept,R,0,,0.0138164,0.0022737,0.0136623,0.00820451,1.684,1.52506,1.86148,0.0125085,0.015119,0.93,0.93,,,,,
0.3,10000,4,vfl_uncorrected,1,R1 score,R,0.348477,2326.85,0.0131265,-0.000848993,0.0131319,0.00798821,1.64323,1.46917,1.84219,0.0116806,0.0144753,0.96,0.965,87.6479,1,0.0238365,0.0609325,0.0376681
0.3,10000,4,vfl_uncorrected,2,R2 binary,R,-0.209086,-9050.28,0.0144879,-0.000749886,0.0145048,0.00867667,1.66975,1.49626,1.8536,0.0130323,0.0159039,0.96,0.96,627.107,1,0.0428915,0.11552,0.0692914
0.3,10000,4,vfl_uncorrected,3,R3 income ($),R,0.139391,0.0974833,0.0161686,0.00279585,0.015965,0.00843699,1.91639,1.71333,2.16949,0.0147056,0.0176329,0.945,0.94,0.0113075,1,0.0895521,0.193722,0.115994
0.3,10000,4,vfl_uncorrected,4,R4 count,R,0.0696955,1015.49,0.0165638,-0.000318934,0.0166023,0.00923909,1.7928,1.59964,2.0151,0.0149676,0.0181774,0.935,0.935,241.341,1,,,
0.3,10000,4,vfl_uncorrected,5,O1 income ($),O,0.278782,0.194168,0.0157989,0.000488792,0.015831,0.00972627,1.62435,1.41731,1.86906,0.0141171,0.0173978,0.945,0.95,0.0110037,1,0.0362058,0.0950152,0.0566712
0.3,10000,4,vfl_uncorrected,6,O2 age (yr),O,-0.174239,-194.692,0.0138624,-0.000139606,0.0138965,0.00887908,1.56124,1.39828,1.75366,0.0126194,0.0150843,0.97,0.97,15.4896,1,0.0584244,0.119118,0.0795597
0.3,10000,4,vfl_uncorrected,7,O3 binary,O,0.104543,4527.56,0.0145698,0.000647656,0.0145919,0.00918124,1.58691,1.4177,1.80966,0.0131406,0.0159968,0.955,0.955,630.988,1,0.091622,0.214385,0.139366
0.3,10000,4,vfl_uncorrected,8,O4 count,O,0.0348477,508.68,0.0159848,0.000770682,0.0160062,0.00913206,1.7504,1.55824,1.97222,0.0143669,0.0175702,0.95,0.95,233.333,0.975,,,
0.3,10000,4,vfl_uncorrected,9,O5 score,O,-0.0696955,-464.964,0.0166157,-0.0011612,0.0166167,0.00921418,1.80328,1.61411,2.02367,0.0149491,0.018309,0.94,0.945,110.849,1,,,
0.3,10000,4,vfl_uncorrected,10,O6 assets ($),O,0.209086,0.14562,0.015778,0.00404597,0.0152887,0.009871,1.59842,1.41748,1.79752,0.0140892,0.0172973,0.955,0.945,0.0109888,1,0.0443279,0.12913,0.0754616
0.3,10000,8,vfl_bc,0,intercept,R,0,,0.00989715,0.00127808,0.00983891,0.00820451,1.20631,1.1199,1.30174,0.0088982,0.0109453,0.965,0.96,,,,,
0.3,10000,8,vfl_bc,1,R1 score,R,0.348477,2326.85,0.0101762,-0.00239657,0.00991484,0.00798821,1.27391,1.18343,1.38273,0.00920352,0.0110809,0.945,0.95,67.9487,1,0.0212599,0.0465377,0.029202
0.3,10000,8,vfl_bc,2,R2 binary,R,-0.209086,-9050.28,0.0108664,0.000395211,0.0108864,0.00867667,1.25237,1.14929,1.379,0.00979578,0.0119861,0.94,0.93,470.35,1,0.0338235,0.0879795,0.0519707
0.3,10000,8,vfl_bc,3,R3 income ($),R,0.139391,0.0974833,0.0107659,0.00232918,0.0105373,0.00843699,1.27604,1.17294,1.39369,0.00971219,0.011811,0.965,0.975,0.00752914,1,0.0555234,0.120455,0.0772352
0.3,10000,8,vfl_bc,4,R4 count,R,0.0696955,1015.49,0.0113794,0.000701534,0.0113862,0.00923909,1.23166,1.12942,1.34643,0.0101294,0.0126725,0.955,0.96,165.802,1,,,
0.3,10000,8,vfl_bc,5,O1 income ($),O,0.278782,0.194168,0.0121492,-0.000287847,0.0121763,0.00972627,1.24911,1.14488,1.36879,0.0108237,0.0134232,0.945,0.945,0.00846176,1,0.0261707,0.0696335,0.0435796
0.3,10000,8,vfl_bc,6,O2 age (yr),O,-0.174239,-194.692,0.0118413,0.000684995,0.0118511,0.00887908,1.33362,1.22659,1.45939,0.0106026,0.0129787,0.935,0.935,13.2313,1,0.0489821,0.102093,0.0679601
0.3,10000,8,vfl_bc,7,O3 binary,O,0.104543,4527.56,0.0120633,0.000101099,0.0120932,0.00918124,1.31391,1.21294,1.43386,0.0108731,0.0132637,0.925,0.925,522.439,1,0.0770933,0.194589,0.115391
0.3,10000,8,vfl_bc,8,O4 count,O,0.0348477,508.68,0.0109103,0.000276968,0.0109341,0.00913206,1.19472,1.10032,1.30726,0.00976198,0.0119972,0.95,0.955,159.26,0.995,,,
0.3,10000,8,vfl_bc,9,O5 score,O,-0.0696955,-464.964,0.0116397,-0.000824662,0.0116396,0.00921418,1.26324,1.15246,1.38292,0.0103398,0.0129424,0.95,0.955,77.6529,1,,,
0.3,10000,8,vfl_bc,10,O6 assets ($),O,0.209086,0.14562,0.0123872,0.00261971,0.0121374,0.009871,1.25491,1.13864,1.39123,0.0110851,0.0137753,0.93,0.93,0.00862722,1,0.041159,0.0925611,0.0592446
0.3,10000,8,vfl_uncorrected,0,intercept,R,0,,0.00989936,0.00127962,0.00984095,0.00820451,1.20658,1.12019,1.30203,0.00890057,0.0109477,0.965,0.96,,,,,
0.3,10000,8,vfl_uncorrected,1,R1 score,R,0.348477,2326.85,0.010161,-0.0023213,0.00991714,0.00798821,1.272,1.1816,1.38049,0.0091895,0.0110662,0.945,0.95,67.8471,1,0.0211766,0.0463291,0.0291583
0.3,10000,8,vfl_uncorrected,2,R2 binary,R,-0.209086,-9050.28,0.0108672,0.000331932,0.0108894,0.00867667,1.25246,1.14898,1.37928,0.00979795,0.0119903,0.94,0.93,470.386,1,0.0339044,0.0882477,0.0519748
0.3,10000,8,vfl_uncorrected,3,R3 income ($),R,0.139391,0.0974833,0.0107762,0.0023627,0.0105404,0.00843699,1.27726,1.17402,1.39439,0.00972139,0.0118236,0.965,0.975,0.00753635,1,0.0557904,0.120684,0.0773091
0.3,10000,8,vfl_uncorrected,4,R4 count,R,0.0696955,1015.49,0.0113815,0.000680592,0.0113896,0.00923909,1.23188,1.12934,1.34671,0.0101327,0.0126755,0.955,0.96,165.832,1,,,
0.3,10000,8,vfl_uncorrected,5,O1 income ($),O,0.278782,0.194168,0.0121529,-0.000161205,0.0121823,0.00972627,1.24949,1.14568,1.36884,0.0108357,0.0134308,0.945,0.945,0.00846433,1,0.0257454,0.0701115,0.0435928
0.3,10000,8,vfl_uncorrected,6,O2 age (yr),O,-0.174239,-194.692,0.0118412,0.000580813,0.0118567,0.00887908,1.33361,1.22672,1.45849,0.0106009,0.012968,0.935,0.935,13.2312,1,0.0489173,0.101534,0.0679599
0.3,10000,8,vfl_uncorrected,7,O3 binary,O,0.104543,4527.56,0.0120693,0.000151356,0.0120986,0.00918124,1.31456,1.2133,1.4339,0.0108778,0.0132658,0.925,0.925,522.695,1,0.0775931,0.194205,0.115448
0.3,10000,8,vfl_uncorrected,8,O4 count,O,0.0348477,508.68,0.0109158,0.000292289,0.0109393,0.00913206,1.19533,1.10073,1.30817,0.00976743,0.0120019,0.95,0.955,159.341,0.995,,,
0.3,10000,8,vfl_uncorrected,9,O5 score,O,-0.0696955,-464.964,0.0116498,-0.000879716,0.0116457,0.00921418,1.26434,1.15361,1.38421,0.0103481,0.0129562,0.95,0.955,77.7202,1,,,
0.3,10000,8,vfl_uncorrected,10,O6 assets ($),O,0.209086,0.14562,0.0124118,0.00270788,0.0121432,0.009871,1.2574,1.14113,1.39398,0.0111051,0.0138044,0.935,0.93,0.00864434,1,0.0411999,0.0929846,0.0593622
0.3,25000,,ols,0,intercept,R,0,,0.00521912,0.001308,0.00506523,0.00506523,1.03038,1.00442,1.07419,0.00465897,0.00577522,0.955,0.965,,,,,
0.3,25000,,ols,1,R1 score,R,0.348477,2326.85,0.00582356,-0.00159943,0.00561367,0.00561367,1.03739,1.00848,1.0829,0.00520798,0.00640931,0.94,0.94,38.885,1,0.0109024,0.0264548,0.0167114
0.3,25000,,ols,2,R2 binary,R,-0.209086,-9050.28,0.00529978,0.00123747,0.00516621,0.00516621,1.02585,1.0026,1.06823,0.00479633,0.00577528,0.96,0.965,229.4,1,0.0165195,0.0437552,0.0253473
0.3,25000,,ols,3,R3 income ($),R,0.139391,0.0974833,0.00604369,0.00297977,0.00527125,0.00527125,1.14654,1.08389,1.23016,0.00552622,0.00656862,0.945,0.965,0.00422667,1,0.0290824,0.0729976,0.0433578
0.3,25000,,ols,4,R4 count,R,0.0696955,1015.49,0.0052442,-0.000318148,0.00524768,0.00524768,0.999338,0.997502,1.01654,0.00473968,0.00575237,0.98,0.98,76.4099,1,,,
0.3,25000,,ols,5,O1 income ($),O,0.278782,0.194168,0.00566792,0.000854378,0.00561721,0.00561721,1.00903,0.997742,1.0441,0.00507942,0.00626387,0.955,0.95,0.00394763,1,0.0148489,0.0303671,0.020331
0.3,25000,,ols,6,O2 age (yr),O,-0.174239,-194.692,0.00530935,0.0002994,0.00531421,0.00531421,0.999087,0.997504,1.01606,0.00478532,0.00582737,0.955,0.975,5.93259,1,0.0191459,0.0489987,0.0304717
0.3,25000,,ols,7,O3 binary,O,0.104543,4527.56,0.00568705,-0.00037662,0.00568881,0.00568881,0.999691,0.997503,1.01739,0.00514439,0.00622643,0.945,0.945,246.295,1,0.0356478,0.0846726,0.0543991
0.3,25000,,ols,8,O4 count,O,0.0348477,508.68,0.00599738,-0.000125015,0.00601112,0.00601112,0.997714,0.997499,1.01165,0.00532405,0.0066646,0.935,0.93,87.5451,1,,,
0.3,25000,,ols,9,O5 score,O,-0.0696955,-464.964,0.00571503,-0.000490418,0.00570823,0.00570823,1.00119,0.997509,1.02358,0.00519704,0.00623479,0.955,0.955,38.127,1,,,
0.3,25000,,ols,10,O6 assets ($),O,0.209086,0.14562,0.00584789,0.00147478,0.00567308,0.00567308,1.03082,1.00545,1.07808,0.00532593,0.00633911,0.945,0.955,0.00407282,1,0.0190282,0.046662,0.0279688
0.3,25000,,ols_unclipped,0,intercept,R,0,,0.00507658,-9.83386e-05,0.00508836,0.00506523,1.00224,0.994995,1.01897,0.00454225,0.00557846,,,,,,,
0.3,25000,,ols_unclipped,1,R1 score,R,0.348477,2326.85,0.00564685,-2.19872e-05,0.00566098,0.00561367,1.00591,0.998929,1.02186,0.00508921,0.00615195,,,37.7051,1,0.0113669,0.0263951,0.0162044
0.3,25000,,ols_unclipped,2,R2 binary,R,-0.209086,-9050.28,0.00519946,0.000611783,0.0051763,0.00516621,1.00644,0.994588,1.03411,0.00471815,0.00565849,,,225.058,1,0.0167999,0.0430436,0.0248675
0.3,25000,,ols_unclipped,3,R3 income ($),R,0.139391,0.0974833,0.00516817,0.000571025,0.00514942,0.00527125,0.980445,0.959134,1.01375,0.00472226,0.00560931,,,0.00361437,1,0.025437,0.0633846,0.0370768
0.3,25000,,ols_unclipped,4,R4 count,R,0.0696955,1015.49,0.0051168,-0.000530772,0.00510197,0.00524768,0.97506,0.957382,1.00159,0.00461246,0.00561253,,,74.5536,1,,,
0.3,25000,,ols_unclipped,5,O1 income ($),O,0.278782,0.194168,0.00562125,-0.000276194,0.00562855,0.00561721,1.00072,0.966456,1.03864,0.00490972,0.00635442,,,0.00391513,1,0.0123744,0.0327546,0.0201636
0.3,25000,,ols_unclipped,6,O2 age (yr),O,-0.174239,-194.692,0.00532617,-7.54082e-05,0.005339,0.00531421,1.00225,0.995205,1.01748,0.00480548,0.00582968,,,5.95138,1,0.019449,0.0497457,0.0305682
0.3,25000,,ols_unclipped,7,O3 binary,O,0.104543,4527.56,0.00568979,0.000108216,0.00570303,0.00568881,1.00017,0.994614,1.01579,0.00515572,0.00621295,,,246.413,1,0.0389259,0.0856525,0.0544252
0.3,25000,,ols_unclipped,8,O4 count,O,0.0348477,508.68,0.00594057,-0.000416895,0.0059408,0.00601112,0.988263,0.978012,1.01031,0.00527037,0.0065924,,,86.7159,1,,,
0.3,25000,,ols_unclipped,9,O5 score,O,-0.0696955,-464.964,0.00568894,-0.000349727,0.00569243,0.00570823,0.99662,0.988658,1.0178,0.00515874,0.00622603,,,37.953,1,,,
0.3,25000,,ols_unclipped,10,O6 assets ($),O,0.209086,0.14562,0.00562359,-0.000272462,0.00563108,0.00567308,0.991276,0.96916,1.01708,0.00510124,0.00614841,,,0.0039166,1,0.0165565,0.0438403,0.026896
0.3,25000,0.5,vfl_bc,0,intercept,R,0,,0.0265699,0.000398744,0.0266336,0.00506523,5.24554,4.66023,5.98119,0.0242486,0.0287693,0.965,0.97,,,,,
0.3,25000,0.5,vfl_bc,1,R1 score,R,0.348477,2326.85,0.0292359,-0.00200643,0.0292402,0.00561367,5.20799,4.62889,5.97006,0.0268195,0.0316869,0.955,0.955,195.214,1,0.0613992,0.136937,0.0838962
0.3,25000,0.5,vfl_bc,2,R2 binary,R,-0.209086,-9050.28,0.031693,1.64363e-05,0.0317725,0.00516621,6.13466,5.40859,6.99212,0.0289439,0.0344556,0.96,0.96,1371.83,1,0.116057,0.233141,0.151578
0.3,25000,0.5,vfl_bc,3,R3 income ($),R,0.139391,0.0974833,0.0314272,0.00372486,0.031284,0.00527125,5.96201,5.32503,6.73576,0.0283603,0.0344061,0.965,0.965,0.0219787,1,0.140825,0.372489,0.225461
0.3,25000,0.5,vfl_bc,4,R4 count,R,0.0696955,1015.49,0.0340753,-0.00226591,0.0340852,0.00524768,6.4934,5.66934,7.40378,0.030977,0.0370294,0.935,0.94,496.489,0.97,,,
0.3,25000,0.5,vfl_bc,5,O1 income ($),O,0.278782,0.194168,0.0358094,-0.0021416,0.035835,0.00561721,6.37494,5.52257,7.41843,0.0324261,0.0394394,0.945,0.94,0.0249408,1,0.0855237,0.203823,0.128449
0.3,25000,0.5,vfl_bc,6,O2 age (yr),O,-0.174239,-194.692,0.0336574,0.00182911,0.033692,0.00531421,6.33347,5.5032,7.30941,0.0301315,0.0373349,0.965,0.965,37.6083,1,0.13598,0.29716,0.193168
0.3,25000,0.5,vfl_bc,7,O3 binary,O,0.104543,4527.56,0.0356867,-0.00121733,0.0357555,0.00568881,6.27315,5.50306,7.22049,0.0319904,0.0394451,0.94,0.94,1545.52,1,0.237728,0.538521,0.341359
0.3,25000,0.5,vfl_bc,8,O4 count,O,0.0348477,508.68,0.0347205,-0.00210857,0.0347433,0.00601112,5.77603,5.01699,6.66378,0.0314135,0.0379415,0.965,0.965,506.822,0.84,,,
0.3,25000,0.5,vfl_bc,9,O5 score,O,-0.0696955,-464.964,0.0358407,-0.00161255,0.0358942,0.00570823,6.27877,5.4674,7.22748,0.0320865,0.0395088,0.95,0.95,239.106,0.965,,,
0.3,25000,0.5,vfl_bc,10,O6 assets ($),O,0.209086,0.14562,0.0355069,-0.000374504,0.035594,0.00567308,6.25884,5.35931,7.29998,0.0310228,0.0398093,0.93,0.935,0.0247291,1,0.100098,0.266025,0.169819
0.3,25000,0.5,vfl_uncorrected,0,intercept,R,0,,0.0267059,0.000430702,0.0267695,0.00506523,5.2724,4.68655,6.01143,0.0243633,0.0289215,0.965,0.97,,,,,
0.3,25000,0.5,vfl_uncorrected,1,R1 score,R,0.348477,2326.85,0.0293563,-0.000321592,0.0294282,0.00561367,5.22943,4.64137,5.99449,0.0269057,0.0318573,0.955,0.95,196.017,1,0.0620773,0.139651,0.0842415
0.3,25000,0.5,vfl_uncorrected,2,R2 binary,R,-0.209086,-9050.28,0.0319455,-0.00141285,0.0319943,0.00516621,6.18354,5.45544,7.03346,0.0291947,0.0346946,0.96,0.965,1382.76,1,0.114837,0.232671,0.152786
0.3,25000,0.5,vfl_uncorrected,3,R3 income ($),R,0.139391,0.0974833,0.031769,0.00450195,0.0315273,0.00527125,6.02684,5.37631,6.81088,0.0286658,0.0348101,0.96,0.965,0.0222177,1,0.141602,0.376621,0.227913
0.3,25000,0.5,vfl_uncorrected,4,R4 count,R,0.0696955,1015.49,0.0343833,-0.00276526,0.034358,0.00524768,6.55211,5.72008,7.47381,0.0312415,0.0373466,0.93,0.94,500.978,0.97,,,
0.3,25000,0.5,vfl_uncorrected,5,O1 income ($),O,0.278782,0.194168,0.0362281,0.000719551,0.0363118,0.00561721,6.44947,5.58912,7.52769,0.0326611,0.0399477,0.945,0.945,0.0252324,1,0.0867907,0.216744,0.129951
0.3,25000,0.5,vfl_uncorrected,6,O2 age (yr),O,-0.174239,-194.692,0.034036,-0.000519388,0.0341174,0.00531421,6.40472,5.54263,7.40557,0.0304013,0.0376976,0.965,0.965,38.0313,1,0.131626,0.286629,0.195341
0.3,25000,0.5,vfl_uncorrected,7,O3 binary,O,0.104543,4527.56,0.036129,-9.74686e-05,0.0362195,0.00568881,6.35089,5.55382,7.30934,0.0323805,0.0399576,0.94,0.945,1564.67,1,0.250919,0.551275,0.345589
0.3,25000,0.5,vfl_uncorrected,8,O4 count,O,0.0348477,508.68,0.0351755,-0.00178336,0.0352184,0.00601112,5.85173,5.08294,6.75909,0.0318122,0.0384339,0.965,0.965,513.464,0.84,,,
0.3,25000,0.5,vfl_uncorrected,9,O5 score,O,-0.0696955,-464.964,0.0364132,-0.00285664,0.0363921,0.00570823,6.37907,5.55746,7.34783,0.0326349,0.0401572,0.945,0.945,242.926,0.965,,,
0.3,25000,0.5,vfl_uncorrected,10,O6 assets ($),O,0.209086,0.14562,0.0359751,0.00159599,0.0360299,0.00567308,6.34138,5.42653,7.41696,0.0313962,0.0403318,0.93,0.93,0.0250552,1,0.0966223,0.271819,0.172059
0.3,25000,1,vfl_bc,0,intercept,R,0,,0.0144021,0.000296332,0.0144352,0.00506523,2.84333,2.45966,3.29642,0.0128796,0.0159322,0.96,0.965,,,,,
0.3,25000,1,vfl_bc,1,R1 score,R,0.348477,2326.85,0.0154218,-0.00166497,0.0153701,0.00561367,2.74718,2.44212,3.0883,0.0140601,0.0166803,0.975,0.98,102.974,1,0.0307416,0.074846,0.0442547
0.3,25000,1,vfl_bc,2,R2 binary,R,-0.209086,-9050.28,0.0179038,0.00115862,0.0179111,0.00516621,3.46556,3.02355,3.9732,0.016022,0.019691,0.94,0.94,774.965,1,0.0588564,0.135316,0.0856288
0.3,25000,1,vfl_bc,3,R3 income ($),R,0.139391,0.0974833,0.0180165,0.00123693,0.0180191,0.00527125,3.41789,2.99527,3.93425,0.0159693,0.0199814,0.95,0.94,0.0125999,1,0.082094,0.207933,0.129252
0.3,25000,1,vfl_bc,4,R4 count,R,0.0696955,1015.49,0.0185331,0.000357123,0.0185761,0.00524768,3.53167,3.1586,3.96019,0.0169677,0.0199715,0.96,0.96,270.033,1,,,
0.3,25000,1,vfl_bc,5,O1 income ($),O,0.278782,0.194168,0.0204739,-0.000732104,0.0205121,0.00561721,3.64485,3.18982,4.18983,0.0186598,0.0222735,0.95,0.945,0.0142598,1,0.0565132,0.125863,0.0734405
0.3,25000,1,vfl_bc,6,O2 age (yr),O,-0.174239,-194.692,0.0196117,0.00252511,0.0194973,0.00531421,3.69043,3.21593,4.24479,0.017665,0.0213982,0.955,0.96,21.9138,1,0.0756975,0.187211,0.112556
0.3,25000,1,vfl_bc,7,O3 binary,O,0.104543,4527.56,0.0186097,-0.00201753,0.0185464,0.00568881,3.27128,2.917,3.70906,0.0170558,0.0201538,0.95,0.955,805.949,1,0.123675,0.281281,0.17801
0.3,25000,1,vfl_bc,8,O4 count,O,0.0348477,508.68,0.0186921,0.000457858,0.0187334,0.00601112,3.10958,2.74108,3.54812,0.0170368,0.0203014,0.975,0.97,272.853,0.97,,,
0.3,25000,1,vfl_bc,9,O5 score,O,-0.0696955,-464.964,0.0196631,0.000287583,0.0197103,0.00570823,3.44469,3.00263,3.94628,0.0175321,0.0217287,0.96,0.96,131.18,0.995,,,
0.3,25000,1,vfl_bc,10,O6 assets ($),O,0.209086,0.14562,0.020265,-0.000478475,0.0203102,0.00567308,3.57213,3.18565,4.06008,0.0183774,0.0221237,0.925,0.92,0.0141137,1,0.0596482,0.164874,0.0969215
0.3,25000,1,vfl_uncorrected,0,intercept,R,0,,0.0144271,0.000302709,0.0144601,0.00506523,2.84825,2.46392,3.30223,0.0129019,0.0159596,0.96,0.965,,,,,
0.3,25000,1,vfl_uncorrected,1,R1 score,R,0.348477,2326.85,0.0154081,-0.00119639,0.0154002,0.00561367,2.74475,2.43927,3.08911,0.0140414,0.016663,0.975,0.98,102.883,1,0.0308837,0.0748394,0.0442156
0.3,25000,1,vfl_uncorrected,2,R2 binary,R,-0.209086,-9050.28,0.0179183,0.000767305,0.0179468,0.00516621,3.46836,3.02571,3.98006,0.0160461,0.019729,0.94,0.94,775.591,1,0.0573714,0.137388,0.085698
0.3,25000,1,vfl_uncorrected,3,R3 income ($),R,0.139391,0.0974833,0.0180693,0.0014405,0.018057,0.00527125,3.42789,3.00197,3.94942,0.0160086,0.0200441,0.95,0.94,0.0126368,1,0.0810626,0.209754,0.12963
0.3,25000,1,vfl_uncorrected,4,R4 count,R,0.0696955,1015.49,0.0185715,0.000228376,0.0186167,0.00524768,3.539,3.16433,3.96763,0.0170006,0.0200093,0.96,0.96,270.594,1,,,
0.3,25000,1,vfl_uncorrected,5,O1 income ($),O,0.278782,0.194168,0.0205335,5.03192e-05,0.020585,0.00561721,3.65546,3.20089,4.20381,0.0186993,0.0223198,0.945,0.95,0.0143013,1,0.0540983,0.127976,0.0736544
0.3,25000,1,vfl_uncorrected,6,O2 age (yr),O,-0.174239,-194.692,0.0196088,0.00188328,0.0195672,0.00531421,3.68989,3.21156,4.24042,0.01766,0.0214142,0.96,0.955,21.9106,1,0.075355,0.184128,0.11254
0.3,25000,1,vfl_uncorrected,7,O3 binary,O,0.104543,4527.56,0.0186369,-0.00171313,0.0186045,0.00568881,3.27606,2.92158,3.71561,0.0170759,0.0201926,0.955,0.955,807.124,1,0.123817,0.279492,0.178269
0.3,25000,1,vfl_uncorrected,8,O4 count,O,0.0348477,508.68,0.0187584,0.000556314,0.0187972,0.00601112,3.12062,2.74978,3.5607,0.0170997,0.0203753,0.97,0.97,273.821,0.97,,,
0.3,25000,1,vfl_uncorrected,9,O5 score,O,-0.0696955,-464.964,0.0197337,-4.98726e-05,0.0197832,0.00570823,3.45706,3.01227,3.95924,0.0176068,0.0217946,0.96,0.96,131.651,0.995,,,
0.3,25000,1,vfl_uncorrected,10,O6 assets ($),O,0.209086,0.14562,0.0203309,5.99401e-05,0.0203818,0.00567308,3.58375,3.19731,4.07033,0.0184407,0.022204,0.92,0.92,0.0141597,1,0.0600462,0.162596,0.0972368
0.3,25000,2,vfl_bc,0,intercept,R,0,,0.00846015,0.0017585,0.00829614,0.00506523,1.67024,1.49143,1.87884,0.00759198,0.00929694,0.97,0.97,,,,,
0.3,25000,2,vfl_bc,1,R1 score,R,0.348477,2326.85,0.00902174,-0.000607217,0.00902387,0.00561367,1.6071,1.4419,1.803,0.0081077,0.00984525,0.965,0.955,60.2399,1,0.0160234,0.0443432,0.025889
0.3,25000,2,vfl_bc,2,R2 binary,R,-0.209086,-9050.28,0.00904609,0.00136601,0.00896479,0.00516621,1.75101,1.55985,1.98186,0.00821979,0.00985751,0.97,0.965,391.559,1,0.0296138,0.0719151,0.0432648
0.3,25000,2,vfl_bc,3,R3 income ($),R,0.139391,0.0974833,0.010959,0.00338511,0.0104492,0.00527125,2.07901,1.86798,2.31631,0.00991623,0.0119472,0.94,0.95,0.00766418,1,0.0493756,0.131545,0.0786205
0.3,25000,2,vfl_bc,4,R4 count,R,0.0696955,1015.49,0.00997498,4.12187e-05,0.00999993,0.00524768,1.90084,1.71176,2.11477,0.00902462,0.0109045,0.955,0.955,145.339,1,,,
0.3,25000,2,vfl_bc,5,O1 income ($),O,0.278782,0.194168,0.0110628,0.000474261,0.0110804,0.00561721,1.96945,1.73224,2.24886,0.010041,0.0120043,0.97,0.97,0.00770511,1,0.0260188,0.067106,0.0396827
0.3,25000,2,vfl_bc,6,O2 age (yr),O,-0.174239,-194.692,0.0111041,-0.000513352,0.0111201,0.00531421,2.08951,1.87358,2.36087,0.0100662,0.0121265,0.965,0.96,12.4075,1,0.0424279,0.104149,0.0637292
0.3,25000,2,vfl_bc,7,O3 binary,O,0.104543,4527.56,0.0110371,-0.000610431,0.0110479,0.00568881,1.94015,1.75482,2.16509,0.0100319,0.0120805,0.935,0.945,477.996,1,0.0771393,0.163913,0.105575
0.3,25000,2,vfl_bc,8,O4 count,O,0.0348477,508.68,0.0114171,0.000101881,0.0114453,0.00601112,1.89933,1.66753,2.17216,0.0102843,0.012498,0.935,0.945,166.658,1,,,
0.3,25000,2,vfl_bc,9,O5 score,O,-0.0696955,-464.964,0.0109258,-0.000795381,0.0109242,0.00570823,1.91405,1.69241,2.16101,0.0097961,0.0119706,0.965,0.965,72.8901,1,,,
0.3,25000,2,vfl_bc,10,O6 assets ($),O,0.209086,0.14562,0.011431,0.00169527,0.011333,0.00567308,2.01496,1.81256,2.24032,0.010266,0.0125601,0.95,0.93,0.00796123,1,0.0390675,0.0899121,0.0546711
0.3,25000,2,vfl_uncorrected,0,intercept,R,0,,0.00846435,0.00176086,0.00829994,0.00506523,1.67107,1.49211,1.87979,0.0075955,0.00930135,0.97,0.97,,,,,
0.3,25000,2,vfl_uncorrected,1,R1 score,R,0.348477,2326.85,0.00901778,-0.000474388,0.00902789,0.00561367,1.6064,1.44077,1.8023,0.0081047,0.00984328,0.965,0.955,60.2134,1,0.0159083,0.0446934,0.0258776
0.3,25000,2,vfl_uncorrected,2,R2 binary,R,-0.209086,-9050.28,0.00903408,0.00125502,0.00896894,0.00516621,1.74869,1.55756,1.98031,0.00820469,0.00985117,0.965,0.965,391.039,1,0.0297816,0.0714323,0.0432074
0.3,25000,2,vfl_uncorrected,3,R3 income ($),R,0.139391,0.0974833,0.0109825,0.00344381,0.0104548,0.00527125,2.08347,1.87128,2.32197,0.00993901,0.0119723,0.94,0.95,0.00768064,1,0.0493665,0.131981,0.0787893
0.3,25000,2,vfl_uncorrected,4,R4 count,R,0.0696955,1015.49,0.00998097,4.37473e-06,0.010006,0.00524768,1.90198,1.71246,2.11627,0.00902526,0.0109172,0.955,0.955,145.426,1,,,
0.3,25000,2,vfl_uncorrected,5,O1 income ($),O,0.278782,0.194168,0.0110846,0.000697764,0.0110903,0.00561721,1.97332,1.73265,2.25296,0.0100528,0.0120336,0.97,0.97,0.00772025,1,0.0257568,0.0665744,0.0397607
0.3,25000,2,vfl_uncorrected,6,O2 age (yr),O,-0.174239,-194.692,0.0111246,-0.000697644,0.0111306,0.00531421,2.09337,1.87388,2.36619,0.0100816,0.0121496,0.965,0.955,12.4304,1,0.0433239,0.105279,0.0638468
0.3,25000,2,vfl_uncorrected,7,O3 binary,O,0.104543,4527.56,0.0110423,-0.000522891,0.0110576,0.00568881,1.94105,1.75555,2.16677,0.0100312,0.0120834,0.945,0.945,478.218,1,0.076614,0.164729,0.105624
0.3,25000,2,vfl_uncorrected,8,O4 count,O,0.0348477,508.68,0.0114284,0.000129168,0.0114564,0.00601112,1.90122,1.66937,2.17395,0.0102932,0.0125136,0.935,0.945,166.824,1,,,
0.3,25000,2,vfl_uncorrected,9,O5 score,O,-0.0696955,-464.964,0.0109444,-0.000891686,0.0109354,0.00570823,1.9173,1.69674,2.16559,0.00980978,0.0119921,0.965,0.965,73.014,1,,,
0.3,25000,2,vfl_uncorrected,10,O6 assets ($),O,0.209086,0.14562,0.0114646,0.00184958,0.0113428,0.00567308,2.02088,1.81756,2.24657,0.0103008,0.0125942,0.95,0.935,0.00798465,1,0.0390615,0.0893941,0.054832
0.3,25000,4,vfl_bc,0,intercept,R,0,,0.00709297,0.00140153,0.00697057,0.00506523,1.40032,1.29303,1.52619,0.00635781,0.00781312,0.92,0.925,,,,,
0.3,25000,4,vfl_bc,1,R1 score,R,0.348477,2326.85,0.00728989,-0.00182264,0.00707607,0.00561367,1.2986,1.19894,1.41233,0.00651454,0.00808135,0.945,0.945,48.676,1,0.0135923,0.0315092,0.0209193
0.3,25000,4,vfl_bc,2,R2 binary,R,-0.209086,-9050.28,0.00695472,0.00117997,0.00687109,0.00516621,1.34619,1.25223,1.45941,0.00639403,0.0074917,0.975,0.975,301.034,1,0.0250748,0.0525638,0.0332624
0.3,25000,4,vfl_bc,3,R3 income ($),R,0.139391,0.0974833,0.00826437,0.00321626,0.00763196,0.00527125,1.56782,1.43638,1.73392,0.00751942,0.00897583,0.9,0.955,0.0057797,1,0.0398238,0.104507,0.0592892
0.3,25000,4,vfl_bc,4,R4 count,R,0.0696955,1015.49,0.00731017,0.000113786,0.00732763,0.00524768,1.39303,1.27419,1.53594,0.00662554,0.00802499,0.965,0.965,106.512,1,,,
0.3,25000,4,vfl_bc,5,O1 income ($),O,0.278782,0.194168,0.00761138,3.19455e-06,0.00763048,0.00561721,1.35501,1.22759,1.51564,0.00688773,0.00828614,0.96,0.96,0.00530123,1,0.017932,0.0445228,0.0273023
0.3,25000,4,vfl_bc,6,O2 age (yr),O,-0.174239,-194.692,0.00715309,0.000827512,0.00712289,0.00531421,1.34603,1.22503,1.49781,0.0064502,0.00779675,0.955,0.965,7.99276,1,0.0283915,0.0644743,0.0410534
0.3,25000,4,vfl_bc,7,O3 binary,O,0.104543,4527.56,0.00736539,-0.000690518,0.00735135,0.00568881,1.29472,1.19041,1.41516,0.00664917,0.00807077,0.945,0.945,318.98,1,0.0496354,0.106652,0.0704531
0.3,25000,4,vfl_bc,8,O4 count,O,0.0348477,508.68,0.00868834,-0.000659869,0.00868499,0.00601112,1.44538,1.3087,1.60831,0.00791264,0.00946983,0.925,0.92,126.826,1,,,
0.3,25000,4,vfl_bc,9,O5 score,O,-0.0696955,-464.964,0.00795241,0.00016562,0.00797064,0.00570823,1.39315,1.27245,1.53083,0.00722003,0.0086574,0.955,0.965,53.0534,1,,,
0.3,25000,4,vfl_bc,10,O6 assets ($),O,0.209086,0.14562,0.007367,0.000618392,0.00735942,0.00567308,1.29859,1.1798,1.43245,0.00660467,0.00810697,0.96,0.955,0.00513082,1,0.0241126,0.061423,0.0352342
0.3,25000,4,vfl_uncorrected,0,intercept,R,0,,0.00709394,0.00140222,0.00697143,0.00506523,1.40052,1.2932,1.52638,0.0063588,0.00781424,0.92,0.925,,,,,
0.3,25000,4,vfl_uncorrected,1,R1 score,R,0.348477,2326.85,0.00728107,-0.00178381,0.0070769,0.00561367,1.29703,1.19729,1.41053,0.00650775,0.00807121,0.945,0.945,48.6171,1,0.0135916,0.0313998,0.020894
0.3,25000,4,vfl_uncorrected,2,R2 binary,R,-0.209086,-9050.28,0.00695011,0.00114736,0.00687195,0.00516621,1.3453,1.25109,1.45834,0.00638962,0.00748576,0.975,0.975,300.834,1,0.0250548,0.0525035,0.0332404
0.3,25000,4,vfl_uncorrected,3,R3 income ($),R,0.139391,0.0974833,0.00827214,0.00323356,0.00763307,0.00527125,1.56929,1.43771,1.73547,0.00752665,0.00898397,0.9,0.955,0.00578513,1,0.039724,0.104645,0.0593449
0.3,25000,4,vfl_uncorrected,4,R4 count,R,0.0696955,1015.49,0.00731119,0.000102965,0.00732881,0.00524768,1.39322,1.27423,1.53629,0.00662673,0.00802647,0.965,0.965,106.527,1,,,
0.3,25000,4,vfl_uncorrected,5,O1 income ($),O,0.278782,0.194168,0.00761376,6.86538e-05,0.00763256,0.00561721,1.35543,1.22696,1.51709,0.00689318,0.00828528,0.96,0.96,0.00530288,1,0.0179443,0.0445685,0.0273108
0.3,25000,4,vfl_uncorrected,6,O2 age (yr),O,-0.174239,-194.692,0.00714891,0.000773723,0.00712475,0.00531421,1.34524,1.22518,1.49748,0.00644647,0.00778653,0.955,0.965,7.98808,1,0.0280848,0.0648095,0.0410294
0.3,25000,4,vfl_uncorrected,7,O3 binary,O,0.104543,4527.56,0.00736479,-0.000664692,0.00735314,0.00568881,1.29461,1.19027,1.41542,0.00664748,0.00806702,0.945,0.95,318.954,1,0.0497946,0.106748,0.0704473
0.3,25000,4,vfl_uncorrected,8,O4 count,O,0.0348477,508.68,0.00869006,-0.000652206,0.00868729,0.00601112,1.44566,1.30896,1.60863,0.00791422,0.00947189,0.925,0.92,126.851,1,,,
0.3,25000,4,vfl_uncorrected,9,O5 score,O,-0.0696955,-464.964,0.00795403,0.000137631,0.0079728,0.00570823,1.39343,1.27236,1.53172,0.00722212,0.00866006,0.955,0.965,53.0642,1,,,
0.3,25000,4,vfl_uncorrected,10,O6 assets ($),O,0.209086,0.14562,0.00737258,0.000663436,0.0073611,0.00567308,1.29957,1.17993,1.43466,0.00660975,0.00811512,0.955,0.955,0.00513471,1,0.0241888,0.0612458,0.0352609
0.3,25000,8,vfl_bc,0,intercept,R,0,,0.00593959,0.00143637,0.00577775,0.00506523,1.17262,1.0973,1.25577,0.00527559,0.00658983,0.935,0.95,,,,,
0.3,25000,8,vfl_bc,1,R1 score,R,0.348477,2326.85,0.00642151,-0.00175852,0.00619154,0.00561367,1.14391,1.08147,1.21955,0.0057347,0.00705255,0.93,0.95,42.8777,1,0.0121459,0.0301046,0.0184273
0.3,25000,8,vfl_bc,2,R2 binary,R,-0.209086,-9050.28,0.00592779,0.00133334,0.00579038,0.00516621,1.14741,1.07796,1.22496,0.00539856,0.00645734,0.95,0.955,256.583,1,0.01743,0.0476122,0.0283509
0.3,25000,8,vfl_bc,3,R3 income ($),R,0.139391,0.0974833,0.00685681,0.00302212,0.00617033,0.00527125,1.30079,1.20903,1.41292,0.00620622,0.00751072,0.935,0.96,0.00479532,1,0.032763,0.0779007,0.0491912
0.3,25000,8,vfl_bc,4,R4 count,R,0.0696955,1015.49,0.00561566,-0.000317628,0.00562074,0.00524768,1.07012,1.00812,1.14468,0.0051301,0.00613169,0.965,0.965,81.8221,1,,,
0.3,25000,8,vfl_bc,5,O1 income ($),O,0.278782,0.194168,0.00629726,0.000622689,0.00628212,0.00561721,1.12106,1.03913,1.21445,0.00560764,0.00696983,0.945,0.94,0.00438596,1,0.0145454,0.036886,0.0225885
0.3,25000,8,vfl_bc,6,O2 age (yr),O,-0.174239,-194.692,0.00617662,0.000550579,0.00616747,0.00531421,1.16228,1.09339,1.2382,0.00552484,0.00683003,0.94,0.94,6.90166,1,0.023272,0.0592953,0.0354492
0.3,25000,8,vfl_bc,7,O3 binary,O,0.104543,4527.56,0.00601551,-0.000259095,0.00602501,0.00568881,1.05743,0.999631,1.12763,0.00542049,0.00662875,0.96,0.96,260.52,1,0.0389767,0.0899177,0.0575409
0.3,25000,8,vfl_bc,8,O4 count,O,0.0348477,508.68,0.00655354,-0.000364439,0.00655981,0.00601112,1.09023,1.01984,1.17059,0.00582016,0.00728967,0.94,0.935,95.6634,1,,,
0.3,25000,8,vfl_bc,9,O5 score,O,-0.0696955,-464.964,0.00656724,-0.000356947,0.00657399,0.00570823,1.15048,1.08417,1.23195,0.00599771,0.0071519,0.945,0.95,43.8124,1,,,
0.3,25000,8,vfl_bc,10,O6 assets ($),O,0.209086,0.14562,0.0063144,0.00128598,0.00619758,0.00567308,1.11305,1.04872,1.18742,0.00568158,0.00694186,0.96,0.955,0.00439773,1,0.0198913,0.0491644,0.0301999
0.3,25000,8,vfl_uncorrected,0,intercept,R,0,,0.00593984,0.00143659,0.00577796,0.00506523,1.17267,1.09735,1.25583,0.00527585,0.00659009,0.935,0.95,,,,,
0.3,25000,8,vfl_uncorrected,1,R1 score,R,0.348477,2326.85,0.00641844,-0.00174655,0.00619174,0.00561367,1.14336,1.08094,1.21887,0.00573253,0.00704948,0.93,0.95,42.8571,1,0.0121122,0.0300703,0.0184185
0.3,25000,8,vfl_uncorrected,2,R2 binary,R,-0.209086,-9050.28,0.00592574,0.00132329,0.0057906,0.00516621,1.14702,1.07763,1.22428,0.00539746,0.00645536,0.95,0.955,256.495,1,0.017431,0.0475762,0.0283411
0.3,25000,8,vfl_uncorrected,3,R3 income ($),R,0.139391,0.0974833,0.0068594,0.00302745,0.0061706,0.00527125,1.30129,1.20944,1.41351,0.00620862,0.00751398,0.935,0.96,0.00479713,1,0.0327648,0.0779424,0.0492098
0.3,25000,8,vfl_uncorrected,4,R4 count,R,0.0696955,1015.49,0.0056161,-0.000320993,0.00562099,0.00524768,1.07021,1.00819,1.14474,0.00513094,0.00613217,0.965,0.965,81.8286,1,,,
0.3,25000,8,vfl_uncorrected,5,O1 income ($),O,0.278782,0.194168,0.00629971,0.000642894,0.00628255,0.00561721,1.1215,1.03976,1.21485,0.00561006,0.00697227,0.945,0.94,0.00438766,1,0.0145446,0.0368318,0.0225973
0.3,25000,8,vfl_uncorrected,6,O2 age (yr),O,-0.174239,-194.692,0.00617561,0.000533981,0.00616792,0.00531421,1.1621,1.09354,1.23767,0.00552315,0.0068281,0.94,0.94,6.90054,1,0.0233688,0.0592243,0.0354434
0.3,25000,8,vfl_uncorrected,7,O3 binary,O,0.104543,4527.56,0.0060156,-0.000251117,0.00602544,0.00568881,1.05744,0.999665,1.12756,0.00542106,0.00662904,0.96,0.96,260.523,1,0.0389348,0.0900027,0.0575417
0.3,25000,8,vfl_uncorrected,8,O4 count,O,0.0348477,508.68,0.00655388,-0.000362044,0.00656029,0.00601112,1.09029,1.01992,1.17064,0.00582031,0.0072902,0.94,0.935,95.6684,1,,,
0.3,25000,8,vfl_uncorrected,9,O5 score,O,-0.0696955,-464.964,0.00656823,-0.000365625,0.0065745,0.00570823,1.15066,1.0843,1.23202,0.00599903,0.00715209,0.945,0.95,43.819,1,,,
0.3,25000,8,vfl_uncorrected,10,O6 assets ($),O,0.209086,0.14562,0.00631766,0.00129993,0.00619799,0.00567308,1.11362,1.04914,1.1883,0.00568448,0.00694687,0.96,0.955,0.0044,1,0.0198933,0.0492339,0.0302155
0.3,50000,,ols,0,intercept,R,0,,0.00395535,0.00110279,0.00380803,0.00380803,1.03868,1.00836,1.09129,0.00359498,0.00428869,0.945,0.955,,,,,
0.3,50000,,ols,1,R1 score,R,0.348477,2326.85,0.0041256,-0.00155013,0.0038329,0.0038329,1.07637,1.03214,1.14078,0.00373334,0.00452771,0.93,0.95,27.5474,1,0.00743594,0.0190159,0.0118389
0.3,50000,,ols,2,R2 binary,R,-0.209086,-9050.28,0.00386734,0.000649055,0.00382205,0.00382205,1.01185,0.998083,1.04476,0.00345669,0.00427566,0.94,0.945,167.397,1,0.012631,0.0309118,0.0184964
0.3,50000,,ols,3,R3 income ($),R,0.139391,0.0974833,0.00477241,0.0026371,0.00398762,0.00398762,1.19681,1.12516,1.29211,0.00428559,0.00525083,0.915,0.97,0.00333759,1,0.0251794,0.0551785,0.0342376
0.3,50000,,ols,4,R4 count,R,0.0696955,1015.49,0.00391397,5.16627e-05,0.00392345,0.00392345,0.997584,0.997499,1.01017,0.00351852,0.00429866,0.965,0.955,57.0279,1,,,
0.3,50000,,ols,5,O1 income ($),O,0.278782,0.194168,0.00409156,0.000965866,0.0039859,0.0039859,1.02651,1.00279,1.06915,0.00367189,0.00450702,0.95,0.96,0.00284971,1,0.00977174,0.0232374,0.0146765
0.3,50000,,ols,6,O2 age (yr),O,-0.174239,-194.692,0.00410397,0.000473973,0.00408673,0.00408673,1.00422,0.997523,1.02974,0.0037138,0.00452843,0.945,0.935,4.58571,1,0.0149152,0.0395245,0.0235537
0.3,50000,,ols,7,O3 binary,O,0.104543,4527.56,0.00406976,-0.000359174,0.00406405,0.00406405,1.0014,0.997514,1.02378,0.00367849,0.00444171,0.95,0.945,176.253,1,0.0241162,0.0659344,0.0389289
0.3,50000,,ols,8,O4 count,O,0.0348477,508.68,0.00398025,0.000345996,0.00397514,0.00397514,1.00129,0.997511,1.02296,0.00356791,0.00440069,0.955,0.95,58.1007,1,,,
0.3,50000,,ols,9,O5 score,O,-0.0696955,-464.964,0.00410046,-0.00046751,0.00408394,0.00408394,1.00404,0.997543,1.03029,0.00376512,0.00446687,0.945,0.95,27.3557,1,,,
0.3,50000,,ols,10,O6 assets ($),O,0.209086,0.14562,0.00383611,0.00126107,0.003632,0.003632,1.0562,1.02021,1.11328,0.00344584,0.00419658,0.96,0.975,0.0026717,1,0.0127353,0.0311245,0.018347
0.3,50000,,ols_unclipped,0,intercept,R,0,,0.00383354,-0.000276852,0.00383313,0.00380803,1.0067,0.998713,1.0297,0.00346316,0.00416903,,,,,,,
0.3,50000,,ols_unclipped,1,R1 score,R,0.348477,2326.85,0.00385611,2.1425e-05,0.00386573,0.0038329,1.00606,0.999067,1.02122,0.00348196,0.00423578,,,25.748,1,0.00793939,0.0181599,0.0110656
0.3,50000,,ols_unclipped,2,R2 binary,R,-0.209086,-9050.28,0.00381712,2.46494e-05,0.00382662,0.00382205,0.998708,0.992216,1.01304,0.003411,0.00423965,,,165.223,1,0.0118493,0.0303503,0.0182562
0.3,50000,,ols_unclipped,3,R3 income ($),R,0.139391,0.0974833,0.0038014,0.000333701,0.00379623,0.00398762,0.953301,0.932711,0.982441,0.003405,0.00421227,,,0.00265852,1,0.0181965,0.0421823,0.0272715
0.3,50000,,ols_unclipped,4,R4 count,R,0.0696955,1015.49,0.00390301,-0.00022615,0.00390623,0.00392345,0.99479,0.977628,1.02106,0.00353326,0.00426933,,,56.8682,1,,,
0.3,50000,,ols_unclipped,5,O1 income ($),O,0.278782,0.194168,0.00391274,8.11156e-05,0.00392171,0.0039859,0.981645,0.954218,1.01833,0.00352738,0.00427512,,,0.00272517,1,0.00962273,0.0234026,0.0140351
0.3,50000,,ols_unclipped,6,O2 age (yr),O,-0.174239,-194.692,0.00409651,5.58746e-05,0.00410641,0.00408673,1.00239,0.996106,1.01679,0.0037156,0.00452295,,,4.57738,1,0.0156113,0.0385721,0.0235109
0.3,50000,,ols_unclipped,7,O3 binary,O,0.104543,4527.56,0.00410358,0.000119117,0.00411214,0.00406405,1.00973,1.00383,1.0252,0.00369553,0.00448062,,,177.718,1,0.0244763,0.0634884,0.0392524
0.3,50000,,ols_unclipped,8,O4 count,O,0.0348477,508.68,0.00392706,4.4412e-05,0.00393666,0.00397514,0.987905,0.979378,1.00296,0.00352769,0.00434527,,,57.3242,1,,,
0.3,50000,,ols_unclipped,9,O5 score,O,-0.0696955,-464.964,0.00411065,-0.000326563,0.00410794,0.00408394,1.00654,0.997803,1.03098,0.00377321,0.00447988,,,27.4236,1,,,
0.3,50000,,ols_unclipped,10,O6 assets ($),O,0.209086,0.14562,0.0036044,-0.000407411,0.00359029,0.003632,0.992402,0.967644,1.02268,0.00323408,0.00396333,,,0.00251032,1,0.0130561,0.026259,0.0172388
0.3,50000,0.5,vfl_bc,0,intercept,R,0,,0.0141469,0.00307162,0.013844,0.00380803,3.715,3.29465,4.23519,0.0129031,0.0154067,0.94,0.94,,,,,
0.3,50000,0.5,vfl_bc,1,R1 score,R,0.348477,2326.85,0.0158991,0.000509806,0.0159308,0.0038329,4.14807,3.6993,4.74808,0.0145655,0.0173546,0.915,0.9,106.161,1,0.0326719,0.0778268,0.0456245
0.3,50000,0.5,vfl_bc,2,R2 binary,R,-0.209086,-9050.28,0.0152433,-0.00128301,0.0152273,0.00382205,3.98824,3.43992,4.67005,0.0136886,0.0170105,0.965,0.97,659.802,1,0.0468134,0.11539,0.0729041
0.3,50000,0.5,vfl_bc,3,R3 income ($),R,0.139391,0.0974833,0.0176309,0.00496472,0.0169599,0.00398762,4.4214,3.81998,5.1726,0.0157416,0.0194545,0.935,0.945,0.0123302,1,0.0796173,0.207606,0.126485
0.3,50000,0.5,vfl_bc,4,R4 count,R,0.0696955,1015.49,0.0166447,-0.000228859,0.0166849,0.00392345,4.24237,3.72754,4.86638,0.015135,0.0181376,0.95,0.95,242.519,1,,,
0.3,50000,0.5,vfl_bc,5,O1 income ($),O,0.278782,0.194168,0.0188839,-0.00175824,0.018849,0.0039859,4.73767,4.16978,5.37631,0.0171002,0.0206168,0.955,0.95,0.0131524,1,0.0488534,0.107312,0.067737
0.3,50000,0.5,vfl_bc,6,O2 age (yr),O,-0.174239,-194.692,0.017126,-0.000113861,0.0171686,0.00408673,4.19063,3.59879,4.80952,0.0153136,0.0190162,0.965,0.965,19.1363,1,0.0681173,0.155289,0.0982904
0.3,50000,0.5,vfl_bc,7,O3 binary,O,0.104543,4527.56,0.0151625,-0.000868912,0.0151756,0.00406405,3.73089,3.27388,4.27751,0.0135533,0.0166049,0.965,0.965,656.657,1,0.0935827,0.255513,0.145036
0.3,50000,0.5,vfl_bc,8,O4 count,O,0.0348477,508.68,0.0176905,0.00121681,0.0176928,0.00397514,4.45028,3.87563,5.12081,0.015792,0.0196544,0.96,0.96,258.232,0.985,,,
0.3,50000,0.5,vfl_bc,9,O5 score,O,-0.0696955,-464.964,0.0180049,0.00109803,0.0180165,0.00408394,4.4087,3.90257,4.97121,0.0164237,0.0196168,0.945,0.94,120.117,1,,,
0.3,50000,0.5,vfl_bc,10,O6 assets ($),O,0.209086,0.14562,0.0166566,-6.64401e-05,0.0166983,0.003632,4.58607,4.00079,5.2691,0.015144,0.018231,0.975,0.965,0.0116007,1,0.0559041,0.131888,0.0796637
0.3,50000,0.5,vfl_uncorrected,0,intercept,R,0,,0.0141686,0.00308126,0.0138642,0.00380803,3.72071,3.30002,4.2421,0.0129224,0.0154313,0.94,0.94,,,,,
0.3,50000,0.5,vfl_uncorrected,1,R1 score,R,0.348477,2326.85,0.0159427,0.000926996,0.0159557,0.0038329,4.15945,3.71228,4.75922,0.0146137,0.0174054,0.915,0.91,106.453,1,0.0332035,0.0790735,0.0457497
0.3,50000,0.5,vfl_uncorrected,2,R2 binary,R,-0.209086,-9050.28,0.0152993,-0.00163452,0.0152499,0.00382205,4.00289,3.45064,4.69091,0.0137281,0.0170912,0.97,0.965,662.227,1,0.0465364,0.115487,0.073172
0.3,50000,0.5,vfl_uncorrected,3,R3 income ($),R,0.139391,0.0974833,0.017716,0.00515314,0.0169926,0.00398762,4.44276,3.84052,5.19318,0.0158203,0.0195433,0.935,0.945,0.0123897,1,0.0808888,0.209129,0.127096
0.3,50000,0.5,vfl_uncorrected,4,R4 count,R,0.0696955,1015.49,0.0166823,-0.000347081,0.0167206,0.00392345,4.25196,3.73686,4.87955,0.0151679,0.0181687,0.95,0.95,243.068,1,,,
0.3,50000,0.5,vfl_uncorrected,5,O1 income ($),O,0.278782,0.194168,0.0188901,-0.00106294,0.0189075,0.0039859,4.73923,4.17217,5.37052,0.0171269,0.0206333,0.95,0.955,0.0131567,1,0.0487539,0.108195,0.0677593
0.3,50000,0.5,vfl_uncorrected,6,O2 age (yr),O,-0.174239,-194.692,0.017194,-0.000691165,0.0172232,0.00408673,4.20726,3.60752,4.83427,0.0153767,0.0190711,0.965,0.965,19.2123,1,0.0678912,0.158254,0.0986805
0.3,50000,0.5,vfl_uncorrected,7,O3 binary,O,0.104543,4527.56,0.0151935,-0.000591107,0.0152201,0.00406405,3.73852,3.28211,4.28273,0.0135826,0.0166345,0.965,0.965,658.001,1,0.0950126,0.259064,0.145332
0.3,50000,0.5,vfl_uncorrected,8,O4 count,O,0.0348477,508.68,0.0177507,0.00130247,0.0177473,0.00397514,4.46543,3.88797,5.13827,0.0158462,0.0197233,0.96,0.96,259.111,0.985,,,
0.3,50000,0.5,vfl_uncorrected,9,O5 score,O,-0.0696955,-464.964,0.0180482,0.000803162,0.0180756,0.00408394,4.41931,3.91004,4.98584,0.0164545,0.01966,0.94,0.945,120.406,1,,,
0.3,50000,0.5,vfl_uncorrected,10,O6 assets ($),O,0.209086,0.14562,0.0167104,0.000412139,0.0167472,0.003632,4.60088,4.01199,5.28649,0.0151829,0.0182787,0.975,0.98,0.0116381,1,0.056217,0.132095,0.079921
0.3,50000,1,vfl_bc,0,intercept,R,0,,0.00869563,0.0015638,0.00857532,0.00380803,2.2835,2.05638,2.56463,0.00795507,0.00942868,0.93,0.94,,,,,
0.3,50000,1,vfl_bc,1,R1 score,R,0.348477,2326.85,0.0087845,-0.00228463,0.0085035,0.0038329,2.29187,2.03433,2.58961,0.00797894,0.00955661,0.925,0.93,58.6558,1,0.0175545,0.0412884,0.0252082
0.3,50000,1,vfl_bc,2,R2 binary,R,-0.209086,-9050.28,0.00852467,0.00114138,0.00846912,0.00382205,2.23039,1.91806,2.59008,0.00749182,0.00965229,0.95,0.945,368.989,1,0.0265702,0.0570433,0.040771
0.3,50000,1,vfl_bc,3,R3 income ($),R,0.139391,0.0974833,0.0101898,0.00254035,0.00989279,0.00398762,2.55535,2.27513,2.89443,0.00913313,0.0112323,0.945,0.95,0.00712623,1,0.0510551,0.114643,0.0731021
0.3,50000,1,vfl_bc,4,R4 count,R,0.0696955,1015.49,0.0100065,-0.000317278,0.0100266,0.00392345,2.55043,2.29473,2.85766,0.00910619,0.0109194,0.93,0.93,145.798,1,,,
0.3,50000,1,vfl_bc,5,O1 income ($),O,0.278782,0.194168,0.0108067,0.000647669,0.0108143,0.0039859,2.71123,2.38441,3.09449,0.00978398,0.0118028,0.935,0.935,0.0075267,1,0.0283682,0.0584315,0.0387639
0.3,50000,1,vfl_bc,6,O2 age (yr),O,-0.174239,-194.692,0.0106366,0.0014907,0.010558,0.00408673,2.6027,2.28029,2.93827,0.00946365,0.0118286,0.93,0.925,11.8851,1,0.0386491,0.100874,0.0610458
0.3,50000,1,vfl_bc,7,O3 binary,O,0.104543,4527.56,0.00955129,-0.000517671,0.00956118,0.00406405,2.35019,2.04783,2.73325,0.00851854,0.0106274,0.96,0.955,413.647,1,0.0624766,0.146559,0.0913621
0.3,50000,1,vfl_bc,8,O4 count,O,0.0348477,508.68,0.0098448,-0.000294922,0.00986508,0.00397514,2.47659,2.17683,2.84494,0.00879672,0.0109422,0.94,0.935,143.707,1,,,
0.3,50000,1,vfl_bc,9,O5 score,O,-0.0696955,-464.964,0.00975181,-0.00054881,0.00976079,0.00408394,2.38784,2.12273,2.68788,0.00887851,0.0105877,0.965,0.96,65.0579,1,,,
0.3,50000,1,vfl_bc,10,O6 assets ($),O,0.209086,0.14562,0.00975277,0.00107823,0.00971731,0.003632,2.68523,2.34917,3.07445,0.00884618,0.0106483,0.955,0.94,0.00679241,1,0.0312101,0.0772972,0.0466447
0.3,50000,1,vfl_uncorrected,0,intercept,R,0,,0.00869874,0.0015658,0.00857813,0.00380803,2.28431,2.05708,2.56552,0.00795777,0.00943222,0.93,0.94,,,,,
0.3,50000,1,vfl_uncorrected,1,R1 score,R,0.348477,2326.85,0.00875859,-0.00216913,0.00850704,0.0038329,2.28511,2.02835,2.57819,0.00794905,0.00953496,0.92,0.93,58.4828,1,0.0172292,0.0409783,0.0251339
0.3,50000,1,vfl_uncorrected,2,R2 binary,R,-0.209086,-9050.28,0.00851606,0.0010441,0.00847302,0.00382205,2.22814,1.9162,2.58673,0.00748341,0.0096462,0.95,0.945,368.616,1,0.0261171,0.0567287,0.0407298
0.3,50000,1,vfl_uncorrected,3,R3 income ($),R,0.139391,0.0974833,0.0102075,0.00259204,0.00989772,0.00398762,2.55981,2.27922,2.90039,0.00914633,0.0112546,0.945,0.95,0.00713865,1,0.0514441,0.114542,0.0732295
0.3,50000,1,vfl_uncorrected,4,R4 count,R,0.0696955,1015.49,0.0100129,-0.000350592,0.0100318,0.00392345,2.55206,2.29658,2.85827,0.00911197,0.010929,0.93,0.93,145.891,1,,,
0.3,50000,1,vfl_uncorrected,5,O1 income ($),O,0.278782,0.194168,0.0108299,0.000843329,0.0108241,0.0039859,2.71706,2.39024,3.10095,0.0098123,0.0118395,0.93,0.935,0.00754288,1,0.0285105,0.0584543,0.0388472
0.3,50000,1,vfl_uncorrected,6,O2 age (yr),O,-0.174239,-194.692,0.0106243,0.00133051,0.0105671,0.00408673,2.5997,2.27744,2.93514,0.00945605,0.0118104,0.93,0.925,11.8714,1,0.0388726,0.100701,0.0609754
0.3,50000,1,vfl_uncorrected,7,O3 binary,O,0.104543,4527.56,0.00955502,-0.00044036,0.00956882,0.00406405,2.35111,2.04765,2.73592,0.00852114,0.0106243,0.955,0.955,413.809,1,0.0632007,0.145957,0.0913978
0.3,50000,1,vfl_uncorrected,8,O4 count,O,0.0348477,508.68,0.00985218,-0.000271521,0.00987315,0.00397514,2.47845,2.17817,2.84822,0.0088064,0.010952,0.945,0.935,143.815,1,,,
0.3,50000,1,vfl_uncorrected,9,O5 score,O,-0.0696955,-464.964,0.00976608,-0.000632702,0.00977002,0.00408394,2.39133,2.12502,2.69217,0.00888582,0.0106074,0.965,0.96,65.153,1,,,
0.3,50000,1,vfl_uncorrected,10,O6 assets ($),O,0.209086,0.14562,0.00977637,0.00121311,0.00972516,0.003632,2.69173,2.35736,3.08366,0.00887053,0.0106707,0.955,0.94,0.00680885,1,0.0316962,0.0779792,0.0467575
0.3,50000,2,vfl_bc,0,intercept,R,0,,0.00539846,0.00134508,0.00524132,0.00380803,1.41765,1.29738,1.56969,0.00492355,0.00586525,0.95,0.96,,,,,
0.3,50000,2,vfl_bc,1,R1 score,R,0.348477,2326.85,0.0058942,-0.00142902,0.0057327,0.0038329,1.53779,1.37289,1.72469,0.00523375,0.006573,0.95,0.95,39.3567,1,0.01127,0.0265695,0.0169141
0.3,50000,2,vfl_bc,2,R2 binary,R,-0.209086,-9050.28,0.00613676,0.000386619,0.00613994,0.00382205,1.60562,1.46765,1.7686,0.0055911,0.00667273,0.94,0.93,265.629,1,0.0201771,0.0489839,0.0293503
0.3,50000,2,vfl_bc,3,R3 income ($),R,0.139391,0.0974833,0.00720073,0.00308949,0.0065206,0.00398762,1.80577,1.61857,2.0423,0.00651334,0.00785969,0.9,0.935,0.00503584,1,0.0343381,0.085829,0.0516585
0.3,50000,2,vfl_bc,4,R4 count,R,0.0696955,1015.49,0.00646711,-0.000242286,0.00647879,0.00392345,1.64832,1.48646,1.83131,0.00581365,0.00712604,0.96,0.94,94.2281,1,,,
0.3,50000,2,vfl_bc,5,O1 income ($),O,0.278782,0.194168,0.00614868,0.00119306,0.00604695,0.0039859,1.54261,1.36228,1.72965,0.0054811,0.00680839,0.945,0.945,0.00428247,1,0.0131751,0.0352508,0.0220555
0.3,50000,2,vfl_bc,6,O2 age (yr),O,-0.174239,-194.692,0.00669203,0.000544299,0.00668659,0.00408673,1.6375,1.48196,1.81605,0.00613586,0.00725804,0.95,0.94,7.47757,1,0.0284162,0.0605624,0.0384072
0.3,50000,2,vfl_bc,7,O3 binary,O,0.104543,4527.56,0.00596565,-5.62075e-05,0.00598036,0.00406405,1.46791,1.29827,1.66072,0.0053015,0.00661776,0.945,0.94,258.36,1,0.0351473,0.0999489,0.057064
0.3,50000,2,vfl_bc,8,O4 count,O,0.0348477,508.68,0.00655719,0.000511954,0.00655358,0.00397514,1.64955,1.49261,1.83792,0.00598188,0.00719051,0.94,0.945,95.7168,1,,,
0.3,50000,2,vfl_bc,9,O5 score,O,-0.0696955,-464.964,0.00661749,-0.000853171,0.00657873,0.00408394,1.62037,1.47503,1.78044,0.00602582,0.00721114,0.95,0.95,44.1477,1,,,
0.3,50000,2,vfl_bc,10,O6 assets ($),O,0.209086,0.14562,0.00626958,0.00114843,0.00617897,0.003632,1.72621,1.55779,1.9309,0.00573526,0.00677572,0.965,0.945,0.00436651,1,0.0217995,0.0502171,0.0299856
0.3,50000,2,vfl_uncorrected,0,intercept,R,0,,0.00539915,0.00134573,0.00524187,0.00380803,1.41783,1.29753,1.56989,0.0049242,0.00586595,0.95,0.96,,,,,
0.3,50000,2,vfl_uncorrected,1,R1 score,R,0.348477,2326.85,0.00588699,-0.00139597,0.00573343,0.0038329,1.53591,1.37157,1.72174,0.0052287,0.00656684,0.95,0.95,39.3085,1,0.0113636,0.0264778,0.0168935
0.3,50000,2,vfl_uncorrected,2,R2 binary,R,-0.209086,-9050.28,0.00613579,0.00035878,0.00614066,0.00382205,1.60536,1.4675,1.7684,0.0055892,0.00667007,0.94,0.93,265.587,1,0.0200468,0.0488526,0.0293457
0.3,50000,2,vfl_uncorrected,3,R3 income ($),R,0.139391,0.0974833,0.00720784,0.0031043,0.00652142,0.00398762,1.80756,1.61997,2.04439,0.00651973,0.00786725,0.9,0.93,0.00504081,1,0.0343376,0.0859415,0.0517095
0.3,50000,2,vfl_uncorrected,4,R4 count,R,0.0696955,1015.49,0.00646833,-0.000251748,0.00647965,0.00392345,1.64863,1.48692,1.83173,0.00581459,0.00712697,0.96,0.94,94.2459,1,,,
0.3,50000,2,vfl_uncorrected,5,O1 income ($),O,0.278782,0.194168,0.00616112,0.00124894,0.00604835,0.0039859,1.54573,1.36512,1.73259,0.00549442,0.00682151,0.945,0.95,0.00429114,1,0.0131433,0.0353436,0.0221001
0.3,50000,2,vfl_uncorrected,6,O2 age (yr),O,-0.174239,-194.692,0.00668994,0.000498436,0.00668809,0.00408673,1.63699,1.48131,1.81503,0.00613782,0.00725546,0.95,0.94,7.47524,1,0.0281596,0.060835,0.0383953
0.3,50000,2,vfl_uncorrected,7,O3 binary,O,0.104543,4527.56,0.00596669,-3.40661e-05,0.00598157,0.00406405,1.46816,1.29823,1.66102,0.00530067,0.00661863,0.945,0.94,258.405,1,0.0353308,0.0997533,0.0570739
0.3,50000,2,vfl_uncorrected,8,O4 count,O,0.0348477,508.68,0.00655915,0.000518766,0.00655502,0.00397514,1.65005,1.49301,1.83846,0.00598399,0.00719256,0.94,0.945,95.7455,1,,,
0.3,50000,2,vfl_uncorrected,9,O5 score,O,-0.0696955,-464.964,0.00662214,-0.000877092,0.00658027,0.00408394,1.62151,1.47561,1.78207,0.00602942,0.00721333,0.95,0.95,44.1787,1,,,
0.3,50000,2,vfl_uncorrected,10,O6 assets ($),O,0.209086,0.14562,0.006278,0.00118685,0.00618026,0.003632,1.72852,1.56021,1.93327,0.0057413,0.00678268,0.965,0.945,0.00437237,1,0.0219827,0.0500428,0.0300258
0.3,50000,4,vfl_bc,0,intercept,R,0,,0.00418011,0.000945479,0.004082,0.00380803,1.09771,1.0182,1.18944,0.00382576,0.00452892,0.965,0.985,,,,,
0.3,50000,4,vfl_bc,1,R1 score,R,0.348477,2326.85,0.004845,-0.00167,0.0045595,0.0038329,1.26406,1.1888,1.36229,0.00442055,0.00527463,0.93,0.93,32.351,1,0.00948905,0.0223084,0.0139033
0.3,50000,4,vfl_bc,2,R2 binary,R,-0.209086,-9050.28,0.00452929,0.000936932,0.00444244,0.00382205,1.18504,1.10914,1.28092,0.00406343,0.00500567,0.94,0.96,196.05,1,0.0134369,0.0385589,0.0216623
0.3,50000,4,vfl_bc,3,R3 income ($),R,0.139391,0.0974833,0.00549669,0.00273425,0.00478036,0.00398762,1.37844,1.26407,1.5206,0.00501164,0.0059829,0.945,0.955,0.00384412,1,0.0273579,0.0628099,0.0394336
0.3,50000,4,vfl_bc,4,R4 count,R,0.0696955,1015.49,0.00478197,-2.69145e-05,0.0047939,0.00392345,1.21882,1.13693,1.30584,0.00427889,0.00526812,0.94,0.95,69.6751,1,,,
0.3,50000,4,vfl_bc,5,O1 income ($),O,0.278782,0.194168,0.00485864,0.00061437,0.00483173,0.0039859,1.21896,1.13238,1.32352,0.00439492,0.00530711,0.94,0.955,0.00338398,1,0.0115909,0.0291573,0.0174281
0.3,50000,4,vfl_bc,6,O2 age (yr),O,-0.174239,-194.692,0.00477777,0.000802917,0.00472164,0.00408673,1.16909,1.0902,1.26554,0.00432802,0.0052681,0.94,0.95,5.33861,1,0.019418,0.0443743,0.0274209
0.3,50000,4,vfl_bc,7,O3 binary,O,0.104543,4527.56,0.00477842,-0.000749438,0.00473113,0.00406405,1.17578,1.09603,1.27298,0.00428848,0.00524077,0.955,0.96,206.944,1,0.0303351,0.0740832,0.0457076
0.3,50000,4,vfl_bc,8,O4 count,O,0.0348477,508.68,0.0048374,0.000666596,0.00480327,0.00397514,1.21691,1.12035,1.32933,0.00433494,0.00536429,0.94,0.95,70.6126,1,,,
0.3,50000,4,vfl_bc,9,O5 score,O,-0.0696955,-464.964,0.00485793,-0.00078608,0.00480594,0.00408394,1.18952,1.1082,1.28698,0.00444885,0.00528134,0.965,0.96,32.409,1,,,
0.3,50000,4,vfl_bc,10,O6 assets ($),O,0.209086,0.14562,0.0048514,0.00168873,0.0045594,0.003632,1.33574,1.21786,1.47114,0.00441606,0.00530003,0.965,0.955,0.0033788,1,0.0158036,0.037603,0.0232028
0.3,50000,4,vfl_uncorrected,0,intercept,R,0,,0.00418025,0.000945657,0.00408211,0.00380803,1.09775,1.01824,1.18948,0.00382589,0.00452906,0.965,0.985,,,,,
0.3,50000,4,vfl_uncorrected,1,R1 score,R,0.348477,2326.85,0.00484181,-0.00166028,0.00455967,0.0038329,1.26323,1.18809,1.36125,0.00441742,0.00527119,0.93,0.925,32.3297,1,0.00946137,0.0222808,0.0138942
0.3,50000,4,vfl_uncorrected,2,R2 binary,R,-0.209086,-9050.28,0.00452774,0.000928767,0.00444258,0.00382205,1.18464,1.10872,1.28028,0.00406198,0.00500329,0.94,0.955,195.983,1,0.0134104,0.0385282,0.0216549
0.3,50000,4,vfl_uncorrected,3,R3 income ($),R,0.139391,0.0974833,0.00549899,0.00273858,0.00478051,0.00398762,1.37901,1.26464,1.52127,0.00501375,0.0059853,0.945,0.955,0.00384572,1,0.0273894,0.0628428,0.0394501
0.3,50000,4,vfl_uncorrected,4,R4 count,R,0.0696955,1015.49,0.00478215,-2.96754e-05,0.00479406,0.00392345,1.21886,1.13701,1.30596,0.00427905,0.00526806,0.94,0.95,69.6776,1,,,
0.3,50000,4,vfl_uncorrected,5,O1 income ($),O,0.278782,0.194168,0.00486102,0.000630758,0.00483202,0.0039859,1.21955,1.13299,1.32468,0.00439631,0.00530942,0.94,0.95,0.00338563,1,0.0116502,0.0291137,0.0174366
0.3,50000,4,vfl_uncorrected,6,O2 age (yr),O,-0.174239,-194.692,0.0047758,0.000789453,0.00472192,0.00408673,1.16861,1.08985,1.26491,0.00432598,0.00526629,0.94,0.945,5.3364,1,0.0194974,0.044299,0.0274095
0.3,50000,4,vfl_uncorrected,7,O3 binary,O,0.104543,4527.56,0.00477765,-0.000742972,0.00473137,0.00406405,1.17559,1.09596,1.27296,0.00428729,0.00523982,0.955,0.96,206.91,1,0.030275,0.0740258,0.0457002
0.3,50000,4,vfl_uncorrected,8,O4 count,O,0.0348477,508.68,0.00483796,0.000668625,0.00480356,0.00397514,1.21705,1.12041,1.32951,0.00433533,0.00536489,0.94,0.95,70.6208,1,,,
0.3,50000,4,vfl_uncorrected,9,O5 score,O,-0.0696955,-464.964,0.00485939,-0.00079315,0.00480626,0.00408394,1.18988,1.10861,1.28734,0.00445028,0.00528222,0.965,0.96,32.4188,1,,,
0.3,50000,4,vfl_uncorrected,10,O6 assets ($),O,0.209086,0.14562,0.00485562,0.00170008,0.00455968,0.003632,1.3369,1.21905,1.47248,0.00442007,0.00530459,0.965,0.955,0.00338174,1,0.0158572,0.0376584,0.023223
0.3,50000,8,vfl_bc,0,intercept,R,0,,0.00408203,0.00120814,0.00390894,0.00380803,1.07195,1.024,1.14219,0.00372192,0.0044327,0.955,0.96,,,,,
0.3,50000,8,vfl_bc,1,R1 score,R,0.348477,2326.85,0.00431268,-0.00153935,0.00403871,0.0038329,1.12518,1.06578,1.20398,0.00391111,0.00471155,0.93,0.955,28.7966,1,0.00808279,0.0202481,0.0123758
0.3,50000,8,vfl_bc,2,R2 binary,R,-0.209086,-9050.28,0.00410026,0.000572974,0.00407022,0.00382205,1.07279,1.03232,1.12486,0.00369365,0.0045153,0.955,0.945,177.479,1,0.0137353,0.0328888,0.0196104
0.3,50000,8,vfl_bc,3,R3 income ($),R,0.139391,0.0974833,0.00497795,0.00264237,0.00422934,0.00398762,1.24835,1.15669,1.3576,0.00447252,0.00548071,0.91,0.95,0.00348134,1,0.0248361,0.0567151,0.0357122
0.3,50000,8,vfl_bc,4,R4 count,R,0.0696955,1015.49,0.00416479,7.82839e-05,0.0041745,0.00392345,1.06151,1.01271,1.11707,0.00376967,0.00455567,0.97,0.965,60.6824,1,,,
0.3,50000,8,vfl_bc,5,O1 income ($),O,0.278782,0.194168,0.00431352,0.00109044,0.00418389,0.0039859,1.0822,1.02313,1.15166,0.00385905,0.00476633,0.95,0.96,0.00300431,1,0.0107943,0.0251729,0.0154727
0.3,50000,8,vfl_bc,6,O2 age (yr),O,-0.174239,-194.692,0.00431031,0.000370978,0.00430509,0.00408673,1.05471,1.01487,1.10638,0.0039105,0.00477335,0.945,0.955,4.81628,1,0.0161472,0.0413721,0.024738
0.3,50000,8,vfl_bc,7,O3 binary,O,0.104543,4527.56,0.0043181,-0.000391515,0.00431111,0.00406405,1.06251,1.01424,1.12462,0.003915,0.00469485,0.92,0.93,187.008,1,0.0265033,0.068111,0.0413044
0.3,50000,8,vfl_bc,8,O4 count,O,0.0348477,508.68,0.00412902,0.000318317,0.00412707,0.00397514,1.03871,0.999299,1.0821,0.00366601,0.00460932,0.935,0.945,60.2723,1,,,
0.3,50000,8,vfl_bc,9,O5 score,O,-0.0696955,-464.964,0.00432384,-0.000468139,0.00430921,0.00408394,1.05874,1.01616,1.11101,0.0039743,0.0046813,0.945,0.945,28.8459,1,,,
0.3,50000,8,vfl_bc,10,O6 assets ($),O,0.209086,0.14562,0.00416702,0.00140798,0.00393179,0.003632,1.14731,1.08166,1.23051,0.00375184,0.00455876,0.94,0.975,0.00290216,1,0.0128933,0.0304726,0.0199297
0.3,50000,8,vfl_uncorrected,0,intercept,R,0,,0.00408208,0.00120819,0.00390897,0.00380803,1.07196,1.02401,1.14221,0.00372196,0.00443275,0.955,0.96,,,,,
0.3,50000,8,vfl_uncorrected,1,R1 score,R,0.348477,2326.85,0.00431165,-0.00153635,0.00403875,0.0038329,1.12491,1.06557,1.20356,0.00391002,0.00471045,0.93,0.955,28.7897,1,0.00808292,0.0202396,0.0123728
0.3,50000,8,vfl_uncorrected,2,R2 binary,R,-0.209086,-9050.28,0.00409995,0.000570453,0.00407026,0.00382205,1.07271,1.03227,1.1247,0.00369342,0.00451499,0.955,0.945,177.466,1,0.0137231,0.0328792,0.0196089
0.3,50000,8,vfl_uncorrected,3,R3 income ($),R,0.139391,0.0974833,0.0049787,0.0026437,0.00422938,0.00398762,1.24854,1.15683,1.35781,0.00447304,0.00548149,0.91,0.95,0.00348186,1,0.0248364,0.0567246,0.0357175
0.3,50000,8,vfl_uncorrected,4,R4 count,R,0.0696955,1015.49,0.00416481,7.74347e-05,0.00417454,0.00392345,1.06152,1.01271,1.11705,0.0037696,0.00455565,0.97,0.965,60.6828,1,,,
0.3,50000,8,vfl_uncorrected,5,O1 income ($),O,0.278782,0.194168,0.00431487,0.0010955,0.00418396,0.0039859,1.08253,1.02339,1.15211,0.00386077,0.00476765,0.95,0.96,0.00300525,1,0.0107946,0.0251875,0.0154776
0.3,50000,8,vfl_uncorrected,6,O2 age (yr),O,-0.174239,-194.692,0.00431003,0.000366818,0.00430517,0.00408673,1.05464,1.01488,1.10648,0.00391029,0.00477342,0.945,0.955,4.81596,1,0.0161474,0.0413487,0.0247363
0.3,50000,8,vfl_uncorrected,7,O3 binary,O,0.104543,4527.56,0.00431799,-0.000389513,0.00431118,0.00406405,1.06248,1.01423,1.12451,0.00391499,0.00469476,0.92,0.93,187.003,1,0.0265036,0.0680933,0.0413034
0.3,50000,8,vfl_uncorrected,8,O4 count,O,0.0348477,508.68,0.00412914,0.000318934,0.00412714,0.00397514,1.03874,0.9993,1.08215,0.00366612,0.00460947,0.935,0.945,60.274,1,,,
0.3,50000,8,vfl_uncorrected,9,O5 score,O,-0.0696955,-464.964,0.00432415,-0.000470305,0.00430929,0.00408394,1.05882,1.01623,1.11113,0.00397436,0.00468156,0.945,0.945,28.848,1,,,
0.3,50000,8,vfl_uncorrected,10,O6 assets ($),O,0.209086,0.14562,0.00416826,0.00141147,0.00393186,0.003632,1.14765,1.08187,1.23098,0.00375281,0.00456054,0.94,0.97,0.00290303,1,0.0128938,0.0304895,0.0199356
0.3,100000,,ols,0,intercept,R,0,,0.00301093,0.00125278,0.0027448,0.0027448,1.09696,1.04683,1.17555,0.002728,0.00330566,0.92,0.925,,,,,
0.3,100000,,ols,1,R1 score,R,0.348477,2326.85,0.00297136,-0.00147021,0.00258862,0.00258862,1.14785,1.08626,1.22446,0.00270608,0.00323999,0.935,0.965,19.8403,1,0.00578622,0.0135611,0.00852669
0.3,100000,,ols,2,R2 binary,R,-0.209086,-9050.28,0.00246616,0.00048773,0.00242351,0.00242351,1.0176,0.999463,1.05441,0.00224805,0.00267723,0.98,0.99,106.747,1,0.00847806,0.0195211,0.0117949
0.3,100000,,ols,3,R3 income ($),R,0.139391,0.0974833,0.00357701,0.00234562,0.00270735,0.00270735,1.32122,1.23485,1.4334,0.00322614,0.00391222,0.885,0.96,0.00250159,1,0.0180762,0.0417456,0.0256617
0.3,100000,,ols,4,R4 count,R,0.0696955,1015.49,0.00307053,0.000428829,0.00304807,0.00304807,1.00737,0.997642,1.0352,0.00274263,0.00339118,0.93,0.94,44.7388,1,,,
0.3,100000,,ols,5,O1 income ($),O,0.278782,0.194168,0.00315422,0.00101014,0.00299559,0.00299559,1.05295,1.01655,1.10732,0.00286376,0.00343122,0.92,0.93,0.00219687,1,0.00750886,0.0193239,0.0113143
0.3,100000,,ols,6,O2 age (yr),O,-0.174239,-194.692,0.00268421,0.000707032,0.00259591,0.00259591,1.03401,1.00787,1.07967,0.00243297,0.00293255,0.955,0.98,2.99929,1,0.0103799,0.0255396,0.0154053
0.3,100000,,ols,7,O3 binary,O,0.104543,4527.56,0.00300675,-0.000626575,0.00294812,0.00294812,1.01989,1.00064,1.05699,0.00271816,0.00328397,0.93,0.93,130.216,1,0.0188529,0.0473649,0.0287608
0.3,100000,,ols,8,O4 count,O,0.0348477,508.68,0.00329226,0.000240632,0.00329169,0.00329169,1.00017,0.997503,1.02231,0.00298563,0.00362241,0.925,0.92,48.0578,1,,,
0.3,100000,,ols,9,O5 score,O,-0.0696955,-464.964,0.00289207,-0.000144906,0.00289569,0.00289569,0.998751,0.9975,1.01565,0.00264247,0.00315329,0.94,0.945,19.294,1,,,
0.3,100000,,ols,10,O6 assets ($),O,0.209086,0.14562,0.00321818,0.00184443,0.0026438,0.0026438,1.21725,1.13729,1.31111,0.00292233,0.00350975,0.9,0.97,0.00224133,1,0.0103241,0.0261762,0.0153916
0.3,100000,,ols_unclipped,0,intercept,R,0,,0.0027428,-0.000118701,0.00274711,0.0027448,0.999273,0.993642,1.01469,0.00246039,0.0030548,,,,,,,
0.3,100000,,ols_unclipped,1,R1 score,R,0.348477,2326.85,0.00261062,0.000124514,0.00261419,0.00258862,1.0085,1.00063,1.02553,0.00238927,0.00284607,,,17.4316,1,0.00558503,0.0120761,0.00749149
0.3,100000,,ols_unclipped,2,R2 binary,R,-0.209086,-9050.28,0.00242336,-0.000127541,0.00242608,0.00242351,0.999938,0.989845,1.02037,0.00221013,0.00262082,,,104.895,1,0.00806071,0.0192707,0.0115902
0.3,100000,,ols_unclipped,3,R3 income ($),R,0.139391,0.0974833,0.00264229,-7.75347e-05,0.00264777,0.00270735,0.975967,0.953492,1.00604,0.00237837,0.00290137,,,0.00184789,1,0.0134926,0.0295957,0.0189559
0.3,100000,,ols_unclipped,4,R4 count,R,0.0696955,1015.49,0.00303633,0.0002193,0.003036,0.00304807,0.996148,0.981483,1.01743,0.00271927,0.00335237,,,44.2404,1,,,
0.3,100000,,ols_unclipped,5,O1 income ($),O,0.278782,0.194168,0.00289944,7.67018e-05,0.0029057,0.00299559,0.967903,0.941027,0.998324,0.00263571,0.00314018,,,0.00201942,1,0.00733616,0.0166844,0.0104004
0.3,100000,,ols_unclipped,6,O2 age (yr),O,-0.174239,-194.692,0.00260267,0.000311007,0.00259051,0.00259591,1.0026,0.990074,1.02809,0.002363,0.00284526,,,2.90818,1,0.00899847,0.0237409,0.0149374
0.3,100000,,ols_unclipped,7,O3 binary,O,0.104543,4527.56,0.00295495,-0.000159438,0.00295805,0.00294812,1.00232,0.99579,1.01906,0.00267617,0.00322494,,,127.973,1,0.0192032,0.0465567,0.0282653
0.3,100000,,ols_unclipped,8,O4 count,O,0.0348477,508.68,0.00326786,-9.38686e-05,0.00327471,0.00329169,0.992762,0.983635,1.01035,0.00294042,0.00361353,,,47.7018,1,,,
0.3,100000,,ols_unclipped,9,O5 score,O,-0.0696955,-464.964,0.00289397,2.13518e-06,0.00290123,0.00289569,0.999408,0.993313,1.01449,0.00264351,0.00314917,,,19.3067,1,,,
0.3,100000,,ols_unclipped,10,O6 assets ($),O,0.209086,0.14562,0.00257974,8.3237e-05,0.00258487,0.0026438,0.97577,0.9519,1.00742,0.00233267,0.00282568,,,0.00179669,1,0.00875583,0.0200306,0.0123382
0.3,100000,0.5,vfl_bc,0,intercept,R,0,,0.00776602,0.000790157,0.0077451,0.0027448,2.82936,2.46246,3.2303,0.00698675,0.00851281,0.92,0.935,,,,,
0.3,100000,0.5,vfl_bc,1,R1 score,R,0.348477,2326.85,0.00744024,-0.00181662,0.00723316,0.00258862,2.87421,2.53601,3.25973,0.00672731,0.0081517,0.955,0.97,49.6799,1,0.0143195,0.0343391,0.0213507
0.3,100000,0.5,vfl_bc,2,R2 binary,R,-0.209086,-9050.28,0.00790844,0.00087481,0.00787963,0.00242351,3.26322,2.93869,3.64335,0.00723361,0.00857702,0.955,0.96,342.316,1,0.0260798,0.0601522,0.0378238
0.3,100000,0.5,vfl_bc,3,R3 income ($),R,0.139391,0.0974833,0.00863198,0.00184525,0.0084536,0.00270735,3.18835,2.85181,3.6071,0.00778803,0.00946236,0.96,0.96,0.00603679,1,0.0444624,0.0965235,0.0619264
0.3,100000,0.5,vfl_bc,4,R4 count,R,0.0696955,1015.49,0.00900957,0.000267576,0.0090282,0.00304807,2.95583,2.59596,3.36148,0.00817758,0.00980748,0.945,0.945,131.273,1,,,
0.3,100000,0.5,vfl_bc,5,O1 income ($),O,0.278782,0.194168,0.0102912,0.00258532,0.0099862,0.00299559,3.43546,3.02189,3.92109,0.00919908,0.0113817,0.935,0.93,0.0071677,1,0.0222049,0.0606708,0.036915
0.3,100000,0.5,vfl_bc,6,O2 age (yr),O,-0.174239,-194.692,0.00868182,-0.000464028,0.00869116,0.00259591,3.34442,2.92209,3.81965,0.00780702,0.00948645,0.94,0.94,9.70093,1,0.0348315,0.080598,0.0498271
0.3,100000,0.5,vfl_bc,7,O3 binary,O,0.104543,4527.56,0.00860895,-0.000412896,0.00862062,0.00294812,2.92015,2.56121,3.35964,0.00776642,0.00943752,0.955,0.95,372.836,1,0.0537849,0.136762,0.0823482
0.3,100000,0.5,vfl_bc,8,O4 count,O,0.0348477,508.68,0.00899688,-0.000457668,0.00900778,0.00329169,2.73321,2.40026,3.12876,0.00820177,0.00982009,0.965,0.975,131.329,1,,,
0.3,100000,0.5,vfl_bc,9,O5 score,O,-0.0696955,-464.964,0.0089138,0.000736872,0.00890558,0.00289569,3.0783,2.77729,3.435,0.00809256,0.0097476,0.96,0.965,59.4672,1,,,
0.3,100000,0.5,vfl_bc,10,O6 assets ($),O,0.209086,0.14562,0.00904983,0.00111188,0.00900381,0.0026438,3.42303,3.00128,3.88239,0.00817955,0.00987865,0.945,0.94,0.00630284,1,0.0292946,0.0724585,0.0432827
0.3,100000,0.5,vfl_uncorrected,0,intercept,R,0,,0.00776861,0.000791809,0.00774755,0.0027448,2.8303,2.46322,3.2315,0.00698908,0.00851582,0.92,0.935,,,,,
0.3,100000,0.5,vfl_uncorrected,1,R1 score,R,0.348477,2326.85,0.00741861,-0.001714,0.007236,0.00258862,2.86585,2.52839,3.24978,0.00670493,0.00812719,0.96,0.97,49.5354,1,0.0143294,0.034651,0.0212886
0.3,100000,0.5,vfl_uncorrected,2,R2 binary,R,-0.209086,-9050.28,0.0079024,0.000788322,0.00788271,0.00242351,3.26072,2.93386,3.64255,0.00722777,0.00857643,0.955,0.96,342.054,1,0.0264416,0.0597912,0.0377949
0.3,100000,0.5,vfl_uncorrected,3,R3 income ($),R,0.139391,0.0974833,0.0086454,0.00189065,0.00845731,0.00270735,3.19331,2.85582,3.61259,0.00780248,0.00947611,0.96,0.96,0.00604617,1,0.0444931,0.0968933,0.0620227
0.3,100000,0.5,vfl_uncorrected,4,R4 count,R,0.0696955,1015.49,0.00901339,0.000238041,0.00903286,0.00304807,2.95708,2.59714,3.36273,0.00817779,0.00980955,0.945,0.945,131.328,1,,,
0.3,100000,0.5,vfl_uncorrected,5,O1 income ($),O,0.278782,0.194168,0.0103439,0.00276027,0.00999384,0.00299559,3.45305,3.03665,3.94297,0.00924226,0.0114398,0.93,0.935,0.0072044,1,0.022214,0.061329,0.037104
0.3,100000,0.5,vfl_uncorrected,6,O2 age (yr),O,-0.174239,-194.692,0.00869741,-0.000607496,0.00869794,0.00259591,3.35042,2.92608,3.8249,0.00782582,0.00950586,0.94,0.94,9.71835,1,0.034988,0.081353,0.0499166
0.3,100000,0.5,vfl_uncorrected,7,O3 binary,O,0.104543,4527.56,0.00861194,-0.000344338,0.00862665,0.00294812,2.92116,2.56274,3.35979,0.00776798,0.00944857,0.95,0.945,372.966,1,0.0538179,0.136221,0.0823768
0.3,100000,0.5,vfl_uncorrected,8,O4 count,O,0.0348477,508.68,0.00900284,-0.000437455,0.00901477,0.00329169,2.73502,2.40121,3.13063,0.00820607,0.00982465,0.965,0.97,131.416,1,,,
0.3,100000,0.5,vfl_uncorrected,9,O5 score,O,-0.0696955,-464.964,0.00891509,0.000663214,0.0089127,0.00289569,3.07875,2.77584,3.43559,0.00808878,0.00975188,0.96,0.965,59.4758,1,,,
0.3,100000,0.5,vfl_uncorrected,10,O6 assets ($),O,0.209086,0.14562,0.00907185,0.00123126,0.00901046,0.0026438,3.43136,3.00687,3.89582,0.00819853,0.00990624,0.945,0.94,0.00631818,1,0.0293955,0.0725851,0.043388
0.3,100000,1,vfl_bc,0,intercept,R,0,,0.00482422,0.00124893,0.00467144,0.0027448,1.75758,1.57352,1.97224,0.00440574,0.0052523,0.93,0.93,,,,,
0.3,100000,1,vfl_bc,1,R1 score,R,0.348477,2326.85,0.00513911,-0.00134799,0.00497162,0.00258862,1.98527,1.767,2.22619,0.00463233,0.0056279,0.92,0.95,34.3148,1,0.0101347,0.0237922,0.0147473
0.3,100000,1,vfl_bc,2,R2 binary,R,-0.209086,-9050.28,0.00491911,0.000331325,0.00492025,0.00242351,2.02974,1.82923,2.27585,0.00446753,0.00541319,0.945,0.945,212.923,1,0.0162869,0.0383282,0.0235267
0.3,100000,1,vfl_bc,3,R3 income ($),R,0.139391,0.0974833,0.00526691,0.00224957,0.00477428,0.00270735,1.94541,1.72895,2.19856,0.00472307,0.00579613,0.935,0.96,0.00368342,1,0.0251357,0.0606863,0.0377851
0.3,100000,1,vfl_bc,4,R4 count,R,0.0696955,1015.49,0.0056811,0.000917876,0.00562052,0.00304807,1.86383,1.66743,2.10199,0.00518963,0.00618037,0.93,0.93,82.7756,1,,,
0.3,100000,1,vfl_bc,5,O1 income ($),O,0.278782,0.194168,0.00557762,0.000586989,0.00556056,0.00299559,1.86194,1.68155,2.06979,0.00508695,0.00606508,0.955,0.965,0.00388474,1,0.0151988,0.0306862,0.0200071
0.3,100000,1,vfl_bc,6,O2 age (yr),O,-0.174239,-194.692,0.00535593,0.000956289,0.00528309,0.00259591,2.06322,1.84552,2.30968,0.00488129,0.0058359,0.955,0.955,5.98464,1,0.0202936,0.0512612,0.030739
0.3,100000,1,vfl_bc,7,O3 binary,O,0.104543,4527.56,0.0053369,-0.000721115,0.00530123,0.00294812,1.81027,1.63564,2.02811,0.00481549,0.00585982,0.94,0.945,231.13,1,0.0309352,0.0840108,0.0510497
0.3,100000,1,vfl_bc,8,O4 count,O,0.0348477,508.68,0.00547744,-2.02189e-06,0.00549118,0.00329169,1.66402,1.49764,1.84691,0.00484401,0.00611218,0.94,0.945,79.9554,1,,,
0.3,100000,1,vfl_bc,9,O5 score,O,-0.0696955,-464.964,0.00556166,0.000324538,0.00556612,0.00289569,1.92067,1.69846,2.21189,0.005023,0.00611903,0.935,0.94,37.1039,1,,,
0.3,100000,1,vfl_bc,10,O6 assets ($),O,0.209086,0.14562,0.00520743,0.00172217,0.00492674,0.0026438,1.96967,1.76243,2.21022,0.00473667,0.00564909,0.945,0.985,0.00362676,1,0.017748,0.0423119,0.0249056
0.3,100000,1,vfl_uncorrected,0,intercept,R,0,,0.00482479,0.00124944,0.00467189,0.0027448,1.75779,1.57373,1.97248,0.00440631,0.0052529,0.93,0.93,,,,,
0.3,100000,1,vfl_uncorrected,1,R1 score,R,0.348477,2326.85,0.00513216,-0.0013191,0.00497218,0.00258862,1.98258,1.76505,2.22274,0.0046267,0.00562041,0.92,0.945,34.2684,1,0.0102199,0.0237114,0.0147274
0.3,100000,1,vfl_uncorrected,2,R2 binary,R,-0.209086,-9050.28,0.00491804,0.000307037,0.00492077,0.00242351,2.0293,1.82818,2.27654,0.00446703,0.00541218,0.945,0.95,212.877,1,0.0162812,0.0382168,0.0235216
0.3,100000,1,vfl_uncorrected,3,R3 income ($),R,0.139391,0.0974833,0.00527287,0.00226237,0.00477481,0.00270735,1.94761,1.7308,2.20132,0.00472851,0.00580313,0.935,0.96,0.00368759,1,0.0251372,0.0607835,0.0378279
0.3,100000,1,vfl_uncorrected,4,R4 count,R,0.0696955,1015.49,0.00568053,0.000909824,0.00562127,0.00304807,1.86365,1.66743,2.10185,0.00518865,0.00618007,0.93,0.93,82.7674,1,,,
0.3,100000,1,vfl_uncorrected,5,O1 income ($),O,0.278782,0.194168,0.0055841,0.000635591,0.00556173,0.00299559,1.8641,1.68408,2.07256,0.00509518,0.00607198,0.95,0.965,0.00388925,1,0.0153748,0.030631,0.0200303
0.3,100000,1,vfl_uncorrected,6,O2 age (yr),O,-0.174239,-194.692,0.00534996,0.000916367,0.00528412,0.00259591,2.06092,1.84322,2.3074,0.00487684,0.00583174,0.95,0.955,5.97797,1,0.0204773,0.0514069,0.0307048
0.3,100000,1,vfl_uncorrected,7,O3 binary,O,0.104543,4527.56,0.00533524,-0.000701927,0.00530214,0.00294812,1.80971,1.63522,2.0277,0.0048153,0.00585969,0.94,0.945,231.059,1,0.0309338,0.0838802,0.0510338
0.3,100000,1,vfl_uncorrected,8,O4 count,O,0.0348477,508.68,0.00547856,3.809e-06,0.00549231,0.00329169,1.66436,1.49779,1.84734,0.00484503,0.00611355,0.94,0.945,79.9718,1,,,
0.3,100000,1,vfl_uncorrected,9,O5 score,O,-0.0696955,-464.964,0.00556167,0.000303789,0.0055673,0.00289569,1.92067,1.69774,2.2121,0.00502415,0.00612044,0.94,0.94,37.1039,1,,,
0.3,100000,1,vfl_uncorrected,10,O6 assets ($),O,0.209086,0.14562,0.0052196,0.00175577,0.00492777,0.0026438,1.97428,1.76614,2.21609,0.0047475,0.00566141,0.945,0.985,0.00363524,1,0.0179085,0.0424784,0.0249638
0.3,100000,2,vfl_bc,0,intercept,R,0,,0.00373994,0.00124206,0.00353652,0.0027448,1.36255,1.25306,1.49253,0.00338658,0.0041095,0.895,0.93,,,,,
0.3,100000,2,vfl_bc,1,R1 score,R,0.348477,2326.85,0.00338965,-0.00148488,0.00305475,0.00258862,1.30944,1.18785,1.44794,0.00307967,0.00370615,0.945,0.98,22.6333,1,0.00653431,0.0162229,0.00972701
0.3,100000,2,vfl_bc,2,R2 binary,R,-0.209086,-9050.28,0.00322342,0.000421531,0.00320376,0.00242351,1.33006,1.21338,1.46654,0.00289892,0.00353241,0.96,0.96,139.525,1,0.0104944,0.0250162,0.0154167
0.3,100000,2,vfl_bc,3,R3 income ($),R,0.139391,0.0974833,0.00412629,0.00236494,0.00338981,0.00270735,1.52411,1.38139,1.68269,0.00374637,0.00450383,0.925,0.985,0.00288573,1,0.0211054,0.0504396,0.0296023
0.3,100000,2,vfl_bc,4,R4 count,R,0.0696955,1015.49,0.0039478,0.00024859,0.00394985,0.00304807,1.29518,1.19962,1.40979,0.00355421,0.00434476,0.925,0.93,57.5208,1,,,
0.3,100000,2,vfl_bc,5,O1 income ($),O,0.278782,0.194168,0.00417246,0.00102887,0.00405377,0.00299559,1.39287,1.28223,1.52521,0.00375654,0.00455616,0.925,0.94,0.00290606,1,0.010191,0.0246791,0.0149668
0.3,100000,2,vfl_bc,6,O2 age (yr),O,-0.174239,-194.692,0.00333151,0.000888423,0.00321893,0.00259591,1.28337,1.15044,1.41885,0.00300039,0.00363739,0.96,0.96,3.72258,1,0.0140014,0.0299076,0.0191204
0.3,100000,2,vfl_bc,7,O3 binary,O,0.104543,4527.56,0.00389277,-0.000719262,0.00383534,0.00294812,1.32042,1.22173,1.4393,0.00352564,0.0042459,0.925,0.935,168.588,1,0.0245118,0.0638596,0.0372359
0.3,100000,2,vfl_bc,8,O4 count,O,0.0348477,508.68,0.00417773,0.000618091,0.00414212,0.00329169,1.26918,1.17633,1.37699,0.00374832,0.00460956,0.92,0.92,60.9833,1,,,
0.3,100000,2,vfl_bc,9,O5 score,O,-0.0696955,-464.964,0.00379295,-0.000103393,0.00380105,0.00289569,1.30986,1.20229,1.4346,0.00345012,0.00413089,0.965,0.96,25.3041,1,,,
0.3,100000,2,vfl_bc,10,O6 assets ($),O,0.209086,0.14562,0.00406746,0.00176037,0.00367599,0.0026438,1.53849,1.40201,1.6924,0.00370788,0.00443153,0.935,0.955,0.00283282,1,0.0142788,0.0324071,0.0194535
0.3,100000,2,vfl_uncorrected,0,intercept,R,0,,0.00374007,0.00124221,0.0035366,0.0027448,1.3626,1.25311,1.49259,0.00338669,0.00410964,0.895,0.93,,,,,
0.3,100000,2,vfl_uncorrected,1,R1 score,R,0.348477,2326.85,0.00338611,-0.00147662,0.00305483,0.00258862,1.30807,1.18636,1.44633,0.00307624,0.00370193,0.945,0.98,22.6097,1,0.00653468,0.0161992,0.00971686
0.3,100000,2,vfl_uncorrected,2,R2 binary,R,-0.209086,-9050.28,0.00322261,0.000414597,0.00320385,0.00242351,1.32973,1.21314,1.46622,0.00289904,0.00353172,0.96,0.96,139.49,1,0.0104952,0.0250433,0.0154128
0.3,100000,2,vfl_uncorrected,3,R3 income ($),R,0.139391,0.0974833,0.00412849,0.0023686,0.00338993,0.00270735,1.52492,1.38212,1.68355,0.00374816,0.00450607,0.925,0.985,0.00288726,1,0.0211045,0.0504677,0.029618
0.3,100000,2,vfl_uncorrected,4,R4 count,R,0.0696955,1015.49,0.00394779,0.000246257,0.00394999,0.00304807,1.29518,1.19955,1.4097,0.00355431,0.00434474,0.925,0.93,57.5208,1,,,
0.3,100000,2,vfl_uncorrected,5,O1 income ($),O,0.278782,0.194168,0.00417613,0.00104278,0.00405399,0.00299559,1.39409,1.28332,1.52713,0.0037592,0.00455914,0.925,0.94,0.00290862,1,0.0101537,0.0247299,0.0149799
0.3,100000,2,vfl_uncorrected,6,O2 age (yr),O,-0.174239,-194.692,0.00332865,0.000877003,0.0032191,0.00259591,1.28226,1.14953,1.41714,0.00299694,0.00363481,0.96,0.96,3.71938,1,0.0140358,0.0299756,0.0191039
0.3,100000,2,vfl_uncorrected,7,O3 binary,O,0.104543,4527.56,0.00389195,-0.000713781,0.00383554,0.00294812,1.32015,1.22137,1.43925,0.0035252,0.00424472,0.925,0.935,168.552,1,0.0245123,0.0638109,0.0372281
0.3,100000,2,vfl_uncorrected,8,O4 count,O,0.0348477,508.68,0.00417821,0.000619797,0.00414235,0.00329169,1.26932,1.17647,1.3772,0.00374881,0.00461005,0.92,0.92,60.9902,1,,,
0.3,100000,2,vfl_uncorrected,9,O5 score,O,-0.0696955,-464.964,0.00379332,-0.000109361,0.00380126,0.00289569,1.30999,1.20267,1.43485,0.00345062,0.00413148,0.965,0.96,25.3066,1,,,
0.3,100000,2,vfl_uncorrected,10,O6 assets ($),O,0.209086,0.14562,0.00407179,0.00176997,0.00367617,0.0026438,1.54013,1.40333,1.69423,0.00371092,0.00443617,0.935,0.955,0.00283584,1,0.014234,0.0324454,0.0194742
0.3,100000,4,vfl_bc,0,intercept,R,0,,0.00326432,0.00134172,0.0029833,0.0027448,1.18927,1.12261,1.27781,0.00295443,0.0035887,0.92,0.94,,,,,
0.3,100000,4,vfl_bc,1,R1 score,R,0.348477,2326.85,0.0031282,-0.00144566,0.00278108,0.00258862,1.20844,1.12562,1.30472,0.00284432,0.00341235,0.915,0.96,20.8876,1,0.00576428,0.014733,0.00897677
0.3,100000,4,vfl_bc,2,R2 binary,R,-0.209086,-9050.28,0.00262729,0.000528926,0.00257996,0.00242351,1.08408,1.02017,1.16415,0.00239678,0.00284332,0.98,0.985,113.722,1,0.00971066,0.0198009,0.0125656
0.3,100000,4,vfl_bc,3,R3 income ($),R,0.139391,0.0974833,0.00370969,0.00230759,0.00291191,0.00270735,1.37023,1.26482,1.49797,0.00334924,0.00403602,0.895,0.96,0.00259438,1,0.0185883,0.0459393,0.0266136
0.3,100000,4,vfl_bc,4,R4 count,R,0.0696955,1015.49,0.00323947,0.000321824,0.00323153,0.00304807,1.06279,1.00994,1.13046,0.00296185,0.00353255,0.945,0.955,47.2002,1,,,
0.3,100000,4,vfl_bc,5,O1 income ($),O,0.278782,0.194168,0.00353315,0.00116048,0.0033455,0.00299559,1.17945,1.10558,1.27123,0.00318083,0.00385161,0.945,0.935,0.00246079,1,0.00933314,0.0197604,0.0126735
0.3,100000,4,vfl_bc,6,O2 age (yr),O,-0.174239,-194.692,0.00303962,0.00061177,0.00298489,0.00259591,1.17092,1.10897,1.24514,0.00274811,0.00332839,0.945,0.945,3.39642,1,0.0114127,0.0300652,0.0174451
0.3,100000,4,vfl_bc,7,O3 binary,O,0.104543,4527.56,0.00325478,-0.000682321,0.00319045,0.00294812,1.10402,1.04361,1.17705,0.00295144,0.00357446,0.935,0.935,140.958,1,0.0209044,0.0499206,0.0311334
0.3,100000,4,vfl_bc,8,O4 count,O,0.0348477,508.68,0.00354763,0.000261044,0.00354689,0.00329169,1.07775,1.01914,1.1524,0.00321571,0.00387596,0.915,0.9,51.7856,1,,,
0.3,100000,4,vfl_bc,9,O5 score,O,-0.0696955,-464.964,0.00307288,-8.84222e-05,0.00307931,0.00289569,1.06119,1.01551,1.11646,0.0028048,0.00334111,0.965,0.975,20.5003,1,,,
0.3,100000,4,vfl_bc,10,O6 assets ($),O,0.209086,0.14562,0.00330605,0.00174474,0.00281522,0.0026438,1.25049,1.1546,1.35845,0.00300746,0.00360189,0.92,0.99,0.00230253,1,0.0107452,0.0274187,0.0158119
0.3,100000,4,vfl_uncorrected,0,intercept,R,0,,0.00326435,0.00134176,0.00298332,0.0027448,1.18929,1.12263,1.27783,0.00295446,0.00358874,0.92,0.94,,,,,
0.3,100000,4,vfl_uncorrected,1,R1 score,R,0.348477,2326.85,0.0031271,-0.00144324,0.0027811,0.00258862,1.20802,1.12529,1.30417,0.00284327,0.00341112,0.915,0.96,20.8802,1,0.00576438,0.0147261,0.00897361
0.3,100000,4,vfl_uncorrected,2,R2 binary,R,-0.209086,-9050.28,0.0026269,0.000526888,0.00257997,0.00242351,1.08392,1.02009,1.16387,0.00239652,0.0028427,0.98,0.985,113.705,1,0.00971089,0.0197913,0.0125637
0.3,100000,4,vfl_uncorrected,3,R3 income ($),R,0.139391,0.0974833,0.00371038,0.00230867,0.00291194,0.00270735,1.37049,1.26504,1.49826,0.00334991,0.00403665,0.895,0.96,0.00259486,1,0.0185958,0.0459473,0.0266185
0.3,100000,4,vfl_uncorrected,4,R4 count,R,0.0696955,1015.49,0.00323943,0.000321138,0.00323156,0.00304807,1.06278,1.00994,1.13045,0.00296184,0.00353257,0.945,0.955,47.1997,1,,,
0.3,100000,4,vfl_uncorrected,5,O1 income ($),O,0.278782,0.194168,0.00353454,0.00116458,0.00334555,0.00299559,1.17991,1.10596,1.27193,0.00318199,0.00385329,0.945,0.935,0.00246176,1,0.00934779,0.0197724,0.0126785
0.3,100000,4,vfl_uncorrected,6,O2 age (yr),O,-0.174239,-194.692,0.00303899,0.000608406,0.00298493,0.00259591,1.17068,1.10893,1.24479,0.00274783,0.00332795,0.945,0.945,3.39572,1,0.0113936,0.0300464,0.0174415
0.3,100000,4,vfl_uncorrected,7,O3 binary,O,0.104543,4527.56,0.00325449,-0.000680709,0.00319049,0.00294812,1.10392,1.0435,1.17697,0.00295122,0.00357416,0.935,0.94,140.945,1,0.0209045,0.0499052,0.0311306
0.3,100000,4,vfl_uncorrected,8,O4 count,O,0.0348477,508.68,0.00354772,0.00026154,0.00354695,0.00329169,1.07778,1.01916,1.15246,0.0032158,0.00387606,0.915,0.9,51.7869,1,,,
0.3,100000,4,vfl_uncorrected,9,O5 score,O,-0.0696955,-464.964,0.00307298,-9.01749e-05,0.00307936,0.00289569,1.06123,1.01552,1.11653,0.00280471,0.00334147,0.965,0.975,20.5009,1,,,
0.3,100000,4,vfl_uncorrected,10,O6 assets ($),O,0.209086,0.14562,0.00330758,0.00174757,0.00281526,0.0026438,1.25107,1.15511,1.35916,0.00300884,0.00360339,0.92,0.99,0.00230359,1,0.0107587,0.0274323,0.0158192
0.3,100000,8,vfl_bc,0,intercept,R,0,,0.00306235,0.00121776,0.00281687,0.0027448,1.11569,1.05686,1.1966,0.00277985,0.00336014,0.935,0.925,,,,,
0.3,100000,8,vfl_bc,1,R1 score,R,0.348477,2326.85,0.00297655,-0.00147693,0.00259078,0.00258862,1.14986,1.08324,1.2327,0.00269727,0.00325049,0.94,0.975,19.875,1,0.00593959,0.012971,0.0085416
0.3,100000,8,vfl_bc,2,R2 binary,R,-0.209086,-9050.28,0.00256564,0.000444826,0.00253312,0.00242351,1.05864,1.01728,1.11208,0.00233816,0.00279065,0.97,0.985,111.053,1,0.00858149,0.0198072,0.0122707
0.3,100000,8,vfl_bc,3,R3 income ($),R,0.139391,0.0974833,0.00360759,0.00239261,0.00270679,0.00270735,1.33252,1.2366,1.45085,0.00325022,0.00394258,0.895,0.97,0.00252297,1,0.0179424,0.0417088,0.025881
0.3,100000,8,vfl_bc,4,R4 count,R,0.0696955,1015.49,0.00307735,0.000439342,0.00305347,0.00304807,1.00961,0.979397,1.04913,0.00275681,0.00338936,0.935,0.945,44.8382,1,,,
0.3,100000,8,vfl_bc,5,O1 income ($),O,0.278782,0.194168,0.00326463,0.00101952,0.00310913,0.00299559,1.08981,1.03739,1.15417,0.00294757,0.00355999,0.93,0.93,0.00227377,1,0.00768015,0.0194297,0.0117103
0.3,100000,8,vfl_bc,6,O2 age (yr),O,-0.174239,-194.692,0.00282732,0.00071182,0.00274311,0.00259591,1.08914,1.0434,1.14869,0.00255613,0.00310235,0.96,0.965,3.1592,1,0.010801,0.0274911,0.0162267
0.3,100000,8,vfl_bc,7,O3 binary,O,0.104543,4527.56,0.00314159,-0.000597649,0.00309196,0.00294812,1.06563,1.03006,1.11138,0.00282686,0.00344499,0.92,0.93,136.056,1,0.0196451,0.0513481,0.0300507
0.3,100000,8,vfl_bc,8,O4 count,O,0.0348477,508.68,0.00336199,0.000205635,0.00336412,0.00329169,1.02136,0.995951,1.05572,0.00305608,0.0037033,0.92,0.92,49.0758,1,,,
0.3,100000,8,vfl_bc,9,O5 score,O,-0.0696955,-464.964,0.00303117,-0.000150674,0.00303502,0.00289569,1.04679,1.01346,1.09234,0.0027676,0.00330002,0.965,0.955,20.222,1,,,
0.3,100000,8,vfl_bc,10,O6 assets ($),O,0.209086,0.14562,0.00336664,0.00189212,0.00279161,0.0026438,1.27341,1.18086,1.37564,0.00304006,0.00368414,0.9,0.96,0.00234473,1,0.0100195,0.0270169,0.0161017
0.3,100000,8,vfl_uncorrected,0,intercept,R,0,,0.00306236,0.00121777,0.00281687,0.0027448,1.1157,1.05686,1.19661,0.00277986,0.00336015,0.935,0.925,,,,,
0.3,100000,8,vfl_uncorrected,1,R1 score,R,0.348477,2326.85,0.00297619,-0.00147618,0.00259078,0.00258862,1.14972,1.08313,1.23253,0.0026969,0.00325006,0.94,0.975,19.8726,1,0.00594173,0.0129688,0.00854055
0.3,100000,8,vfl_uncorrected,2,R2 binary,R,-0.209086,-9050.28,0.00256553,0.000444198,0.00253313,0.00242351,1.0586,1.01726,1.112,0.00233815,0.00279054,0.97,0.985,111.049,1,0.00857852,0.0198103,0.0122702
0.3,100000,8,vfl_uncorrected,3,R3 income ($),R,0.139391,0.0974833,0.00360781,0.00239295,0.00270679,0.00270735,1.3326,1.23668,1.45094,0.00325044,0.0039428,0.895,0.97,0.00252313,1,0.0179448,0.0417112,0.0258827
0.3,100000,8,vfl_uncorrected,4,R4 count,R,0.0696955,1015.49,0.00307733,0.000439131,0.00305348,0.00304807,1.0096,0.979395,1.04912,0.00275677,0.00338935,0.935,0.945,44.8378,1,,,
0.3,100000,8,vfl_uncorrected,5,O1 income ($),O,0.278782,0.194168,0.00326503,0.00102078,0.00310914,0.00299559,1.08995,1.03748,1.15435,0.00294791,0.00356053,0.93,0.93,0.00227405,1,0.00768022,0.0194252,0.0117118
0.3,100000,8,vfl_uncorrected,6,O2 age (yr),O,-0.174239,-194.692,0.00282707,0.000710784,0.00274312,0.00259591,1.08905,1.04331,1.14854,0.00255596,0.00310207,0.96,0.965,3.15892,1,0.0107951,0.0274959,0.0162253
0.3,100000,8,vfl_uncorrected,7,O3 binary,O,0.104543,4527.56,0.00314151,-0.000597151,0.00309198,0.00294812,1.0656,1.03005,1.11133,0.0028268,0.00344488,0.92,0.93,136.053,1,0.0196451,0.0513446,0.0300499
0.3,100000,8,vfl_uncorrected,8,O4 count,O,0.0348477,508.68,0.00336202,0.000205787,0.00336414,0.00329169,1.02137,0.995958,1.05573,0.00305611,0.00370331,0.92,0.92,49.0762,1,,,
0.3,100000,8,vfl_uncorrected,9,O5 score,O,-0.0696955,-464.964,0.00303121,-0.000151215,0.00303504,0.00289569,1.0468,1.01347,1.09237,0.00276761,0.00330011,0.965,0.955,20.2223,1,,,
0.3,100000,8,vfl_uncorrected,10,O6 assets ($),O,0.209086,0.14562,0.00336714,0.00189299,0.00279162,0.0026438,1.2736,1.18101,1.37585,0.00304055,0.00368462,0.9,0.96,0.00234508,1,0.0100236,0.0270212,0.016104
