dataset,n,d,d_R,eps,method,test_mse,se_over_folds,ci95_lo,ci95_hi,run_p2.5,run_p97.5,ratio_to_nonprivate,published_mse,vfl_gate_pass,lambda_mean
3droad,434874,3,1,0.01,trivial,0.0275069,4.5e-05,0.0274051,0.0276086,0.0272562,0.0277336,1.04,0.0275069,,
3droad,434874,3,1,0.01,nonprivate,0.0264521,3.68e-05,0.0263689,0.0265352,0.026261,0.0266545,1,0.0264523,,
3droad,434874,3,1,0.01,ssp,0.0264624,3.68e-05,0.0263791,0.0265456,0.0262644,0.0266674,1,0.0264577,,
3droad,434874,3,1,0.01,adassp,0.0265439,3.75e-05,0.0264592,0.0266286,0.0262974,0.0268106,1.003,0.026517,,0
3droad,434874,3,1,0.01,adassp_matched,0.0265869,3.96e-05,0.0264974,0.0266764,0.026328,0.0269455,1.005,,,
3droad,434874,3,1,0.01,vfl,0.0265112,3.7e-05,0.0264275,0.0265948,0.0262792,0.0267423,1.002,,1.000,6712
3droad,434874,3,1,0.01,vfl_uncorrected,0.0265111,3.7e-05,0.0264275,0.0265948,0.0262792,0.0267422,1.002,,1.000,6712
3droad,434874,3,1,0.02,trivial,0.0275069,4.5e-05,0.0274051,0.0276086,0.0272562,0.0277336,1.04,0.0275069,,
3droad,434874,3,1,0.02,nonprivate,0.0264521,3.68e-05,0.0263689,0.0265352,0.026261,0.0266545,1,0.0264523,,
3droad,434874,3,1,0.02,ssp,0.0264547,3.68e-05,0.0263715,0.0265379,0.02626,0.026659,1,0.0264529,,
3droad,434874,3,1,0.02,adassp,0.0264744,3.68e-05,0.0263912,0.0265575,0.0262679,0.0266843,1.001,0.0264782,,0
3droad,434874,3,1,0.02,adassp_matched,0.0264905,3.61e-05,0.0264089,0.0265722,0.0262799,0.0266973,1.001,,,
3droad,434874,3,1,0.02,vfl,0.0264696,3.67e-05,0.0263866,0.0265526,0.026267,0.0266751,1.001,,1.000,3548
3droad,434874,3,1,0.02,vfl_uncorrected,0.0264696,3.67e-05,0.0263866,0.0265526,0.026267,0.0266751,1.001,,1.000,3548
3droad,434874,3,1,0.05,trivial,0.0275069,4.5e-05,0.0274051,0.0276086,0.0272562,0.0277336,1.04,0.0275069,,
3droad,434874,3,1,0.05,nonprivate,0.0264521,3.68e-05,0.0263689,0.0265352,0.026261,0.0266545,1,0.0264523,,
3droad,434874,3,1,0.05,ssp,0.0264525,3.68e-05,0.0263694,0.0265357,0.0262604,0.0266551,1,0.0264531,,
3droad,434874,3,1,0.05,adassp,0.0264556,3.67e-05,0.0263726,0.0265386,0.0262618,0.0266586,1,0.0264555,,0
3droad,434874,3,1,0.05,adassp_matched,0.0264592,3.65e-05,0.0263765,0.0265419,0.0262638,0.0266621,1,,,
3droad,434874,3,1,0.05,vfl,0.0264552,3.69e-05,0.0263718,0.0265386,0.02626,0.0266596,1,,1.000,1518
3droad,434874,3,1,0.05,vfl_uncorrected,0.0264552,3.69e-05,0.0263718,0.0265386,0.02626,0.0266596,1,,1.000,1518
3droad,434874,3,1,0.1,trivial,0.0275069,4.5e-05,0.0274051,0.0276086,0.0272562,0.0277336,1.04,0.0275069,,
3droad,434874,3,1,0.1,nonprivate,0.0264521,3.68e-05,0.0263689,0.0265352,0.026261,0.0266545,1,0.0264523,,
3droad,434874,3,1,0.1,ssp,0.0264522,3.67e-05,0.026369,0.0265353,0.0262607,0.0266549,1,0.0264526,,
3droad,434874,3,1,0.1,adassp,0.026453,3.68e-05,0.0263698,0.0265361,0.0262607,0.0266561,1,0.0264532,,0
3droad,434874,3,1,0.1,adassp_matched,0.0264541,3.68e-05,0.026371,0.0265373,0.0262608,0.026658,1,,,
3droad,434874,3,1,0.1,vfl,0.026453,3.68e-05,0.0263697,0.0265363,0.0262601,0.0266563,1,,1.000,795.4
3droad,434874,3,1,0.1,vfl_uncorrected,0.026453,3.68e-05,0.0263697,0.0265363,0.0262601,0.0266563,1,,1.000,795.4
3droad,434874,3,1,0.2,trivial,0.0275069,4.5e-05,0.0274051,0.0276086,0.0272562,0.0277336,1.04,0.0275069,,
3droad,434874,3,1,0.2,nonprivate,0.0264521,3.68e-05,0.0263689,0.0265352,0.026261,0.0266545,1,0.0264523,,
3droad,434874,3,1,0.2,ssp,0.0264521,3.68e-05,0.026369,0.0265353,0.0262607,0.0266547,1,0.0264524,,
3droad,434874,3,1,0.2,adassp,0.0264523,3.68e-05,0.0263691,0.0265354,0.0262605,0.0266551,1,0.0264523,,0
3droad,434874,3,1,0.2,adassp_matched,0.0264527,3.67e-05,0.0263695,0.0265358,0.0262605,0.0266553,1,,,
3droad,434874,3,1,0.2,vfl,0.0264524,3.68e-05,0.0263691,0.0265357,0.02626,0.0266556,1,,1.000,416
3droad,434874,3,1,0.2,vfl_uncorrected,0.0264524,3.68e-05,0.0263691,0.0265357,0.02626,0.0266556,1,,1.000,416
3droad,434874,3,1,0.5,trivial,0.0275069,4.5e-05,0.0274051,0.0276086,0.0272562,0.0277336,1.04,0.0275069,,
3droad,434874,3,1,0.5,nonprivate,0.0264521,3.68e-05,0.0263689,0.0265352,0.026261,0.0266545,1,0.0264523,,
3droad,434874,3,1,0.5,ssp,0.0264521,3.68e-05,0.0263689,0.0265352,0.0262608,0.0266546,1,0.0264522,,
3droad,434874,3,1,0.5,adassp,0.0264521,3.68e-05,0.026369,0.0265353,0.0262607,0.0266546,1,0.0264523,,0
3droad,434874,3,1,0.5,adassp_matched,0.0264522,3.68e-05,0.026369,0.0265353,0.0262607,0.0266548,1,,,
3droad,434874,3,1,0.5,vfl,0.0264521,3.68e-05,0.0263689,0.0265353,0.0262606,0.0266547,1,,1.000,176.5
3droad,434874,3,1,0.5,vfl_uncorrected,0.0264521,3.68e-05,0.0263689,0.0265353,0.0262606,0.0266547,1,,1.000,176.5
3droad,434874,3,1,1,trivial,0.0275069,4.5e-05,0.0274051,0.0276086,0.0272562,0.0277336,1.04,0.0275069,,
3droad,434874,3,1,1,nonprivate,0.0264521,3.68e-05,0.0263689,0.0265352,0.026261,0.0266545,1,0.0264523,,
3droad,434874,3,1,1,ssp,0.0264521,3.68e-05,0.0263689,0.0265352,0.0262609,0.0266545,1,0.0264523,,
3droad,434874,3,1,1,adassp,0.0264521,3.68e-05,0.0263689,0.0265353,0.0262608,0.0266546,1,0.0264523,,0
3droad,434874,3,1,1,adassp_matched,0.0264521,3.68e-05,0.026369,0.0265352,0.0262608,0.0266546,1,,,
3droad,434874,3,1,1,vfl,0.0264521,3.68e-05,0.0263689,0.0265353,0.0262607,0.0266546,1,,1.000,92.56
3droad,434874,3,1,1,vfl_uncorrected,0.0264521,3.68e-05,0.0263689,0.0265353,0.0262607,0.0266546,1,,1.000,92.56
3droad,434874,3,1,2,trivial,0.0275069,4.5e-05,0.0274051,0.0276086,0.0272562,0.0277336,1.04,0.0275069,,
3droad,434874,3,1,2,nonprivate,0.0264521,3.68e-05,0.0263689,0.0265352,0.026261,0.0266545,1,0.0264523,,
3droad,434874,3,1,2,ssp,0.0264521,3.68e-05,0.0263689,0.0265352,0.0262609,0.0266545,1,0.0264523,,
3droad,434874,3,1,2,adassp,0.0264521,3.68e-05,0.0263689,0.0265352,0.0262609,0.0266545,1,0.0264523,,0
3droad,434874,3,1,2,adassp_matched,0.0264521,3.68e-05,0.0263689,0.0265353,0.0262609,0.0266546,1,,,
3droad,434874,3,1,2,vfl,0.0264521,3.68e-05,0.0263689,0.0265353,0.0262608,0.0266546,1,,1.000,48.87
3droad,434874,3,1,2,vfl_uncorrected,0.0264521,3.68e-05,0.0263689,0.0265353,0.0262608,0.0266546,1,,1.000,48.87
3droad,434874,3,1,5,trivial,0.0275069,4.5e-05,0.0274051,0.0276086,0.0272562,0.0277336,1.04,0.0275069,,
3droad,434874,3,1,5,nonprivate,0.0264521,3.68e-05,0.0263689,0.0265352,0.026261,0.0266545,1,0.0264523,,
3droad,434874,3,1,5,ssp,0.0264521,3.68e-05,0.0263689,0.0265352,0.0262609,0.0266545,1,0.0264523,,
3droad,434874,3,1,5,adassp,0.0264521,3.68e-05,0.0263689,0.0265352,0.0262609,0.0266545,1,0.0264523,,0
3droad,434874,3,1,5,adassp_matched,0.0264521,3.68e-05,0.0263689,0.0265352,0.0262609,0.0266545,1,,,
3droad,434874,3,1,5,vfl,0.0264521,3.68e-05,0.0263689,0.0265352,0.0262609,0.0266545,1,,1.000,21.47
3droad,434874,3,1,5,vfl_uncorrected,0.0264521,3.68e-05,0.0263689,0.0265352,0.0262609,0.0266545,1,,1.000,21.47
3droad,434874,3,1,10,trivial,0.0275069,4.5e-05,0.0274051,0.0276086,0.0272562,0.0277336,1.04,0.0275069,,
3droad,434874,3,1,10,nonprivate,0.0264521,3.68e-05,0.0263689,0.0265352,0.026261,0.0266545,1,0.0264523,,
3droad,434874,3,1,10,ssp,0.0264521,3.68e-05,0.0263689,0.0265352,0.026261,0.0266545,1,0.0264523,,
3droad,434874,3,1,10,adassp,0.0264521,3.68e-05,0.0263689,0.0265352,0.026261,0.0266545,1,0.0264523,,0
3droad,434874,3,1,10,adassp_matched,0.0264521,3.68e-05,0.0263689,0.0265352,0.0262609,0.0266545,1,,,
3droad,434874,3,1,10,vfl,0.0264521,3.68e-05,0.0263689,0.0265352,0.0262609,0.0266545,1,,1.000,11.85
3droad,434874,3,1,10,vfl_uncorrected,0.0264521,3.68e-05,0.0263689,0.0265352,0.0262609,0.0266545,1,,1.000,11.85
airfoil,1503,5,2,0.01,trivial,0.103332,0.00473,0.0926243,0.114039,0.0882502,0.134148,1.939,0.103322,,
airfoil,1503,5,2,0.01,nonprivate,0.0532921,0.00145,0.0500012,0.0565829,0.0466461,0.0618993,1,0.0533282,,
airfoil,1503,5,2,0.01,ssp,148.888,52.5,30.2344,267.541,0.145498,1026.37,2794,4.32512,,
airfoil,1503,5,2,0.01,adassp,0.133719,0.00493,0.122578,0.144861,0.0705528,0.247859,2.509,0.124469,,6965
airfoil,1503,5,2,0.01,adassp_matched,0.140934,0.0054,0.128709,0.153159,0.0722101,0.27214,2.645,,,
airfoil,1503,5,2,0.01,vfl,0.11254,0.00453,0.102288,0.122792,0.0746896,0.174358,2.112,,0.990,8665
airfoil,1503,5,2,0.01,vfl_uncorrected,0.11407,0.00454,0.103804,0.124336,0.0745389,0.177118,2.14,,0.990,8665
airfoil,1503,5,2,0.02,trivial,0.103332,0.00473,0.0926243,0.114039,0.0882502,0.134148,1.939,0.103322,,
airfoil,1503,5,2,0.02,nonprivate,0.0532921,0.00145,0.0500012,0.0565829,0.0466461,0.0618993,1,0.0533282,,
airfoil,1503,5,2,0.02,ssp,12733.2,6.17e+03,-1216.03,26682.3,0.113134,554.439,2.389e+05,633.641,,
airfoil,1503,5,2,0.02,adassp,0.127956,0.00459,0.117575,0.138336,0.0679504,0.236441,2.401,0.119717,,3483
airfoil,1503,5,2,0.02,adassp_matched,0.140385,0.00606,0.126684,0.154085,0.0730841,0.265016,2.634,,,
airfoil,1503,5,2,0.02,vfl,0.10934,0.00471,0.0986799,0.120001,0.0695652,0.163423,2.052,,0.990,4580
airfoil,1503,5,2,0.02,vfl_uncorrected,0.110505,0.0047,0.0998785,0.121131,0.0692971,0.166201,2.074,,0.990,4580
airfoil,1503,5,2,0.05,trivial,0.103332,0.00473,0.0926243,0.114039,0.0882502,0.134148,1.939,0.103322,,
airfoil,1503,5,2,0.05,nonprivate,0.0532921,0.00145,0.0500012,0.0565829,0.0466461,0.0618993,1,0.0533282,,
airfoil,1503,5,2,0.05,ssp,43.8915,33.9,-32.7652,120.548,0.0725025,38.0253,823.6,79.9785,,
airfoil,1503,5,2,0.05,adassp,0.113931,0.00498,0.102666,0.125195,0.0657754,0.205882,2.138,0.10073,,1393
airfoil,1503,5,2,0.05,adassp_matched,0.122227,0.00514,0.110594,0.133861,0.0647176,0.224303,2.294,,,
airfoil,1503,5,2,0.05,vfl,0.104465,0.00453,0.0942115,0.114718,0.0709738,0.157723,1.96,,0.998,1959
airfoil,1503,5,2,0.05,vfl_uncorrected,0.105167,0.00453,0.0949168,0.115418,0.0702731,0.160864,1.973,,0.998,1959
airfoil,1503,5,2,0.1,trivial,0.103332,0.00473,0.0926243,0.114039,0.0882502,0.134148,1.939,0.103322,,
airfoil,1503,5,2,0.1,nonprivate,0.0532921,0.00145,0.0500012,0.0565829,0.0466461,0.0618993,1,0.0533282,,
airfoil,1503,5,2,0.1,ssp,3.48677,2.52,-2.21502,9.18857,0.0541479,5.39525,65.43,0.794793,,
airfoil,1503,5,2,0.1,adassp,0.0974181,0.00427,0.0877571,0.107079,0.0622069,0.157744,1.828,0.0912083,,696.5
airfoil,1503,5,2,0.1,adassp_matched,0.11067,0.00447,0.100547,0.120792,0.0641099,0.195815,2.077,,,
airfoil,1503,5,2,0.1,vfl,0.0953474,0.00382,0.0867112,0.103984,0.0630475,0.138837,1.789,,1.000,1027
airfoil,1503,5,2,0.1,vfl_uncorrected,0.0954514,0.00379,0.0868776,0.104025,0.0625462,0.139534,1.791,,1.000,1027
airfoil,1503,5,2,0.2,trivial,0.103332,0.00473,0.0926243,0.114039,0.0882502,0.134148,1.939,0.103322,,
airfoil,1503,5,2,0.2,nonprivate,0.0532921,0.00145,0.0500012,0.0565829,0.0466461,0.0618993,1,0.0533282,,
airfoil,1503,5,2,0.2,ssp,0.687886,0.546,-0.547037,1.92281,0.0504861,0.423072,12.91,0.0922947,,
airfoil,1503,5,2,0.2,adassp,0.0813269,0.00369,0.0729891,0.0896647,0.0563147,0.120506,1.526,0.0781016,,348.3
airfoil,1503,5,2,0.2,adassp_matched,0.0914178,0.00342,0.0836793,0.0991564,0.0603261,0.144259,1.715,,,
airfoil,1503,5,2,0.2,vfl,0.0854068,0.00375,0.0769305,0.0938832,0.0615494,0.12303,1.603,,1.000,537.1
airfoil,1503,5,2,0.2,vfl_uncorrected,0.0851862,0.00373,0.0767565,0.0936159,0.0611159,0.122869,1.598,,1.000,537.1
airfoil,1503,5,2,0.5,trivial,0.103332,0.00473,0.0926243,0.114039,0.0882502,0.134148,1.939,0.103322,,
airfoil,1503,5,2,0.5,nonprivate,0.0532921,0.00145,0.0500012,0.0565829,0.0466461,0.0618993,1,0.0533282,,
airfoil,1503,5,2,0.5,ssp,0.0558751,0.00146,0.0525739,0.0591764,0.0474523,0.0686215,1.048,0.0550139,,
airfoil,1503,5,2,0.5,adassp,0.0653789,0.00267,0.0593297,0.0714282,0.051199,0.0901096,1.227,0.0656048,,139.2
airfoil,1503,5,2,0.5,adassp_matched,0.0731935,0.00307,0.0662445,0.0801425,0.0535956,0.106568,1.373,,,
airfoil,1503,5,2,0.5,vfl,0.0695632,0.00298,0.0628315,0.076295,0.0543017,0.0973939,1.305,,1.000,227.9
airfoil,1503,5,2,0.5,vfl_uncorrected,0.0693025,0.00295,0.0626218,0.0759833,0.0540241,0.0971208,1.3,,1.000,227.9
airfoil,1503,5,2,1,trivial,0.103332,0.00473,0.0926243,0.114039,0.0882502,0.134148,1.939,0.103322,,
airfoil,1503,5,2,1,nonprivate,0.0532921,0.00145,0.0500012,0.0565829,0.0466461,0.0618993,1,0.0533282,,
airfoil,1503,5,2,1,ssp,0.0539004,0.00146,0.0505925,0.0572083,0.0466987,0.0629617,1.011,0.0537398,,
airfoil,1503,5,2,1,adassp,0.0579377,0.00198,0.053452,0.0624233,0.0485996,0.0734552,1.087,0.0588048,,66.48
airfoil,1503,5,2,1,adassp_matched,0.0625281,0.00232,0.0572738,0.0677824,0.0502855,0.0839107,1.173,,,
airfoil,1503,5,2,1,vfl,0.0616934,0.0026,0.0558111,0.0675756,0.050464,0.0836859,1.158,,1.000,119.5
airfoil,1503,5,2,1,vfl_uncorrected,0.0615654,0.00259,0.0557118,0.067419,0.0503676,0.0834676,1.155,,1.000,119.5
airfoil,1503,5,2,2,trivial,0.103332,0.00473,0.0926243,0.114039,0.0882502,0.134148,1.939,0.103322,,
airfoil,1503,5,2,2,nonprivate,0.0532921,0.00145,0.0500012,0.0565829,0.0466461,0.0618993,1,0.0533282,,
airfoil,1503,5,2,2,ssp,0.0534152,0.00145,0.0501363,0.0566941,0.0465653,0.0621526,1.002,0.0540012,,
airfoil,1503,5,2,2,adassp,0.0543522,0.00158,0.0507783,0.0579261,0.046604,0.0641812,1.02,0.0545034,,15.69
airfoil,1503,5,2,2,adassp_matched,0.0566587,0.00188,0.0524121,0.0609052,0.0473017,0.0713547,1.063,,,
airfoil,1503,5,2,2,vfl,0.056735,0.002,0.0522038,0.0612663,0.0481034,0.070909,1.065,,1.000,63.09
airfoil,1503,5,2,2,vfl_uncorrected,0.0566918,0.002,0.0521744,0.0612091,0.0480657,0.0708015,1.064,,1.000,63.09
airfoil,1503,5,2,5,trivial,0.103332,0.00473,0.0926243,0.114039,0.0882502,0.134148,1.939,0.103322,,
airfoil,1503,5,2,5,nonprivate,0.0532921,0.00145,0.0500012,0.0565829,0.0466461,0.0618993,1,0.0533282,,
airfoil,1503,5,2,5,ssp,0.0533037,0.00145,0.0500185,0.0565889,0.0465956,0.0619534,1,0.0534088,,
airfoil,1503,5,2,5,adassp,0.0535228,0.00146,0.0502286,0.056817,0.0466436,0.0624182,1.004,0.0535569,,0
airfoil,1503,5,2,5,adassp_matched,0.0539446,0.00146,0.0506312,0.057258,0.0466646,0.0636468,1.012,,,
airfoil,1503,5,2,5,vfl,0.0542356,0.00169,0.0504227,0.0580486,0.0465993,0.0639145,1.018,,1.000,27.72
airfoil,1503,5,2,5,vfl_uncorrected,0.0542281,0.00168,0.0504187,0.0580375,0.0465944,0.0638997,1.018,,1.000,27.72
airfoil,1503,5,2,10,trivial,0.103332,0.00473,0.0926243,0.114039,0.0882502,0.134148,1.939,0.103322,,
airfoil,1503,5,2,10,nonprivate,0.0532921,0.00145,0.0500012,0.0565829,0.0466461,0.0618993,1,0.0533282,,
airfoil,1503,5,2,10,ssp,0.0532919,0.00145,0.0500067,0.056577,0.0466234,0.0619677,1,0.0533273,,
airfoil,1503,5,2,10,adassp,0.0533407,0.00145,0.0500652,0.0566162,0.046592,0.0620705,1.001,0.0533553,,0
airfoil,1503,5,2,10,adassp_matched,0.0535059,0.00147,0.0501761,0.0568356,0.0465964,0.062635,1.004,,,
airfoil,1503,5,2,10,vfl,0.0535789,0.00156,0.0500421,0.0571157,0.0463823,0.0626421,1.005,,1.000,15.3
airfoil,1503,5,2,10,vfl_uncorrected,0.0535772,0.00156,0.0500415,0.057113,0.0463817,0.0626385,1.005,,1.000,15.3
autompg,392,7,3,0.01,trivial,0.113417,0.00729,0.0969307,0.129904,0.0827869,0.16023,5.09,0.11337,,
autompg,392,7,3,0.01,nonprivate,0.0222833,0.00245,0.0167482,0.0278183,0.0127156,0.0377789,1,0.0221099,,
autompg,392,7,3,0.01,ssp,495358,4.93e+05,-620174,1.61089e+06,0.129608,657.344,2.223e+07,4.21165,,
autompg,392,7,3,0.01,adassp,0.13963,0.00688,0.124059,0.155202,0.0418611,0.3219,6.266,0.0940454,,8634
autompg,392,7,3,0.01,adassp_matched,0.137985,0.00839,0.119009,0.156961,0.0450161,0.326582,6.192,,,
autompg,392,7,3,0.01,vfl,0.116106,0.00728,0.0996483,0.132564,0.0457328,0.229063,5.21,,0.982,1.025e+04
autompg,392,7,3,0.01,vfl_uncorrected,0.117035,0.00731,0.100505,0.133564,0.0443248,0.236575,5.252,,0.982,1.025e+04
autompg,392,7,3,0.02,trivial,0.113417,0.00729,0.0969307,0.129904,0.0827869,0.16023,5.09,0.11337,,
autompg,392,7,3,0.02,nonprivate,0.0222833,0.00245,0.0167482,0.0278183,0.0127156,0.0377789,1,0.0221099,,
autompg,392,7,3,0.02,ssp,634.441,533,-570.901,1839.78,0.121006,728.877,2.847e+04,1.80485,,
autompg,392,7,3,0.02,adassp,0.12661,0.00772,0.109147,0.144074,0.0387995,0.295585,5.682,0.111985,,4317
autompg,392,7,3,0.02,adassp_matched,0.135005,0.0075,0.118045,0.151966,0.039988,0.317355,6.059,,,
autompg,392,7,3,0.02,vfl,0.116506,0.00757,0.0993912,0.13362,0.051016,0.216599,5.228,,0.978,5419
autompg,392,7,3,0.02,vfl_uncorrected,0.117532,0.00762,0.100285,0.134778,0.0496939,0.224509,5.274,,0.978,5419
autompg,392,7,3,0.05,trivial,0.113417,0.00729,0.0969307,0.129904,0.0827869,0.16023,5.09,0.11337,,
autompg,392,7,3,0.05,nonprivate,0.0222833,0.00245,0.0167482,0.0278183,0.0127156,0.0377789,1,0.0221099,,
autompg,392,7,3,0.05,ssp,41312.8,4.12e+04,-51851.5,134477,0.0878243,405.316,1.854e+06,10.028,,
autompg,392,7,3,0.05,adassp,0.118303,0.00772,0.100833,0.135772,0.0387789,0.262545,5.309,0.105092,,1727
autompg,392,7,3,0.05,adassp_matched,0.134865,0.00729,0.11837,0.15136,0.0423681,0.312885,6.052,,,
autompg,392,7,3,0.05,vfl,0.112282,0.00638,0.0978496,0.126714,0.0521683,0.205625,5.039,,0.984,2318
autompg,392,7,3,0.05,vfl_uncorrected,0.112892,0.00633,0.0985789,0.127205,0.0504153,0.21155,5.066,,0.984,2318
autompg,392,7,3,0.1,trivial,0.113417,0.00729,0.0969307,0.129904,0.0827869,0.16023,5.09,0.11337,,
autompg,392,7,3,0.1,nonprivate,0.0222833,0.00245,0.0167482,0.0278183,0.0127156,0.0377789,1,0.0221099,,
autompg,392,7,3,0.1,ssp,19077.2,1.89e+04,-23779.8,61934.3,0.0757462,561.771,8.561e+05,5.93351,,
autompg,392,7,3,0.1,adassp,0.102687,0.00655,0.0878651,0.11751,0.0350752,0.214588,4.608,0.117938,,863.4
autompg,392,7,3,0.1,adassp_matched,0.114415,0.0048,0.103556,0.125273,0.0355777,0.26501,5.135,,,
autompg,392,7,3,0.1,vfl,0.101704,0.00605,0.0880154,0.115393,0.0499791,0.19455,4.564,,0.986,1215
autompg,392,7,3,0.1,vfl_uncorrected,0.101853,0.00603,0.0882231,0.115483,0.0472052,0.197886,4.571,,0.986,1215
autompg,392,7,3,0.2,trivial,0.113417,0.00729,0.0969307,0.129904,0.0827869,0.16023,5.09,0.11337,,
autompg,392,7,3,0.2,nonprivate,0.0222833,0.00245,0.0167482,0.0278183,0.0127156,0.0377789,1,0.0221099,,
autompg,392,7,3,0.2,ssp,103.478,48.1,-5.41948,212.375,0.0623203,278.037,4644,13.2653,,
autompg,392,7,3,0.2,adassp,0.0866301,0.00446,0.076548,0.0967122,0.0352243,0.184939,3.888,0.0820374,,431.7
autompg,392,7,3,0.2,adassp_matched,0.0979497,0.00524,0.0861051,0.109794,0.0307834,0.210762,4.396,,,
autompg,392,7,3,0.2,vfl,0.0877855,0.00668,0.0726708,0.1029,0.0387203,0.163132,3.94,,0.994,635.5
autompg,392,7,3,0.2,vfl_uncorrected,0.0873111,0.00663,0.0723072,0.102315,0.0374403,0.164345,3.918,,0.994,635.5
autompg,392,7,3,0.5,trivial,0.113417,0.00729,0.0969307,0.129904,0.0827869,0.16023,5.09,0.11337,,
autompg,392,7,3,0.5,nonprivate,0.0222833,0.00245,0.0167482,0.0278183,0.0127156,0.0377789,1,0.0221099,,
autompg,392,7,3,0.5,ssp,1521.95,1.44e+03,-1743.71,4787.6,0.0303079,125.765,6.83e+04,5.33205,,
autompg,392,7,3,0.5,adassp,0.0574727,0.00382,0.0488249,0.0661204,0.0256854,0.105572,2.579,0.0637306,,172.7
autompg,392,7,3,0.5,adassp_matched,0.0733683,0.00475,0.0626321,0.0841045,0.0302844,0.140913,3.293,,,
autompg,392,7,3,0.5,vfl,0.064016,0.00437,0.0541291,0.073903,0.0321363,0.107539,2.873,,1.000,269.7
autompg,392,7,3,0.5,vfl_uncorrected,0.0633425,0.0043,0.0536056,0.0730793,0.0310898,0.106929,2.843,,1.000,269.7
autompg,392,7,3,1,trivial,0.113417,0.00729,0.0969307,0.129904,0.0827869,0.16023,5.09,0.11337,,
autompg,392,7,3,1,nonprivate,0.0222833,0.00245,0.0167482,0.0278183,0.0127156,0.0377789,1,0.0221099,,
autompg,392,7,3,1,ssp,3615.67,3.58e+03,-4490.12,11721.5,0.0195765,17.8734,1.623e+05,0.380832,,
autompg,392,7,3,1,adassp,0.0431554,0.00289,0.0366263,0.0496844,0.021511,0.0699772,1.937,0.044901,,86.34
autompg,392,7,3,1,adassp_matched,0.0549197,0.00362,0.0467279,0.0631116,0.0261387,0.100558,2.465,,,
autompg,392,7,3,1,vfl,0.0494105,0.00368,0.0410903,0.0577307,0.0257456,0.0811276,2.217,,1.000,141.4
autompg,392,7,3,1,vfl_uncorrected,0.0488617,0.00363,0.0406598,0.0570637,0.0249687,0.0805789,2.193,,1.000,141.4
autompg,392,7,3,2,trivial,0.113417,0.00729,0.0969307,0.129904,0.0827869,0.16023,5.09,0.11337,,
autompg,392,7,3,2,nonprivate,0.0222833,0.00245,0.0167482,0.0278183,0.0127156,0.0377789,1,0.0221099,,
autompg,392,7,3,2,ssp,21.4388,21.1,-26.2219,69.0994,0.0163255,1.55527,962.1,0.048725,,
autompg,392,7,3,2,adassp,0.0339177,0.00276,0.0276649,0.0401705,0.0180714,0.0567432,1.522,0.0316969,,43.17
autompg,392,7,3,2,adassp_matched,0.0406577,0.00279,0.0343407,0.0469747,0.0217405,0.0678929,1.825,,,
autompg,392,7,3,2,vfl,0.0383707,0.00291,0.0317968,0.0449446,0.0222301,0.0596091,1.722,,1.000,74.65
autompg,392,7,3,2,vfl_uncorrected,0.0380506,0.00288,0.031534,0.0445672,0.0218527,0.0592727,1.708,,1.000,74.65
autompg,392,7,3,5,trivial,0.113417,0.00729,0.0969307,0.129904,0.0827869,0.16023,5.09,0.11337,,
autompg,392,7,3,5,nonprivate,0.0222833,0.00245,0.0167482,0.0278183,0.0127156,0.0377789,1,0.0221099,,
autompg,392,7,3,5,ssp,0.024074,0.00241,0.0186145,0.0295334,0.0132454,0.0413519,1.08,0.0240422,,
autompg,392,7,3,5,adassp,0.0274754,0.0025,0.0218136,0.0331373,0.0164988,0.0453686,1.233,0.0268612,,17.26
autompg,392,7,3,5,adassp_matched,0.0312903,0.00252,0.025584,0.0369966,0.0172665,0.0505378,1.404,,,
autompg,392,7,3,5,vfl,0.0299998,0.00257,0.024175,0.0358246,0.0176919,0.048302,1.346,,1.000,32.8
autompg,392,7,3,5,vfl_uncorrected,0.0298516,0.00257,0.0240435,0.0356596,0.0175234,0.0481876,1.34,,1.000,32.8
autompg,392,7,3,10,trivial,0.113417,0.00729,0.0969307,0.129904,0.0827869,0.16023,5.09,0.11337,,
autompg,392,7,3,10,nonprivate,0.0222833,0.00245,0.0167482,0.0278183,0.0127156,0.0377789,1,0.0221099,,
autompg,392,7,3,10,ssp,0.0227539,0.00246,0.0171904,0.0283175,0.0126201,0.0392436,1.021,0.0223456,,
autompg,392,7,3,10,adassp,0.0250835,0.00239,0.0196683,0.0304987,0.015725,0.0422241,1.126,0.0258272,,8.538
autompg,392,7,3,10,adassp_matched,0.0273412,0.00246,0.0217671,0.0329152,0.0160375,0.0463362,1.227,,,
autompg,392,7,3,10,vfl,0.0270051,0.00245,0.0214712,0.032539,0.0165441,0.0440404,1.212,,1.000,18.11
autompg,392,7,3,10,vfl_uncorrected,0.0269224,0.00244,0.0213961,0.0324487,0.0164932,0.0439329,1.208,,1.000,18.11
autos,159,25,12,0.01,trivial,0.129564,0.0115,0.103516,0.155613,0.0747801,0.17441,4.949,0.129568,,
autos,159,25,12,0.01,nonprivate,0.0261785,0.00382,0.0175408,0.0348162,0.00841821,0.044948,1,0.027409,,
autos,159,25,12,0.01,ssp,260.18,119,-9.06277,529.424,0.155394,332.749,9939,405.83,,
autos,159,25,12,0.01,adassp,0.13425,0.0118,0.107509,0.160992,0.0640317,0.216629,5.128,0.123713,,1.886e+04
autos,159,25,12,0.01,adassp_matched,0.132583,0.0112,0.107165,0.158001,0.0594836,0.223415,5.065,,,
autos,159,25,12,0.01,vfl,0.132012,0.0115,0.105983,0.15804,0.0684001,0.211083,5.043,,0.988,1.938e+04
autos,159,25,12,0.01,vfl_uncorrected,0.13237,0.0115,0.106316,0.158424,0.0677406,0.215045,5.056,,0.988,1.938e+04
autos,159,25,12,0.02,trivial,0.129564,0.0115,0.103516,0.155613,0.0747801,0.17441,4.949,0.129568,,
autos,159,25,12,0.02,nonprivate,0.0261785,0.00382,0.0175408,0.0348162,0.00841821,0.044948,1,0.027409,,
autos,159,25,12,0.02,ssp,1444.23,858,-495.786,3384.25,0.21822,1304.98,5.517e+04,9.85698,,
autos,159,25,12,0.02,adassp,0.132466,0.0119,0.105473,0.15946,0.0625279,0.221798,5.06,0.123921,,9429
autos,159,25,12,0.02,adassp_matched,0.134023,0.0113,0.108357,0.15969,0.063463,0.22023,5.12,,,
autos,159,25,12,0.02,vfl,0.13036,0.0116,0.104171,0.156549,0.0669784,0.204304,4.98,,0.984,1.024e+04
autos,159,25,12,0.02,vfl_uncorrected,0.130556,0.0116,0.104318,0.156794,0.0650525,0.207841,4.987,,0.984,1.024e+04
autos,159,25,12,0.05,trivial,0.129564,0.0115,0.103516,0.155613,0.0747801,0.17441,4.949,0.129568,,
autos,159,25,12,0.05,nonprivate,0.0261785,0.00382,0.0175408,0.0348162,0.00841821,0.044948,1,0.027409,,
autos,159,25,12,0.05,ssp,1.17084e+06,1.17e+06,-1.47737e+06,3.81906e+06,0.191319,992.467,4.473e+07,1576.07,,
autos,159,25,12,0.05,adassp,0.129112,0.0115,0.103053,0.155171,0.0558303,0.207971,4.932,0.127332,,3772
autos,159,25,12,0.05,adassp_matched,0.135019,0.0123,0.10723,0.162807,0.0600341,0.225848,5.158,,,
autos,159,25,12,0.05,vfl,0.128313,0.0112,0.103,0.153625,0.0664633,0.20282,4.901,,0.994,4381
autos,159,25,12,0.05,vfl_uncorrected,0.128372,0.0112,0.103112,0.153632,0.0656107,0.204694,4.904,,0.994,4381
autos,159,25,12,0.1,trivial,0.129564,0.0115,0.103516,0.155613,0.0747801,0.17441,4.949,0.129568,,
autos,159,25,12,0.1,nonprivate,0.0261785,0.00382,0.0175408,0.0348162,0.00841821,0.044948,1,0.027409,,
autos,159,25,12,0.1,ssp,24468.6,1.81e+04,-16384.1,65321.3,0.148943,2696.12,9.347e+05,155.227,,
autos,159,25,12,0.1,adassp,0.132003,0.0119,0.105038,0.158968,0.0599718,0.218421,5.042,0.12715,,1886
autos,159,25,12,0.1,adassp_matched,0.131803,0.0118,0.105105,0.1585,0.060737,0.229429,5.035,,,
autos,159,25,12,0.1,vfl,0.128523,0.0111,0.103474,0.153572,0.0652918,0.200393,4.909,,0.998,2296
autos,159,25,12,0.1,vfl_uncorrected,0.128656,0.011,0.103695,0.153617,0.0648496,0.202368,4.915,,0.998,2296
autos,159,25,12,0.2,trivial,0.129564,0.0115,0.103516,0.155613,0.0747801,0.17441,4.949,0.129568,,
autos,159,25,12,0.2,nonprivate,0.0261785,0.00382,0.0175408,0.0348162,0.00841821,0.044948,1,0.027409,,
autos,159,25,12,0.2,ssp,6.10252e+06,6.1e+06,-7.70124e+06,1.99063e+07,0.14717,406.854,2.331e+08,13.4632,,
autos,159,25,12,0.2,adassp,0.123451,0.0111,0.0982622,0.148639,0.0577327,0.202647,4.716,0.130347,,942.9
autos,159,25,12,0.2,adassp_matched,0.128563,0.0114,0.102832,0.154294,0.060907,0.217606,4.911,,,
autos,159,25,12,0.2,vfl,0.12579,0.0113,0.100294,0.151285,0.063611,0.194726,4.805,,0.992,1201
autos,159,25,12,0.2,vfl_uncorrected,0.125738,0.0113,0.100262,0.151214,0.062828,0.197134,4.803,,0.992,1201
autos,159,25,12,0.5,trivial,0.129564,0.0115,0.103516,0.155613,0.0747801,0.17441,4.949,0.129568,,
autos,159,25,12,0.5,nonprivate,0.0261785,0.00382,0.0175408,0.0348162,0.00841821,0.044948,1,0.027409,,
autos,159,25,12,0.5,ssp,66.5484,33,-8.19002,141.287,0.142522,337.787,2542,182.036,,
autos,159,25,12,0.5,adassp,0.111189,0.0107,0.0869743,0.135403,0.0511304,0.180285,4.247,0.107215,,377.2
autos,159,25,12,0.5,adassp_matched,0.120094,0.0107,0.0959693,0.144219,0.0551701,0.199453,4.588,,,
autos,159,25,12,0.5,vfl,0.115884,0.0107,0.0917762,0.139992,0.0567233,0.177675,4.427,,0.992,509.6
autos,159,25,12,0.5,vfl_uncorrected,0.115294,0.0106,0.0912877,0.1393,0.0557728,0.179165,4.404,,0.992,509.6
autos,159,25,12,1,trivial,0.129564,0.0115,0.103516,0.155613,0.0747801,0.17441,4.949,0.129568,,
autos,159,25,12,1,nonprivate,0.0261785,0.00382,0.0175408,0.0348162,0.00841821,0.044948,1,0.027409,,
autos,159,25,12,1,ssp,862.173,737,-806.032,2530.38,0.124985,538.462,3.293e+04,12.8398,,
autos,159,25,12,1,adassp,0.0959571,0.00943,0.074631,0.117283,0.0443995,0.161161,3.665,0.10311,,188.6
autos,159,25,12,1,adassp_matched,0.108132,0.0104,0.0845218,0.131742,0.0465551,0.183275,4.131,,,
autos,159,25,12,1,vfl,0.105282,0.0103,0.0819074,0.128656,0.0510028,0.16784,4.022,,1.000,267.2
autos,159,25,12,1,vfl_uncorrected,0.104278,0.0103,0.081039,0.127516,0.0498838,0.168866,3.983,,1.000,267.2
autos,159,25,12,2,trivial,0.129564,0.0115,0.103516,0.155613,0.0747801,0.17441,4.949,0.129568,,
autos,159,25,12,2,nonprivate,0.0261785,0.00382,0.0175408,0.0348162,0.00841821,0.044948,1,0.027409,,
autos,159,25,12,2,ssp,262.467,104,26.9695,497.965,0.0982629,1724.92,1.003e+04,55.1161,,
autos,159,25,12,2,adassp,0.0763667,0.0082,0.0578233,0.09491,0.0348434,0.127607,2.917,0.0686293,,94.29
autos,159,25,12,2,adassp_matched,0.0937412,0.00952,0.0722052,0.115277,0.0403004,0.156839,3.581,,,
autos,159,25,12,2,vfl,0.0884127,0.00925,0.0674985,0.109327,0.0428572,0.146102,3.377,,1.000,141.1
autos,159,25,12,2,vfl_uncorrected,0.0869799,0.00915,0.0662787,0.107681,0.0418104,0.144781,3.323,,1.000,141.1
autos,159,25,12,5,trivial,0.129564,0.0115,0.103516,0.155613,0.0747801,0.17441,4.949,0.129568,,
autos,159,25,12,5,nonprivate,0.0261785,0.00382,0.0175408,0.0348162,0.00841821,0.044948,1,0.027409,,
autos,159,25,12,5,ssp,1357.15,1.33e+03,-1651.33,4365.64,0.0419592,240.615,5.184e+04,39.5485,,
autos,159,25,12,5,adassp,0.0508749,0.00656,0.036028,0.0657218,0.0197346,0.091567,1.943,0.0503054,,37.72
autos,159,25,12,5,adassp_matched,0.0681582,0.0075,0.0511826,0.0851339,0.0286201,0.1174,2.604,,,
autos,159,25,12,5,vfl,0.0642767,0.0076,0.0470862,0.0814673,0.0305865,0.110049,2.455,,1.000,61.98
autos,159,25,12,5,vfl_uncorrected,0.0629191,0.0075,0.0459577,0.0798805,0.0294469,0.108188,2.403,,1.000,61.98
autos,159,25,12,10,trivial,0.129564,0.0115,0.103516,0.155613,0.0747801,0.17441,4.949,0.129568,,
autos,159,25,12,10,nonprivate,0.0261785,0.00382,0.0175408,0.0348162,0.00841821,0.044948,1,0.027409,,
autos,159,25,12,10,ssp,60.1371,44.4,-40.3534,160.628,0.014864,8.13099,2297,0.144111,,
autos,159,25,12,10,adassp,0.0386537,0.00568,0.0257943,0.0515132,0.0123757,0.0723094,1.477,0.0448271,,18.86
autos,159,25,12,10,adassp_matched,0.051699,0.0066,0.0367661,0.0666319,0.0198005,0.091238,1.975,,,
autos,159,25,12,10,vfl,0.0482462,0.00653,0.0334749,0.0630174,0.0183238,0.0871899,1.843,,1.000,34.22
autos,159,25,12,10,vfl_uncorrected,0.0472941,0.00644,0.0327295,0.0618587,0.0175288,0.0861762,1.807,,1.000,34.22
bike,17379,17,8,0.01,trivial,0.107332,0.00129,0.104419,0.110246,0.102291,0.115958,3.844,0.107332,,
bike,17379,17,8,0.01,nonprivate,0.0279207,0.000538,0.0267026,0.0291388,0.0257829,0.0316861,1,0.0278988,,
bike,17379,17,8,0.01,ssp,312.016,176,-85.3837,709.415,0.137531,588.237,1.118e+04,138.275,,
bike,17379,17,8,0.01,adassp,0.0945901,0.00135,0.0915371,0.0976432,0.0703078,0.122525,3.388,0.103967,,1.495e+04
bike,17379,17,8,0.01,adassp_matched,0.0983711,0.00142,0.0951558,0.101586,0.0730327,0.130001,3.523,,,
bike,17379,17,8,0.01,vfl,0.093577,0.00136,0.0905081,0.0966459,0.0737269,0.115683,3.352,,1.000,1.598e+04
bike,17379,17,8,0.01,vfl_uncorrected,0.0930741,0.00136,0.0899885,0.0961596,0.072471,0.116197,3.334,,1.000,1.598e+04
bike,17379,17,8,0.02,trivial,0.107332,0.00129,0.104419,0.110246,0.102291,0.115958,3.844,0.107332,,
bike,17379,17,8,0.02,nonprivate,0.0279207,0.000538,0.0267026,0.0291388,0.0257829,0.0316861,1,0.0278988,,
bike,17379,17,8,0.02,ssp,41.9619,18.7,-0.270986,84.1947,0.0817719,152.652,1503,1407.69,,
bike,17379,17,8,0.02,adassp,0.0807102,0.00128,0.0778143,0.0836061,0.0603863,0.103393,2.891,0.084501,,7473
bike,17379,17,8,0.02,adassp_matched,0.0861252,0.00132,0.0831446,0.0891057,0.0642404,0.114647,3.085,,,
bike,17379,17,8,0.02,vfl,0.0819505,0.000938,0.0798289,0.084072,0.0635301,0.100469,2.935,,1.000,8446
bike,17379,17,8,0.02,vfl_uncorrected,0.081085,0.000925,0.0789917,0.0831782,0.0620698,0.1004,2.904,,1.000,8446
bike,17379,17,8,0.05,trivial,0.107332,0.00129,0.104419,0.110246,0.102291,0.115958,3.844,0.107332,,
bike,17379,17,8,0.05,nonprivate,0.0279207,0.000538,0.0267026,0.0291388,0.0257829,0.0316861,1,0.0278988,,
bike,17379,17,8,0.05,ssp,434.243,419,-514.057,1382.54,0.0375769,33.9087,1.555e+04,0.138729,,
bike,17379,17,8,0.05,adassp,0.0597688,0.000835,0.057881,0.0616566,0.0485903,0.0738519,2.141,0.058755,,2989
bike,17379,17,8,0.05,adassp_matched,0.0667137,0.000935,0.0645977,0.0688297,0.0507121,0.0828404,2.389,,,
bike,17379,17,8,0.05,vfl,0.0638374,0.00107,0.0614177,0.066257,0.0529662,0.0766734,2.286,,1.000,3613
bike,17379,17,8,0.05,vfl_uncorrected,0.0628912,0.00106,0.0604824,0.0653,0.0518182,0.0758282,2.252,,1.000,3613
bike,17379,17,8,0.1,trivial,0.107332,0.00129,0.104419,0.110246,0.102291,0.115958,3.844,0.107332,,
bike,17379,17,8,0.1,nonprivate,0.0279207,0.000538,0.0267026,0.0291388,0.0257829,0.0316861,1,0.0278988,,
bike,17379,17,8,0.1,ssp,3.56801,1.12,1.02835,6.10768,0.030513,10.9784,127.8,0.176965,,
bike,17379,17,8,0.1,adassp,0.0460754,0.000765,0.0443437,0.047807,0.0390873,0.0543002,1.65,0.0471812,,1495
bike,17379,17,8,0.1,adassp_matched,0.0528218,0.000957,0.0506564,0.0549872,0.0429532,0.0645845,1.892,,,
bike,17379,17,8,0.1,vfl,0.049709,0.000928,0.0476086,0.0518094,0.0424776,0.0584949,1.78,,1.000,1893
bike,17379,17,8,0.1,vfl_uncorrected,0.0490055,0.000921,0.0469216,0.0510894,0.0418342,0.0577944,1.755,,1.000,1893
bike,17379,17,8,0.2,trivial,0.107332,0.00129,0.104419,0.110246,0.102291,0.115958,3.844,0.107332,,
bike,17379,17,8,0.2,nonprivate,0.0279207,0.000538,0.0267026,0.0291388,0.0257829,0.0316861,1,0.0278988,,
bike,17379,17,8,0.2,ssp,3.44644,2.93,-3.18002,10.0729,0.0278498,2.91322,123.4,3.45862,,
bike,17379,17,8,0.2,adassp,0.0366428,0.000708,0.0350422,0.0382434,0.0322003,0.0424177,1.312,0.0363159,,747.3
bike,17379,17,8,0.2,adassp_matched,0.0414518,0.0007,0.0398671,0.0430364,0.0357681,0.0488809,1.485,,,
bike,17379,17,8,0.2,vfl,0.0395145,0.000714,0.0379003,0.0411288,0.0345493,0.0450524,1.415,,1.000,990.3
bike,17379,17,8,0.2,vfl_uncorrected,0.0391137,0.000709,0.0375088,0.0407186,0.0341449,0.0446427,1.401,,1.000,990.3
bike,17379,17,8,0.5,trivial,0.107332,0.00129,0.104419,0.110246,0.102291,0.115958,3.844,0.107332,,
bike,17379,17,8,0.5,nonprivate,0.0279207,0.000538,0.0267026,0.0291388,0.0257829,0.0316861,1,0.0278988,,
bike,17379,17,8,0.5,ssp,0.16034,0.0508,0.0453985,0.275282,0.0264295,0.491557,5.743,5.1215,,
bike,17379,17,8,0.5,adassp,0.0305424,0.000609,0.0291653,0.0319195,0.0276288,0.0348879,1.094,0.0308049,,298.9
bike,17379,17,8,0.5,adassp_matched,0.0328416,0.000636,0.031404,0.0342793,0.0292604,0.0374922,1.176,,,
bike,17379,17,8,0.5,vfl,0.0319883,0.000619,0.0305875,0.0333891,0.029087,0.0364776,1.146,,1.000,420.2
bike,17379,17,8,0.5,vfl_uncorrected,0.031853,0.000617,0.0304568,0.0332491,0.0289645,0.0363276,1.141,,1.000,420.2
bike,17379,17,8,1,trivial,0.107332,0.00129,0.104419,0.110246,0.102291,0.115958,3.844,0.107332,,
bike,17379,17,8,1,nonprivate,0.0279207,0.000538,0.0267026,0.0291388,0.0257829,0.0316861,1,0.0278988,,
bike,17379,17,8,1,ssp,0.200701,0.12,-0.0706332,0.472034,0.0259225,0.270691,7.188,0.0349413,,
bike,17379,17,8,1,adassp,0.0288253,0.000566,0.0275456,0.030105,0.0263821,0.0327712,1.032,0.0287372,,149.5
bike,17379,17,8,1,adassp_matched,0.0299374,0.000587,0.0286105,0.0312642,0.0272629,0.0342489,1.072,,,
bike,17379,17,8,1,vfl,0.0295275,0.00058,0.0282159,0.0308392,0.0270481,0.0334983,1.058,,1.000,220.3
bike,17379,17,8,1,vfl_uncorrected,0.0294793,0.000579,0.0281699,0.0307887,0.0270027,0.0334446,1.056,,1.000,220.3
bike,17379,17,8,2,trivial,0.107332,0.00129,0.104419,0.110246,0.102291,0.115958,3.844,0.107332,,
bike,17379,17,8,2,nonprivate,0.0279207,0.000538,0.0267026,0.0291388,0.0257829,0.0316861,1,0.0278988,,
bike,17379,17,8,2,ssp,0.101982,0.0687,-0.0533539,0.257318,0.0258247,0.0471551,3.653,0.0282956,,
bike,17379,17,8,2,adassp,0.0281982,0.000552,0.0269492,0.0294473,0.0258993,0.0320316,1.01,0.0281492,,74.73
bike,17379,17,8,2,adassp_matched,0.0286495,0.000566,0.0273692,0.0299297,0.02624,0.0326725,1.026,,,
bike,17379,17,8,2,vfl,0.0284956,0.000563,0.0272221,0.0297691,0.0261455,0.0323951,1.021,,1.000,116.3
bike,17379,17,8,2,vfl_uncorrected,0.0284807,0.000563,0.0272081,0.0297532,0.0261339,0.0323772,1.02,,1.000,116.3
bike,17379,17,8,5,trivial,0.107332,0.00129,0.104419,0.110246,0.102291,0.115958,3.844,0.107332,,
bike,17379,17,8,5,nonprivate,0.0279207,0.000538,0.0267026,0.0291388,0.0257829,0.0316861,1,0.0278988,,
bike,17379,17,8,5,ssp,0.0699141,0.0417,-0.0245191,0.164347,0.0257798,0.0329337,2.504,0.0279436,,
bike,17379,17,8,5,adassp,0.0279758,0.000543,0.0267466,0.0292051,0.0258044,0.031765,1.002,0.0279513,,29.89
bike,17379,17,8,5,adassp_matched,0.0280983,0.000548,0.0268581,0.0293385,0.0258703,0.0319164,1.006,,,
bike,17379,17,8,5,vfl,0.0280573,0.000548,0.0268179,0.0292967,0.0258518,0.0318609,1.005,,1.000,51.11
bike,17379,17,8,5,vfl_uncorrected,0.0280544,0.000548,0.0268153,0.0292935,0.0258495,0.0318577,1.005,,1.000,51.11
bike,17379,17,8,10,trivial,0.107332,0.00129,0.104419,0.110246,0.102291,0.115958,3.844,0.107332,,
bike,17379,17,8,10,nonprivate,0.0279207,0.000538,0.0267026,0.0291388,0.0257829,0.0316861,1,0.0278988,,
bike,17379,17,8,10,ssp,0.0279305,0.000539,0.0267121,0.0291489,0.0257794,0.0317014,1,0.0279017,,
bike,17379,17,8,10,adassp,0.0279375,0.000541,0.0267146,0.0291604,0.0257802,0.03171,1.001,0.0279157,,14.95
bike,17379,17,8,10,adassp_matched,0.0279854,0.000544,0.0267548,0.029216,0.0258016,0.0317664,1.002,,,
bike,17379,17,8,10,vfl,0.0279667,0.000543,0.0267384,0.029195,0.0257909,0.0317445,1.002,,1.000,28.22
bike,17379,17,8,10,vfl_uncorrected,0.0279659,0.000543,0.0267377,0.029194,0.0257904,0.0317437,1.002,,1.000,28.22
breastcancer,194,33,16,0.01,trivial,0.194345,0.0166,0.15676,0.23193,0.116855,0.258633,1.381,0.19413,,
breastcancer,194,33,16,0.01,nonprivate,0.140714,0.0135,0.110148,0.17128,0.0716785,0.198611,1,0.139141,,
breastcancer,194,33,16,0.01,ssp,429.377,215,-56.6018,915.355,0.302023,605.09,3051,163.557,,
breastcancer,194,33,16,0.01,adassp,0.196474,0.0162,0.159906,0.233042,0.111507,0.277493,1.396,0.198856,,2.225e+04
breastcancer,194,33,16,0.01,adassp_matched,0.197823,0.0164,0.160621,0.235025,0.111676,0.280298,1.406,,,
breastcancer,194,33,16,0.01,vfl,0.195935,0.0164,0.158845,0.233025,0.11007,0.275207,1.392,,0.990,2.226e+04
breastcancer,194,33,16,0.01,vfl_uncorrected,0.196186,0.0164,0.159129,0.233243,0.109608,0.276603,1.394,,0.990,2.226e+04
breastcancer,194,33,16,0.02,trivial,0.194345,0.0166,0.15676,0.23193,0.116855,0.258633,1.381,0.19413,,
breastcancer,194,33,16,0.02,nonprivate,0.140714,0.0135,0.110148,0.17128,0.0716785,0.198611,1,0.139141,,
breastcancer,194,33,16,0.02,ssp,3113.73,2.57e+03,-2705.04,8932.5,0.282583,702.634,2.213e+04,3.14901,,
breastcancer,194,33,16,0.02,adassp,0.197226,0.0166,0.159729,0.234724,0.109127,0.276988,1.402,0.190712,,1.113e+04
breastcancer,194,33,16,0.02,adassp_matched,0.198095,0.0161,0.161562,0.234629,0.110657,0.282367,1.408,,,
breastcancer,194,33,16,0.02,vfl,0.19627,0.0164,0.159197,0.233343,0.113988,0.273957,1.395,,0.996,1.177e+04
breastcancer,194,33,16,0.02,vfl_uncorrected,0.196528,0.0164,0.159478,0.233577,0.11387,0.275165,1.397,,0.996,1.177e+04
breastcancer,194,33,16,0.05,trivial,0.194345,0.0166,0.15676,0.23193,0.116855,0.258633,1.381,0.19413,,
breastcancer,194,33,16,0.05,nonprivate,0.140714,0.0135,0.110148,0.17128,0.0716785,0.198611,1,0.139141,,
breastcancer,194,33,16,0.05,ssp,108.507,35.6,28.0747,188.939,0.253354,904.151,771.1,37.0646,,
breastcancer,194,33,16,0.05,adassp,0.19776,0.0167,0.160049,0.235472,0.106484,0.280466,1.405,0.197555,,4450
breastcancer,194,33,16,0.05,adassp_matched,0.196832,0.0166,0.159196,0.234468,0.104525,0.282969,1.399,,,
breastcancer,194,33,16,0.05,vfl,0.19661,0.0167,0.15881,0.234409,0.109602,0.279276,1.397,,0.992,5033
breastcancer,194,33,16,0.05,vfl_uncorrected,0.196884,0.0167,0.159068,0.234701,0.10917,0.281167,1.399,,0.992,5033
breastcancer,194,33,16,0.1,trivial,0.194345,0.0166,0.15676,0.23193,0.116855,0.258633,1.381,0.19413,,
breastcancer,194,33,16,0.1,nonprivate,0.140714,0.0135,0.110148,0.17128,0.0716785,0.198611,1,0.139141,,
breastcancer,194,33,16,0.1,ssp,245.082,84.8,53.287,436.877,0.277793,584.369,1742,10.2121,,
breastcancer,194,33,16,0.1,adassp,0.197029,0.0168,0.159105,0.234952,0.106682,0.278961,1.4,0.198418,,2225
breastcancer,194,33,16,0.1,adassp_matched,0.195709,0.0162,0.158963,0.232455,0.103784,0.279816,1.391,,,
breastcancer,194,33,16,0.1,vfl,0.195458,0.0167,0.157701,0.233214,0.108636,0.272355,1.389,,0.994,2638
breastcancer,194,33,16,0.1,vfl_uncorrected,0.195658,0.0167,0.157897,0.233419,0.107918,0.273754,1.39,,0.994,2638
breastcancer,194,33,16,0.2,trivial,0.194345,0.0166,0.15676,0.23193,0.116855,0.258633,1.381,0.19413,,
breastcancer,194,33,16,0.2,nonprivate,0.140714,0.0135,0.110148,0.17128,0.0716785,0.198611,1,0.139141,,
breastcancer,194,33,16,0.2,ssp,3.38995e+06,3.39e+06,-4.27731e+06,1.10572e+07,0.270102,898.795,2.409e+07,21.0439,,
breastcancer,194,33,16,0.2,adassp,0.194099,0.0168,0.156044,0.232154,0.104696,0.276153,1.379,0.193256,,1113
breastcancer,194,33,16,0.2,adassp_matched,0.196254,0.0164,0.159094,0.233414,0.106563,0.276006,1.395,,,
breastcancer,194,33,16,0.2,vfl,0.194499,0.0166,0.156999,0.231999,0.106044,0.270991,1.382,,0.992,1380
breastcancer,194,33,16,0.2,vfl_uncorrected,0.194653,0.0166,0.157154,0.232153,0.105569,0.271975,1.383,,0.992,1380
breastcancer,194,33,16,0.5,trivial,0.194345,0.0166,0.15676,0.23193,0.116855,0.258633,1.381,0.19413,,
breastcancer,194,33,16,0.5,nonprivate,0.140714,0.0135,0.110148,0.17128,0.0716785,0.198611,1,0.139141,,
breastcancer,194,33,16,0.5,ssp,450.236,177,49.347,851.125,0.26169,1321.06,3200,11.4158,,
breastcancer,194,33,16,0.5,adassp,0.191771,0.0167,0.154033,0.229509,0.104166,0.275494,1.363,0.190318,,445
breastcancer,194,33,16,0.5,adassp_matched,0.192324,0.0165,0.155032,0.229615,0.101581,0.276654,1.367,,,
breastcancer,194,33,16,0.5,vfl,0.192924,0.0166,0.155352,0.230496,0.10473,0.27002,1.371,,0.992,585.5
breastcancer,194,33,16,0.5,vfl_uncorrected,0.193008,0.0166,0.155446,0.23057,0.104095,0.27117,1.372,,0.992,585.5
breastcancer,194,33,16,1,trivial,0.194345,0.0166,0.15676,0.23193,0.116855,0.258633,1.381,0.19413,,
breastcancer,194,33,16,1,nonprivate,0.140714,0.0135,0.110148,0.17128,0.0716785,0.198611,1,0.139141,,
breastcancer,194,33,16,1,ssp,1503.71,1.34e+03,-1531.29,4538.7,0.201069,676.764,1.069e+04,12.0588,,
breastcancer,194,33,16,1,adassp,0.187231,0.0168,0.14921,0.225252,0.0935286,0.271513,1.331,0.190118,,222.5
breastcancer,194,33,16,1,adassp_matched,0.191345,0.0167,0.153605,0.229085,0.098514,0.274404,1.36,,,
breastcancer,194,33,16,1,vfl,0.188365,0.0165,0.150943,0.225787,0.097026,0.267852,1.339,,0.998,307
breastcancer,194,33,16,1,vfl_uncorrected,0.188243,0.0165,0.150808,0.225678,0.0960512,0.268686,1.338,,0.998,307
breastcancer,194,33,16,2,trivial,0.194345,0.0166,0.15676,0.23193,0.116855,0.258633,1.381,0.19413,,
breastcancer,194,33,16,2,nonprivate,0.140714,0.0135,0.110148,0.17128,0.0716785,0.198611,1,0.139141,,
breastcancer,194,33,16,2,ssp,378.4,332,-372.166,1128.97,0.167775,211.82,2689,11.2721,,
breastcancer,194,33,16,2,adassp,0.1793,0.0166,0.141772,0.216828,0.0881129,0.259502,1.274,0.176635,,111.3
breastcancer,194,33,16,2,adassp_matched,0.18646,0.0164,0.149428,0.223491,0.100891,0.268011,1.325,,,
breastcancer,194,33,16,2,vfl,0.183552,0.0164,0.146369,0.220734,0.096894,0.258737,1.304,,1.000,162.1
breastcancer,194,33,16,2,vfl_uncorrected,0.18329,0.0164,0.14612,0.22046,0.096471,0.259306,1.303,,1.000,162.1
breastcancer,194,33,16,5,trivial,0.194345,0.0166,0.15676,0.23193,0.116855,0.258633,1.381,0.19413,,
breastcancer,194,33,16,5,nonprivate,0.140714,0.0135,0.110148,0.17128,0.0716785,0.198611,1,0.139141,,
breastcancer,194,33,16,5,ssp,502.361,314,-208.993,1213.72,0.161133,376.261,3570,91.2055,,
breastcancer,194,33,16,5,adassp,0.167591,0.0163,0.130807,0.204375,0.0762833,0.246005,1.191,0.169154,,44.5
breastcancer,194,33,16,5,adassp_matched,0.1762,0.0162,0.139457,0.212944,0.0872561,0.251397,1.252,,,
breastcancer,194,33,16,5,vfl,0.172959,0.0165,0.135592,0.210326,0.0827517,0.249091,1.229,,1.000,71.21
breastcancer,194,33,16,5,vfl_uncorrected,0.172503,0.0165,0.135167,0.20984,0.0819698,0.249188,1.226,,1.000,71.21
breastcancer,194,33,16,10,trivial,0.194345,0.0166,0.15676,0.23193,0.116855,0.258633,1.381,0.19413,,
breastcancer,194,33,16,10,nonprivate,0.140714,0.0135,0.110148,0.17128,0.0716785,0.198611,1,0.139141,,
breastcancer,194,33,16,10,ssp,170.627,132,-127.572,468.826,0.0977408,64.7968,1213,2.30083,,
breastcancer,194,33,16,10,adassp,0.157336,0.0157,0.121868,0.192805,0.068876,0.23435,1.118,0.155993,,22.25
breastcancer,194,33,16,10,adassp_matched,0.166511,0.0162,0.129924,0.203099,0.0747504,0.247252,1.183,,,
breastcancer,194,33,16,10,vfl,0.164909,0.0162,0.128222,0.201595,0.0745492,0.242477,1.172,,1.000,39.32
breastcancer,194,33,16,10,vfl_uncorrected,0.164467,0.0162,0.127838,0.201095,0.0737311,0.242502,1.169,,1.000,39.32
concrete,1030,8,4,0.01,trivial,0.127395,0.00589,0.11407,0.14072,0.0942844,0.165593,2.871,0.127395,,
concrete,1030,8,4,0.01,nonprivate,0.0443796,0.00188,0.040136,0.0486233,0.0356633,0.0533728,1,0.0444657,,
concrete,1030,8,4,0.01,ssp,554.188,337,-207.097,1315.47,0.224635,418.193,1.249e+04,476.405,,
concrete,1030,8,4,0.01,adassp,0.146287,0.00592,0.132891,0.159682,0.0851857,0.23917,3.296,0.139852,,9391
concrete,1030,8,4,0.01,adassp_matched,0.14722,0.0061,0.133414,0.161027,0.0850605,0.247177,3.317,,,
concrete,1030,8,4,0.01,vfl,0.132947,0.00615,0.119025,0.146869,0.0876595,0.190703,2.996,,0.988,1.096e+04
concrete,1030,8,4,0.01,vfl_uncorrected,0.133803,0.00618,0.119817,0.14779,0.087443,0.194227,3.015,,0.988,1.096e+04
concrete,1030,8,4,0.02,trivial,0.127395,0.00589,0.11407,0.14072,0.0942844,0.165593,2.871,0.127395,,
concrete,1030,8,4,0.02,nonprivate,0.0443796,0.00188,0.040136,0.0486233,0.0356633,0.0533728,1,0.0444657,,
concrete,1030,8,4,0.02,ssp,298.597,217,-191.548,788.742,0.191231,663.948,6728,54.5278,,
concrete,1030,8,4,0.02,adassp,0.143659,0.00647,0.129032,0.158285,0.0811406,0.225064,3.237,0.132868,,4695
concrete,1030,8,4,0.02,adassp_matched,0.144801,0.00583,0.131604,0.157998,0.0841576,0.233724,3.263,,,
concrete,1030,8,4,0.02,vfl,0.130307,0.00535,0.118198,0.142416,0.0875834,0.18521,2.936,,0.990,5794
concrete,1030,8,4,0.02,vfl_uncorrected,0.130954,0.00534,0.118877,0.143032,0.0870553,0.187914,2.951,,0.990,5794
concrete,1030,8,4,0.05,trivial,0.127395,0.00589,0.11407,0.14072,0.0942844,0.165593,2.871,0.127395,,
concrete,1030,8,4,0.05,nonprivate,0.0443796,0.00188,0.040136,0.0486233,0.0356633,0.0533728,1,0.0444657,,
concrete,1030,8,4,0.05,ssp,251.13,111,-0.856799,503.117,0.144399,284.749,5659,13.1733,,
concrete,1030,8,4,0.05,adassp,0.134563,0.00525,0.122681,0.146445,0.0831578,0.204928,3.032,0.14189,,1878
concrete,1030,8,4,0.05,adassp_matched,0.139905,0.00531,0.127892,0.151918,0.0864074,0.230425,3.152,,,
concrete,1030,8,4,0.05,vfl,0.127708,0.00562,0.114986,0.140431,0.0860456,0.178768,2.878,,0.994,2478
concrete,1030,8,4,0.05,vfl_uncorrected,0.12819,0.00561,0.115495,0.140885,0.0851716,0.182671,2.888,,0.994,2478
concrete,1030,8,4,0.1,trivial,0.127395,0.00589,0.11407,0.14072,0.0942844,0.165593,2.871,0.127395,,
concrete,1030,8,4,0.1,nonprivate,0.0443796,0.00188,0.040136,0.0486233,0.0356633,0.0533728,1,0.0444657,,
concrete,1030,8,4,0.1,ssp,2967.24,2.17e+03,-1944.36,7878.84,0.097333,206.952,6.686e+04,1.02402,,
concrete,1030,8,4,0.1,adassp,0.121747,0.00466,0.111201,0.132294,0.075181,0.18276,2.743,0.132047,,939.1
concrete,1030,8,4,0.1,adassp_matched,0.131371,0.00626,0.117221,0.145521,0.0783092,0.207762,2.96,,,
concrete,1030,8,4,0.1,vfl,0.119834,0.00565,0.107051,0.132617,0.0787903,0.170755,2.7,,0.996,1299
concrete,1030,8,4,0.1,vfl_uncorrected,0.119861,0.00565,0.107078,0.132643,0.0783947,0.171602,2.701,,0.996,1299
concrete,1030,8,4,0.2,trivial,0.127395,0.00589,0.11407,0.14072,0.0942844,0.165593,2.871,0.127395,,
concrete,1030,8,4,0.2,nonprivate,0.0443796,0.00188,0.040136,0.0486233,0.0356633,0.0533728,1,0.0444657,,
concrete,1030,8,4,0.2,ssp,50.9233,24.2,-3.79663,105.643,0.0617973,86.8305,1147,148.334,,
concrete,1030,8,4,0.2,adassp,0.106678,0.0052,0.0949234,0.118432,0.0690334,0.165513,2.404,0.099049,,469.5
concrete,1030,8,4,0.2,adassp_matched,0.11818,0.00516,0.106505,0.129854,0.0725645,0.190408,2.663,,,
concrete,1030,8,4,0.2,vfl,0.1107,0.00473,0.0999989,0.121401,0.0787377,0.155336,2.494,,0.998,679.4
concrete,1030,8,4,0.2,vfl_uncorrected,0.110339,0.00467,0.0997659,0.120913,0.0783375,0.155661,2.486,,0.998,679.4
concrete,1030,8,4,0.5,trivial,0.127395,0.00589,0.11407,0.14072,0.0942844,0.165593,2.871,0.127395,,
concrete,1030,8,4,0.5,nonprivate,0.0443796,0.00188,0.040136,0.0486233,0.0356633,0.0533728,1,0.0444657,,
concrete,1030,8,4,0.5,ssp,1.58047,0.65,0.110186,3.05075,0.0443851,6.18033,35.61,0.133676,,
concrete,1030,8,4,0.5,adassp,0.0810323,0.00377,0.072494,0.0895707,0.0574697,0.115241,1.826,0.0859555,,187.8
concrete,1030,8,4,0.5,adassp_matched,0.094468,0.0041,0.0852001,0.103736,0.0621558,0.138661,2.129,,,
concrete,1030,8,4,0.5,vfl,0.0916097,0.00451,0.0814164,0.101803,0.0644215,0.129081,2.064,,0.998,288.3
concrete,1030,8,4,0.5,vfl_uncorrected,0.0909602,0.00446,0.0808621,0.101058,0.0636816,0.128473,2.05,,0.998,288.3
concrete,1030,8,4,1,trivial,0.127395,0.00589,0.11407,0.14072,0.0942844,0.165593,2.871,0.127395,,
concrete,1030,8,4,1,nonprivate,0.0443796,0.00188,0.040136,0.0486233,0.0356633,0.0533728,1,0.0444657,,
concrete,1030,8,4,1,ssp,46.519,45.6,-56.5232,149.561,0.0387756,0.704876,1048,0.209659,,
concrete,1030,8,4,1,adassp,0.0657245,0.00288,0.0592012,0.0722478,0.0502002,0.0913904,1.481,0.0636871,,93.91
concrete,1030,8,4,1,adassp_matched,0.0774142,0.0037,0.0690422,0.0857863,0.052367,0.112,1.744,,,
concrete,1030,8,4,1,vfl,0.0750744,0.00346,0.0672579,0.0828908,0.056619,0.105556,1.692,,1.000,151.1
concrete,1030,8,4,1,vfl_uncorrected,0.0745007,0.00342,0.0667701,0.0822314,0.0562329,0.104795,1.679,,1.000,151.1
concrete,1030,8,4,2,trivial,0.127395,0.00589,0.11407,0.14072,0.0942844,0.165593,2.871,0.127395,,
concrete,1030,8,4,2,nonprivate,0.0443796,0.00188,0.040136,0.0486233,0.0356633,0.0533728,1,0.0444657,,
concrete,1030,8,4,2,ssp,0.0490685,0.00264,0.0430974,0.0550396,0.0361379,0.0716286,1.106,0.0503068,,
concrete,1030,8,4,2,adassp,0.0549346,0.00232,0.0496962,0.060173,0.0432607,0.0745706,1.238,0.0567599,,46.95
concrete,1030,8,4,2,adassp_matched,0.0632201,0.00284,0.0567952,0.0696451,0.0484525,0.0902904,1.425,,,
concrete,1030,8,4,2,vfl,0.0619375,0.00285,0.0554901,0.0683849,0.0490214,0.0862599,1.396,,1.000,79.8
concrete,1030,8,4,2,vfl_uncorrected,0.0615831,0.00282,0.0551936,0.0679725,0.0487713,0.0856971,1.388,,1.000,79.8
concrete,1030,8,4,5,trivial,0.127395,0.00589,0.11407,0.14072,0.0942844,0.165593,2.871,0.127395,,
concrete,1030,8,4,5,nonprivate,0.0443796,0.00188,0.040136,0.0486233,0.0356633,0.0533728,1,0.0444657,,
concrete,1030,8,4,5,ssp,0.0445969,0.00189,0.0403184,0.0488754,0.0355287,0.0543282,1.005,0.044628,,
concrete,1030,8,4,5,adassp,0.0480904,0.00183,0.043941,0.0522397,0.0388925,0.061692,1.084,0.0479056,,18.72
concrete,1030,8,4,5,adassp_matched,0.0521496,0.00218,0.0472263,0.057073,0.0421791,0.0702374,1.175,,,
concrete,1030,8,4,5,vfl,0.0515266,0.00212,0.0467287,0.0563246,0.0414672,0.0679147,1.161,,1.000,35.06
concrete,1030,8,4,5,vfl_uncorrected,0.0514079,0.00211,0.0466355,0.0561802,0.0413702,0.0676891,1.158,,1.000,35.06
concrete,1030,8,4,10,trivial,0.127395,0.00589,0.11407,0.14072,0.0942844,0.165593,2.871,0.127395,,
concrete,1030,8,4,10,nonprivate,0.0443796,0.00188,0.040136,0.0486233,0.0356633,0.0533728,1,0.0444657,,
concrete,1030,8,4,10,ssp,0.0444658,0.00188,0.0402216,0.0487099,0.0354521,0.0537253,1.002,0.0448076,,
concrete,1030,8,4,10,adassp,0.0459308,0.00175,0.0419633,0.0498983,0.0370241,0.0572387,1.035,0.045251,,8.466
concrete,1030,8,4,10,adassp_matched,0.0481187,0.00184,0.0439519,0.0522855,0.0387519,0.0617234,1.084,,,
concrete,1030,8,4,10,vfl,0.047781,0.00188,0.0435298,0.0520321,0.0386513,0.0617368,1.077,,1.000,19.36
concrete,1030,8,4,10,vfl_uncorrected,0.047739,0.00187,0.0434976,0.0519803,0.0386188,0.0616578,1.076,,1.000,19.36
concreteslump,103,7,3,0.01,trivial,0.15152,0.0146,0.118383,0.184657,0.10379,0.243236,6.352,0.149455,,
concreteslump,103,7,3,0.01,nonprivate,0.023855,0.00255,0.0180899,0.0296201,0.0115582,0.0345214,1,0.024452,,
concreteslump,103,7,3,0.01,ssp,730779,7.3e+05,-921411,2.38297e+06,0.208771,1584.28,3.063e+07,9.49888,,
concreteslump,103,7,3,0.01,adassp,0.1792,0.0162,0.142537,0.215863,0.0749097,0.342671,7.512,0.161854,,8634
concreteslump,103,7,3,0.01,adassp_matched,0.186305,0.0144,0.153827,0.218783,0.085296,0.373988,7.81,,,
concreteslump,103,7,3,0.01,vfl,0.161064,0.014,0.129358,0.19277,0.0906664,0.281876,6.752,,0.978,1.025e+04
concreteslump,103,7,3,0.01,vfl_uncorrected,0.162528,0.014,0.130882,0.194173,0.0897192,0.28607,6.813,,0.978,1.025e+04
concreteslump,103,7,3,0.02,trivial,0.15152,0.0146,0.118383,0.184657,0.10379,0.243236,6.352,0.149455,,
concreteslump,103,7,3,0.02,nonprivate,0.023855,0.00255,0.0180899,0.0296201,0.0115582,0.0345214,1,0.024452,,
concreteslump,103,7,3,0.02,ssp,80.71,16.7,42.876,118.544,0.164252,956.669,3383,1159.6,,
concreteslump,103,7,3,0.02,adassp,0.172567,0.0152,0.13827,0.206863,0.0774912,0.354533,7.234,0.194503,,4317
concreteslump,103,7,3,0.02,adassp_matched,0.178451,0.0132,0.148571,0.20833,0.0880399,0.339337,7.481,,,
concreteslump,103,7,3,0.02,vfl,0.157738,0.0141,0.125787,0.189689,0.0891246,0.280199,6.612,,0.982,5419
concreteslump,103,7,3,0.02,vfl_uncorrected,0.158877,0.0141,0.127,0.190754,0.0880491,0.287479,6.66,,0.982,5419
concreteslump,103,7,3,0.05,trivial,0.15152,0.0146,0.118383,0.184657,0.10379,0.243236,6.352,0.149455,,
concreteslump,103,7,3,0.05,nonprivate,0.023855,0.00255,0.0180899,0.0296201,0.0115582,0.0345214,1,0.024452,,
concreteslump,103,7,3,0.05,ssp,2104.02,1.54e+03,-1386.4,5594.44,0.179694,600.368,8.82e+04,201.874,,
concreteslump,103,7,3,0.05,adassp,0.172147,0.0141,0.140214,0.204079,0.0817703,0.319363,7.216,0.174251,,1727
concreteslump,103,7,3,0.05,adassp_matched,0.181773,0.0155,0.146657,0.216888,0.0803961,0.361349,7.62,,,
concreteslump,103,7,3,0.05,vfl,0.159314,0.0142,0.127202,0.191426,0.089896,0.290992,6.678,,0.980,2318
concreteslump,103,7,3,0.05,vfl_uncorrected,0.160463,0.0142,0.128426,0.1925,0.0890836,0.297082,6.727,,0.980,2318
concreteslump,103,7,3,0.1,trivial,0.15152,0.0146,0.118383,0.184657,0.10379,0.243236,6.352,0.149455,,
concreteslump,103,7,3,0.1,nonprivate,0.023855,0.00255,0.0180899,0.0296201,0.0115582,0.0345214,1,0.024452,,
concreteslump,103,7,3,0.1,ssp,562162,5.02e+05,-573856,1.69818e+06,0.185489,1020.45,2.357e+07,24.2228,,
concreteslump,103,7,3,0.1,adassp,0.175765,0.0144,0.143077,0.208453,0.0799615,0.338181,7.368,0.158314,,863.4
concreteslump,103,7,3,0.1,adassp_matched,0.176242,0.0144,0.14366,0.208824,0.0793309,0.334012,7.388,,,
concreteslump,103,7,3,0.1,vfl,0.157627,0.0152,0.12317,0.192085,0.0813318,0.288505,6.608,,0.982,1215
concreteslump,103,7,3,0.1,vfl_uncorrected,0.158771,0.0153,0.124152,0.193389,0.0799516,0.29326,6.656,,0.982,1215
concreteslump,103,7,3,0.2,trivial,0.15152,0.0146,0.118383,0.184657,0.10379,0.243236,6.352,0.149455,,
concreteslump,103,7,3,0.2,nonprivate,0.023855,0.00255,0.0180899,0.0296201,0.0115582,0.0345214,1,0.024452,,
concreteslump,103,7,3,0.2,ssp,294.864,142,-25.7874,615.516,0.150595,992.437,1.236e+04,30.213,,
concreteslump,103,7,3,0.2,adassp,0.167657,0.014,0.135992,0.199322,0.0755716,0.32013,7.028,0.164498,,431.7
concreteslump,103,7,3,0.2,adassp_matched,0.179916,0.0157,0.1444,0.215431,0.0784063,0.373992,7.542,,,
concreteslump,103,7,3,0.2,vfl,0.158111,0.0143,0.125814,0.190407,0.0880378,0.282157,6.628,,0.996,635.5
concreteslump,103,7,3,0.2,vfl_uncorrected,0.159152,0.0142,0.12697,0.191333,0.0873009,0.286734,6.672,,0.996,635.5
concreteslump,103,7,3,0.5,trivial,0.15152,0.0146,0.118383,0.184657,0.10379,0.243236,6.352,0.149455,,
concreteslump,103,7,3,0.5,nonprivate,0.023855,0.00255,0.0180899,0.0296201,0.0115582,0.0345214,1,0.024452,,
concreteslump,103,7,3,0.5,ssp,4712.24,4.32e+03,-5059.79,14484.3,0.127004,659.149,1.975e+05,4.96113,,
concreteslump,103,7,3,0.5,adassp,0.162331,0.0136,0.131534,0.193128,0.0778715,0.300167,6.805,0.163117,,172.7
concreteslump,103,7,3,0.5,adassp_matched,0.167819,0.014,0.136097,0.199541,0.0770513,0.318779,7.035,,,
concreteslump,103,7,3,0.5,vfl,0.15424,0.0139,0.122684,0.185796,0.0896706,0.269733,6.466,,0.990,269.7
concreteslump,103,7,3,0.5,vfl_uncorrected,0.154976,0.0139,0.123568,0.186383,0.0887563,0.273491,6.497,,0.990,269.7
concreteslump,103,7,3,1,trivial,0.15152,0.0146,0.118383,0.184657,0.10379,0.243236,6.352,0.149455,,
concreteslump,103,7,3,1,nonprivate,0.023855,0.00255,0.0180899,0.0296201,0.0115582,0.0345214,1,0.024452,,
concreteslump,103,7,3,1,ssp,108.517,102,-121.706,338.739,0.0694863,57.035,4549,0.292356,,
concreteslump,103,7,3,1,adassp,0.152707,0.0129,0.123556,0.181858,0.07559,0.279774,6.401,0.14055,,86.34
concreteslump,103,7,3,1,adassp_matched,0.159431,0.0137,0.12854,0.190321,0.0780909,0.311667,6.683,,,
concreteslump,103,7,3,1,vfl,0.146888,0.014,0.115238,0.178538,0.082232,0.258247,6.158,,0.994,141.4
concreteslump,103,7,3,1,vfl_uncorrected,0.14704,0.014,0.115462,0.178618,0.0809294,0.259219,6.164,,0.994,141.4
concreteslump,103,7,3,2,trivial,0.15152,0.0146,0.118383,0.184657,0.10379,0.243236,6.352,0.149455,,
concreteslump,103,7,3,2,nonprivate,0.023855,0.00255,0.0180899,0.0296201,0.0115582,0.0345214,1,0.024452,,
concreteslump,103,7,3,2,ssp,27.1854,15.6,-8.15477,62.5255,0.0267763,9.02507,1140,14.6157,,
concreteslump,103,7,3,2,adassp,0.134315,0.0119,0.107302,0.161329,0.0621972,0.247937,5.63,0.128247,,43.17
concreteslump,103,7,3,2,adassp_matched,0.148345,0.0129,0.11909,0.1776,0.0684594,0.272692,6.219,,,
concreteslump,103,7,3,2,vfl,0.139526,0.0132,0.109603,0.169449,0.0727142,0.24017,5.849,,1.000,74.65
concreteslump,103,7,3,2,vfl_uncorrected,0.139318,0.0132,0.109546,0.169091,0.0715536,0.240382,5.84,,1.000,74.65
concreteslump,103,7,3,5,trivial,0.15152,0.0146,0.118383,0.184657,0.10379,0.243236,6.352,0.149455,,
concreteslump,103,7,3,5,nonprivate,0.023855,0.00255,0.0180899,0.0296201,0.0115582,0.0345214,1,0.024452,,
concreteslump,103,7,3,5,ssp,0.0394347,0.00182,0.0353161,0.0435533,0.0114223,0.0909345,1.653,0.0391828,,
concreteslump,103,7,3,5,adassp,0.110758,0.0114,0.0848805,0.136636,0.0476881,0.206653,4.643,0.108835,,17.26
concreteslump,103,7,3,5,adassp_matched,0.127357,0.0115,0.101323,0.153391,0.0599307,0.226329,5.339,,,
concreteslump,103,7,3,5,vfl,0.125792,0.0126,0.0972221,0.154362,0.0621123,0.217484,5.273,,1.000,32.8
concreteslump,103,7,3,5,vfl_uncorrected,0.125133,0.0126,0.0967029,0.153563,0.0608989,0.21758,5.246,,1.000,32.8
concreteslump,103,7,3,10,trivial,0.15152,0.0146,0.118383,0.184657,0.10379,0.243236,6.352,0.149455,,
concreteslump,103,7,3,10,nonprivate,0.023855,0.00255,0.0180899,0.0296201,0.0115582,0.0345214,1,0.024452,,
concreteslump,103,7,3,10,ssp,0.0266918,0.00238,0.0212999,0.0320837,0.0104574,0.0502629,1.119,0.0307776,,
concreteslump,103,7,3,10,adassp,0.0893329,0.00999,0.0667283,0.111938,0.036427,0.162748,3.745,0.0886533,,8.515
concreteslump,103,7,3,10,adassp_matched,0.110942,0.011,0.0861527,0.135731,0.0504974,0.202606,4.651,,,
concreteslump,103,7,3,10,vfl,0.108362,0.0114,0.0825093,0.134215,0.0487478,0.189492,4.543,,1.000,18.11
concreteslump,103,7,3,10,vfl_uncorrected,0.107445,0.0114,0.0817464,0.133143,0.0478634,0.188361,4.504,,1.000,18.11
elevators,16599,18,9,0.01,trivial,0.0366672,0.000261,0.036077,0.0372574,0.0354425,0.0379788,4.226,0.0366672,,
elevators,16599,18,9,0.01,nonprivate,0.00867615,0.000179,0.00827102,0.00908128,0.0078525,0.0097472,1,0.00860985,,
elevators,16599,18,9,0.01,ssp,20604.5,2.06e+04,-25937.1,67146.1,0.076692,357.191,2.375e+06,8.04943,,
elevators,16599,18,9,0.01,adassp,0.0371389,0.000519,0.035965,0.0383129,0.0271569,0.0534722,4.281,0.0385028,,1.547e+04
elevators,16599,18,9,0.01,adassp_matched,0.0383893,0.000331,0.0376396,0.0391389,0.0262998,0.0551094,4.425,,,
elevators,16599,18,9,0.01,vfl,0.0346635,0.000361,0.0338479,0.0354791,0.0266934,0.0460342,3.995,,1.000,1.644e+04
elevators,16599,18,9,0.01,vfl_uncorrected,0.0346939,0.000368,0.0338611,0.0355268,0.0264885,0.0467392,3.999,,1.000,1.644e+04
elevators,16599,18,9,0.02,trivial,0.0366672,0.000261,0.036077,0.0372574,0.0354425,0.0379788,4.226,0.0366672,,
elevators,16599,18,9,0.02,nonprivate,0.00867615,0.000179,0.00827102,0.00908128,0.0078525,0.0097472,1,0.00860985,,
elevators,16599,18,9,0.02,ssp,165.432,78,-11.0286,341.893,0.0459437,593.958,1.907e+04,7.60752,,
elevators,16599,18,9,0.02,adassp,0.0333445,0.000265,0.0327444,0.0339447,0.0254041,0.0447607,3.843,0.0332978,,7737
elevators,16599,18,9,0.02,adassp_matched,0.0350563,0.0004,0.0341504,0.0359621,0.0260294,0.0507204,4.041,,,
elevators,16599,18,9,0.02,vfl,0.0318181,0.000322,0.0310906,0.0325456,0.0258115,0.0389348,3.667,,0.998,8691
elevators,16599,18,9,0.02,vfl_uncorrected,0.0317438,0.000321,0.0310169,0.0324707,0.0255879,0.0392482,3.659,,0.998,8691
elevators,16599,18,9,0.05,trivial,0.0366672,0.000261,0.036077,0.0372574,0.0354425,0.0379788,4.226,0.0366672,,
elevators,16599,18,9,0.05,nonprivate,0.00867615,0.000179,0.00827102,0.00908128,0.0078525,0.0097472,1,0.00860985,,
elevators,16599,18,9,0.05,ssp,168.825,146,-161.97,499.62,0.0226125,79.878,1.946e+04,0.989341,,
elevators,16599,18,9,0.05,adassp,0.0280701,0.000235,0.0275391,0.0286012,0.0228309,0.0343666,3.235,0.0272769,,3095
elevators,16599,18,9,0.05,adassp_matched,0.029913,0.000224,0.0294069,0.030419,0.0237025,0.0379834,3.448,,,
elevators,16599,18,9,0.05,vfl,0.0276923,0.000251,0.0271244,0.0282602,0.0233902,0.032623,3.192,,1.000,3717
elevators,16599,18,9,0.05,vfl_uncorrected,0.027569,0.00025,0.0270024,0.0281356,0.0231872,0.0326719,3.178,,1.000,3717
elevators,16599,18,9,0.1,trivial,0.0366672,0.000261,0.036077,0.0372574,0.0354425,0.0379788,4.226,0.0366672,,
elevators,16599,18,9,0.1,nonprivate,0.00867615,0.000179,0.00827102,0.00908128,0.0078525,0.0097472,1,0.00860985,,
elevators,16599,18,9,0.1,ssp,1.22478e+06,1.22e+06,-1.54585e+06,3.99541e+06,0.014952,25.3116,1.412e+08,2.09412,,
elevators,16599,18,9,0.1,adassp,0.024287,0.000237,0.0237518,0.0248222,0.0202545,0.0287045,2.799,0.026126,,1547
elevators,16599,18,9,0.1,adassp_matched,0.0260544,0.000257,0.0254732,0.0266357,0.0218794,0.0314046,3.003,,,
elevators,16599,18,9,0.1,vfl,0.0248504,0.000263,0.0242544,0.0254464,0.0213428,0.0282835,2.864,,0.998,1948
elevators,16599,18,9,0.1,vfl_uncorrected,0.0247258,0.000265,0.0241258,0.0253258,0.0211132,0.028263,2.85,,0.998,1948
elevators,16599,18,9,0.2,trivial,0.0366672,0.000261,0.036077,0.0372574,0.0354425,0.0379788,4.226,0.0366672,,
elevators,16599,18,9,0.2,nonprivate,0.00867615,0.000179,0.00827102,0.00908128,0.0078525,0.0097472,1,0.00860985,,
elevators,16599,18,9,0.2,ssp,5.63863,4.24,-3.94321,15.2205,0.0106926,8.84149,649.9,3.27125,,
elevators,16599,18,9,0.2,adassp,0.0208253,0.000273,0.0202081,0.0214425,0.0176332,0.0238933,2.4,0.0208588,,773.7
elevators,16599,18,9,0.2,adassp_matched,0.0228096,0.000248,0.0222491,0.0233701,0.0190249,0.0267363,2.629,,,
elevators,16599,18,9,0.2,vfl,0.0219637,0.000272,0.0213479,0.0225795,0.0191153,0.0247925,2.532,,1.000,1019
elevators,16599,18,9,0.2,vfl_uncorrected,0.0218329,0.000273,0.0212151,0.0224508,0.0189354,0.0247302,2.516,,1.000,1019
elevators,16599,18,9,0.5,trivial,0.0366672,0.000261,0.036077,0.0372574,0.0354425,0.0379788,4.226,0.0366672,,
elevators,16599,18,9,0.5,nonprivate,0.00867615,0.000179,0.00827102,0.00908128,0.0078525,0.0097472,1,0.00860985,,
elevators,16599,18,9,0.5,ssp,41.8214,38.6,-45.5834,129.226,0.00889352,8.53477,4820,0.659505,,
elevators,16599,18,9,0.5,adassp,0.0162501,0.000265,0.0156503,0.0168498,0.0139959,0.0187432,1.873,0.0167469,,309.5
elevators,16599,18,9,0.5,adassp_matched,0.0186353,0.000266,0.018033,0.0192375,0.0158471,0.0219666,2.148,,,
elevators,16599,18,9,0.5,vfl,0.0179862,0.000219,0.0174903,0.018482,0.016132,0.0203082,2.073,,1.000,432.4
elevators,16599,18,9,0.5,vfl_uncorrected,0.0178458,0.000218,0.0173524,0.0183391,0.015997,0.0201816,2.057,,1.000,432.4
elevators,16599,18,9,1,trivial,0.0366672,0.000261,0.036077,0.0372574,0.0354425,0.0379788,4.226,0.0366672,,
elevators,16599,18,9,1,nonprivate,0.00867615,0.000179,0.00827102,0.00908128,0.0078525,0.0097472,1,0.00860985,,
elevators,16599,18,9,1,ssp,1.38444,0.568,0.100458,2.66842,0.00847633,1.97473,159.6,5.85573,,
elevators,16599,18,9,1,adassp,0.0131367,0.000205,0.0126731,0.0136003,0.0115319,0.0148579,1.514,0.0131735,,154.7
elevators,16599,18,9,1,adassp_matched,0.0154326,0.000231,0.0149105,0.0159547,0.0134119,0.0177916,1.779,,,
elevators,16599,18,9,1,vfl,0.0148721,0.000215,0.0143861,0.0153581,0.0132271,0.0167131,1.714,,1.000,226.7
elevators,16599,18,9,1,vfl_uncorrected,0.0147446,0.000214,0.0142614,0.0152279,0.0131005,0.0165772,1.699,,1.000,226.7
elevators,16599,18,9,2,trivial,0.0366672,0.000261,0.036077,0.0372574,0.0354425,0.0379788,4.226,0.0366672,,
elevators,16599,18,9,2,nonprivate,0.00867615,0.000179,0.00827102,0.00908128,0.0078525,0.0097472,1,0.00860985,,
elevators,16599,18,9,2,ssp,0.553841,0.242,0.00715805,1.10052,0.00808663,0.462167,63.83,0.0172578,,
elevators,16599,18,9,2,adassp,0.0107477,0.000178,0.0103442,0.0111512,0.00958288,0.0119549,1.239,0.0107524,,77.37
elevators,16599,18,9,2,adassp_matched,0.0124634,0.000201,0.0120077,0.0129192,0.010893,0.0140434,1.437,,,
elevators,16599,18,9,2,vfl,0.0121168,0.00019,0.0116861,0.0125476,0.0108153,0.0136155,1.397,,1.000,119.7
elevators,16599,18,9,2,vfl_uncorrected,0.012025,0.000189,0.0115968,0.0124532,0.0107257,0.0135129,1.386,,1.000,119.7
elevators,16599,18,9,5,trivial,0.0366672,0.000261,0.036077,0.0372574,0.0354425,0.0379788,4.226,0.0366672,,
elevators,16599,18,9,5,nonprivate,0.00867615,0.000179,0.00827102,0.00908128,0.0078525,0.0097472,1,0.00860985,,
elevators,16599,18,9,5,ssp,3.34641,3.19,-3.87325,10.5661,0.0079084,0.131771,385.7,0.0124172,,
elevators,16599,18,9,5,adassp,0.00917917,0.000152,0.00883639,0.00952195,0.00837162,0.00999932,1.058,0.00916746,,30.95
elevators,16599,18,9,5,adassp_matched,0.0100557,0.000164,0.00968416,0.0104273,0.00902224,0.0111732,1.159,,,
elevators,16599,18,9,5,vfl,0.00985337,0.000164,0.00948298,0.0102238,0.0089317,0.0108148,1.136,,1.000,52.59
elevators,16599,18,9,5,vfl_uncorrected,0.00981297,0.000163,0.00944388,0.0101821,0.00889256,0.0107693,1.131,,1.000,52.59
elevators,16599,18,9,10,trivial,0.0366672,0.000261,0.036077,0.0372574,0.0354425,0.0379788,4.226,0.0366672,,
elevators,16599,18,9,10,nonprivate,0.00867615,0.000179,0.00827102,0.00908128,0.0078525,0.0097472,1,0.00860985,,
elevators,16599,18,9,10,ssp,0.00889416,0.000206,0.00842822,0.0093601,0.00784249,0.0114387,1.025,0.0093024,,
elevators,16599,18,9,10,adassp,0.00877893,0.000146,0.00844915,0.00910872,0.00806011,0.00948786,1.012,0.00874958,,15.47
elevators,16599,18,9,10,adassp_matched,0.00919706,0.000152,0.00885318,0.00954095,0.00837375,0.00998746,1.06,,,
elevators,16599,18,9,10,vfl,0.00910156,0.00015,0.00876289,0.00944022,0.00834087,0.00987915,1.049,,1.000,29.04
elevators,16599,18,9,10,vfl_uncorrected,0.0090842,0.000149,0.00874632,0.00942209,0.00832594,0.00985781,1.047,,1.000,29.04
energy,768,8,4,0.01,trivial,0.235242,0.00519,0.223502,0.246983,0.214684,0.269177,10.13,0.235166,,
energy,768,8,4,0.01,nonprivate,0.0232215,0.00166,0.0194773,0.0269656,0.0112569,0.0288551,1,0.0232446,,
energy,768,8,4,0.01,ssp,895.665,419,-51.5027,1842.83,0.186102,1596.58,3.857e+04,25.4838,,
energy,768,8,4,0.01,adassp,0.243882,0.00507,0.232413,0.255351,0.108152,0.421839,10.5,0.320532,,9391
energy,768,8,4,0.01,adassp_matched,0.254168,0.00559,0.241528,0.266807,0.108267,0.45757,10.95,,,
energy,768,8,4,0.01,vfl,0.235025,0.00536,0.222906,0.247145,0.143796,0.343402,10.12,,0.992,1.096e+04
energy,768,8,4,0.01,vfl_uncorrected,0.235679,0.00542,0.22342,0.247938,0.139971,0.349246,10.15,,0.992,1.096e+04
energy,768,8,4,0.02,trivial,0.235242,0.00519,0.223502,0.246983,0.214684,0.269177,10.13,0.235166,,
energy,768,8,4,0.02,nonprivate,0.0232215,0.00166,0.0194773,0.0269656,0.0112569,0.0288551,1,0.0232446,,
energy,768,8,4,0.02,ssp,325.436,204,-136.438,787.309,0.172295,698.83,1.401e+04,11.5568,,
energy,768,8,4,0.02,adassp,0.226695,0.00651,0.211978,0.241412,0.096467,0.384905,9.762,0.238945,,4695
energy,768,8,4,0.02,adassp_matched,0.233802,0.00568,0.220949,0.246654,0.102783,0.423872,10.07,,,
energy,768,8,4,0.02,vfl,0.225374,0.0058,0.212262,0.238486,0.139888,0.340214,9.705,,0.994,5794
energy,768,8,4,0.02,vfl_uncorrected,0.22554,0.00587,0.212272,0.238808,0.136132,0.349242,9.713,,0.994,5794
energy,768,8,4,0.05,trivial,0.235242,0.00519,0.223502,0.246983,0.214684,0.269177,10.13,0.235166,,
energy,768,8,4,0.05,nonprivate,0.0232215,0.00166,0.0194773,0.0269656,0.0112569,0.0288551,1,0.0232446,,
energy,768,8,4,0.05,ssp,2486.47,2.06e+03,-2172.89,7145.83,0.176077,1776.86,1.071e+05,291.836,,
energy,768,8,4,0.05,adassp,0.195515,0.0058,0.182391,0.208639,0.0938742,0.337061,8.42,0.210969,,1878
energy,768,8,4,0.05,adassp_matched,0.217659,0.00444,0.207606,0.227712,0.103104,0.374011,9.373,,,
energy,768,8,4,0.05,vfl,0.204601,0.00508,0.193113,0.216088,0.128875,0.294626,8.811,,0.994,2478
energy,768,8,4,0.05,vfl_uncorrected,0.203856,0.00509,0.192352,0.215361,0.125464,0.299447,8.779,,0.994,2478
energy,768,8,4,0.1,trivial,0.235242,0.00519,0.223502,0.246983,0.214684,0.269177,10.13,0.235166,,
energy,768,8,4,0.1,nonprivate,0.0232215,0.00166,0.0194773,0.0269656,0.0112569,0.0288551,1,0.0232446,,
energy,768,8,4,0.1,ssp,9706.06,8.52e+03,-9572.6,28984.7,0.0846109,647.504,4.18e+05,2.4013,,
energy,768,8,4,0.1,adassp,0.160292,0.00275,0.154068,0.166516,0.0821526,0.260883,6.903,0.147723,,939.1
energy,768,8,4,0.1,adassp_matched,0.180618,0.00595,0.167162,0.194074,0.0838021,0.293053,7.778,,,
energy,768,8,4,0.1,vfl,0.176444,0.004,0.167386,0.185503,0.114932,0.252977,7.598,,1.000,1299
energy,768,8,4,0.1,vfl_uncorrected,0.174924,0.00396,0.165961,0.183886,0.110231,0.254937,7.533,,1.000,1299
energy,768,8,4,0.2,trivial,0.235242,0.00519,0.223502,0.246983,0.214684,0.269177,10.13,0.235166,,
energy,768,8,4,0.2,nonprivate,0.0232215,0.00166,0.0194773,0.0269656,0.0112569,0.0288551,1,0.0232446,,
energy,768,8,4,0.2,ssp,443.606,310,-258.774,1145.99,0.0433911,181.319,1.91e+04,0.315415,,
energy,768,8,4,0.2,adassp,0.121711,0.00291,0.115137,0.128286,0.0665488,0.193485,5.241,0.121229,,469.5
energy,768,8,4,0.2,adassp_matched,0.147528,0.00494,0.13635,0.158706,0.0758739,0.241396,6.353,,,
energy,768,8,4,0.2,vfl,0.139657,0.00399,0.130639,0.148674,0.0867534,0.201541,6.014,,0.998,679.4
energy,768,8,4,0.2,vfl_uncorrected,0.137633,0.00396,0.128675,0.146592,0.0833512,0.20112,5.927,,0.998,679.4
energy,768,8,4,0.5,trivial,0.235242,0.00519,0.223502,0.246983,0.214684,0.269177,10.13,0.235166,,
energy,768,8,4,0.5,nonprivate,0.0232215,0.00166,0.0194773,0.0269656,0.0112569,0.0288551,1,0.0232446,,
energy,768,8,4,0.5,ssp,15.2691,11.9,-11.7155,42.2537,0.0267593,11.2127,657.5,0.695256,,
energy,768,8,4,0.5,adassp,0.0715656,0.00284,0.0651374,0.0779938,0.0422064,0.111101,3.082,0.073253,,187.8
energy,768,8,4,0.5,adassp_matched,0.0948217,0.0034,0.0871302,0.102513,0.0499383,0.147931,4.083,,,
energy,768,8,4,0.5,vfl,0.0907064,0.00302,0.083879,0.0975338,0.0586352,0.130531,3.906,,1.000,288.3
energy,768,8,4,0.5,vfl_uncorrected,0.0890745,0.00299,0.0823185,0.0958305,0.0569776,0.128786,3.836,,1.000,288.3
energy,768,8,4,1,trivial,0.235242,0.00519,0.223502,0.246983,0.214684,0.269177,10.13,0.235166,,
energy,768,8,4,1,nonprivate,0.0232215,0.00166,0.0194773,0.0269656,0.0112569,0.0288551,1,0.0232446,,
energy,768,8,4,1,ssp,244.62,200,-207.643,696.882,0.0197841,11.0743,1.053e+04,0.11895,,
energy,768,8,4,1,adassp,0.0463883,0.00188,0.0421269,0.0506497,0.0292884,0.0646629,1.998,0.0428912,,93.91
energy,768,8,4,1,adassp_matched,0.0633239,0.00256,0.0575419,0.069106,0.0375379,0.0965756,2.727,,,
energy,768,8,4,1,vfl,0.0609711,0.00264,0.055008,0.0669342,0.037894,0.0855767,2.626,,1.000,151.1
energy,768,8,4,1,vfl_uncorrected,0.059967,0.0026,0.0540809,0.0658532,0.0370115,0.0843012,2.582,,1.000,151.1
energy,768,8,4,2,trivial,0.235242,0.00519,0.223502,0.246983,0.214684,0.269177,10.13,0.235166,,
energy,768,8,4,2,nonprivate,0.0232215,0.00166,0.0194773,0.0269656,0.0112569,0.0288551,1,0.0232446,,
energy,768,8,4,2,ssp,2.09661,0.927,-0.000678207,4.1939,0.0136968,3.01533,90.29,0.0540485,,
energy,768,8,4,2,adassp,0.0335331,0.00183,0.0293893,0.0376769,0.0193542,0.0442444,1.444,0.033598,,46.95
energy,768,8,4,2,adassp_matched,0.0437193,0.00207,0.0390338,0.0484048,0.0265795,0.0639019,1.883,,,
energy,768,8,4,2,vfl,0.0420089,0.00205,0.037382,0.0466359,0.0267969,0.0562883,1.809,,1.000,79.8
energy,768,8,4,2,vfl_uncorrected,0.0415153,0.00203,0.0369269,0.0461038,0.0262553,0.0557543,1.788,,1.000,79.8
energy,768,8,4,5,trivial,0.235242,0.00519,0.223502,0.246983,0.214684,0.269177,10.13,0.235166,,
energy,768,8,4,5,nonprivate,0.0232215,0.00166,0.0194773,0.0269656,0.0112569,0.0288551,1,0.0232446,,
energy,768,8,4,5,ssp,0.112537,0.0424,0.0167013,0.208372,0.011222,0.220251,4.846,0.0249145,,
energy,768,8,4,5,adassp,0.0268592,0.00166,0.0231033,0.0306152,0.0148727,0.0339026,1.157,0.0271035,,18.78
energy,768,8,4,5,adassp_matched,0.0307797,0.00173,0.0268661,0.0346932,0.0178323,0.0404895,1.325,,,
energy,768,8,4,5,vfl,0.0299932,0.00176,0.0260127,0.0339738,0.0180904,0.0382336,1.292,,1.000,35.06
energy,768,8,4,5,vfl_uncorrected,0.0298365,0.00175,0.0258695,0.0338034,0.0179061,0.0380259,1.285,,1.000,35.06
energy,768,8,4,10,trivial,0.235242,0.00519,0.223502,0.246983,0.214684,0.269177,10.13,0.235166,,
energy,768,8,4,10,nonprivate,0.0232215,0.00166,0.0194773,0.0269656,0.0112569,0.0288551,1,0.0232446,,
energy,768,8,4,10,ssp,0.0238096,0.00173,0.0198926,0.0277266,0.011292,0.0296497,1.025,0.0243901,,
energy,768,8,4,10,adassp,0.0251076,0.00165,0.0213696,0.0288456,0.0130483,0.0308887,1.081,0.0255014,,9.39
energy,768,8,4,10,adassp_matched,0.0269334,0.00167,0.0231443,0.0307225,0.0150218,0.0341233,1.16,,,
energy,768,8,4,10,vfl,0.0266333,0.0017,0.0227975,0.0304691,0.0148254,0.0335484,1.147,,1.000,19.36
energy,768,8,4,10,vfl_uncorrected,0.0265704,0.00169,0.0227392,0.0304017,0.0147382,0.033455,1.144,,1.000,19.36
fertility,100,9,4,0.01,trivial,0.0977468,0.0113,0.0721661,0.123328,0.0500043,0.161295,1.126,0.0977468,,
fertility,100,9,4,0.01,nonprivate,0.0868134,0.0124,0.0588022,0.114825,0.0352656,0.157732,1,0.0863449,,
fertility,100,9,4,0.01,ssp,361.114,202,-95.3255,817.553,0.183182,818.793,4160,24.9416,,
fertility,100,9,4,0.01,adassp,0.113885,0.0117,0.0873378,0.140432,0.0463012,0.216831,1.312,0.0971484,,1.011e+04
fertility,100,9,4,0.01,adassp_matched,0.117401,0.0111,0.0922142,0.142587,0.0420671,0.219148,1.352,,,
fertility,100,9,4,0.01,vfl,0.104267,0.0111,0.0790656,0.129467,0.0455173,0.179796,1.201,,0.984,1.163e+04
fertility,100,9,4,0.01,vfl_uncorrected,0.105239,0.0111,0.0801183,0.130359,0.0450985,0.182446,1.212,,0.984,1.163e+04
fertility,100,9,4,0.02,trivial,0.0977468,0.0113,0.0721661,0.123328,0.0500043,0.161295,1.126,0.0977468,,
fertility,100,9,4,0.02,nonprivate,0.0868134,0.0124,0.0588022,0.114825,0.0352656,0.157732,1,0.0863449,,
fertility,100,9,4,0.02,ssp,2936.94,1.44e+03,-312.436,6186.32,0.18249,910.708,3.383e+04,1.17541,,
fertility,100,9,4,0.02,adassp,0.116326,0.0112,0.0909932,0.141658,0.0449032,0.213268,1.34,0.135591,,5054
fertility,100,9,4,0.02,adassp_matched,0.116269,0.0112,0.0908673,0.14167,0.0425136,0.220301,1.339,,,
fertility,100,9,4,0.02,vfl,0.104603,0.0113,0.0791077,0.130098,0.0458227,0.179949,1.205,,0.976,6145
fertility,100,9,4,0.02,vfl_uncorrected,0.105614,0.0113,0.0801054,0.131122,0.0452697,0.181653,1.217,,0.976,6145
fertility,100,9,4,0.05,trivial,0.0977468,0.0113,0.0721661,0.123328,0.0500043,0.161295,1.126,0.0977468,,
fertility,100,9,4,0.05,nonprivate,0.0868134,0.0124,0.0588022,0.114825,0.0352656,0.157732,1,0.0863449,,
fertility,100,9,4,0.05,ssp,363.797,130,68.6107,658.983,0.175446,1884.86,4191,64.604,,
fertility,100,9,4,0.05,adassp,0.115252,0.0109,0.0906966,0.139807,0.0425465,0.215436,1.328,0.127117,,2022
fertility,100,9,4,0.05,adassp_matched,0.117783,0.0109,0.0930919,0.142474,0.0471474,0.217594,1.357,,,
fertility,100,9,4,0.05,vfl,0.10338,0.0113,0.0778226,0.128937,0.0477268,0.179944,1.191,,0.980,2629
fertility,100,9,4,0.05,vfl_uncorrected,0.104242,0.0113,0.0786882,0.129796,0.047671,0.182113,1.201,,0.980,2629
fertility,100,9,4,0.1,trivial,0.0977468,0.0113,0.0721661,0.123328,0.0500043,0.161295,1.126,0.0977468,,
fertility,100,9,4,0.1,nonprivate,0.0868134,0.0124,0.0588022,0.114825,0.0352656,0.157732,1,0.0863449,,
fertility,100,9,4,0.1,ssp,944.96,602,-417.68,2307.6,0.145595,523.236,1.088e+04,10.7669,,
fertility,100,9,4,0.1,adassp,0.113647,0.0112,0.0882229,0.139071,0.0447349,0.2089,1.309,0.118218,,1011
fertility,100,9,4,0.1,adassp_matched,0.117498,0.0105,0.0937774,0.141218,0.0462945,0.213454,1.353,,,
fertility,100,9,4,0.1,vfl,0.103704,0.0112,0.0784588,0.128949,0.0454266,0.181305,1.195,,0.986,1378
fertility,100,9,4,0.1,vfl_uncorrected,0.104642,0.0111,0.079441,0.129843,0.0451741,0.183459,1.205,,0.986,1378
fertility,100,9,4,0.2,trivial,0.0977468,0.0113,0.0721661,0.123328,0.0500043,0.161295,1.126,0.0977468,,
fertility,100,9,4,0.2,nonprivate,0.0868134,0.0124,0.0588022,0.114825,0.0352656,0.157732,1,0.0863449,,
fertility,100,9,4,0.2,ssp,350.418,147,17.7737,683.063,0.157022,907.642,4036,54.9248,,
fertility,100,9,4,0.2,adassp,0.111459,0.0107,0.0873332,0.135585,0.0416426,0.2075,1.284,0.0897853,,505.4
fertility,100,9,4,0.2,adassp_matched,0.116973,0.0117,0.0904472,0.143499,0.0460216,0.221427,1.347,,,
fertility,100,9,4,0.2,vfl,0.102831,0.0112,0.0775236,0.128139,0.043123,0.178282,1.185,,0.986,720.6
fertility,100,9,4,0.2,vfl_uncorrected,0.103668,0.0112,0.0783369,0.128999,0.0431791,0.179728,1.194,,0.986,720.6
fertility,100,9,4,0.5,trivial,0.0977468,0.0113,0.0721661,0.123328,0.0500043,0.161295,1.126,0.0977468,,
fertility,100,9,4,0.5,nonprivate,0.0868134,0.0124,0.0588022,0.114825,0.0352656,0.157732,1,0.0863449,,
fertility,100,9,4,0.5,ssp,22475.6,2.23e+04,-28021.8,72973,0.127507,1441.92,2.589e+05,1.27599,,
fertility,100,9,4,0.5,adassp,0.110857,0.0111,0.0857469,0.135967,0.0429104,0.202952,1.277,0.138674,,202.2
fertility,100,9,4,0.5,adassp_matched,0.115324,0.0108,0.0908198,0.139829,0.0419482,0.213375,1.328,,,
fertility,100,9,4,0.5,vfl,0.101623,0.0113,0.0761497,0.127096,0.0437077,0.184079,1.171,,0.978,305.8
fertility,100,9,4,0.5,vfl_uncorrected,0.102348,0.0113,0.0768607,0.127836,0.0429072,0.186604,1.179,,0.978,305.8
fertility,100,9,4,1,trivial,0.0977468,0.0113,0.0721661,0.123328,0.0500043,0.161295,1.126,0.0977468,,
fertility,100,9,4,1,nonprivate,0.0868134,0.0124,0.0588022,0.114825,0.0352656,0.157732,1,0.0863449,,
fertility,100,9,4,1,ssp,2929.74,2.33e+03,-2349.14,8208.62,0.0935692,445.54,3.375e+04,6.96235,,
fertility,100,9,4,1,adassp,0.10779,0.0116,0.0815565,0.134023,0.0426217,0.195819,1.242,0.101108,,101.1
fertility,100,9,4,1,adassp_matched,0.110855,0.011,0.0860037,0.135707,0.0447908,0.204431,1.277,,,
fertility,100,9,4,1,vfl,0.101695,0.011,0.0767235,0.126666,0.0448864,0.17453,1.171,,0.996,160.3
fertility,100,9,4,1,vfl_uncorrected,0.102365,0.011,0.0774176,0.127312,0.0441491,0.175061,1.179,,0.996,160.3
fertility,100,9,4,2,trivial,0.0977468,0.0113,0.0721661,0.123328,0.0500043,0.161295,1.126,0.0977468,,
fertility,100,9,4,2,nonprivate,0.0868134,0.0124,0.0588022,0.114825,0.0352656,0.157732,1,0.0863449,,
fertility,100,9,4,2,ssp,39.0075,30.1,-29.0717,107.087,0.0449115,1.72138,449.3,0.129709,,
fertility,100,9,4,2,adassp,0.10334,0.0111,0.0782095,0.12847,0.0420043,0.187472,1.19,0.0988722,,50.54
fertility,100,9,4,2,adassp_matched,0.108812,0.0111,0.0836847,0.13394,0.0443973,0.19432,1.253,,,
fertility,100,9,4,2,vfl,0.100686,0.0118,0.0738909,0.127482,0.0433333,0.182458,1.16,,1.000,84.64
fertility,100,9,4,2,vfl_uncorrected,0.101218,0.0119,0.0743303,0.128105,0.0431769,0.183584,1.166,,1.000,84.64
fertility,100,9,4,5,trivial,0.0977468,0.0113,0.0721661,0.123328,0.0500043,0.161295,1.126,0.0977468,,
fertility,100,9,4,5,nonprivate,0.0868134,0.0124,0.0588022,0.114825,0.0352656,0.157732,1,0.0863449,,
fertility,100,9,4,5,ssp,0.0950224,0.0128,0.0659652,0.124079,0.0311478,0.185222,1.095,0.0940735,,
fertility,100,9,4,5,adassp,0.0947826,0.0116,0.0685352,0.12103,0.0385219,0.179324,1.092,0.087455,,20.13
fertility,100,9,4,5,adassp_matched,0.101064,0.0115,0.0749907,0.127138,0.039575,0.186094,1.164,,,
fertility,100,9,4,5,vfl,0.0953159,0.0112,0.0700154,0.120616,0.0423748,0.166733,1.098,,1.000,37.19
fertility,100,9,4,5,vfl_uncorrected,0.0955322,0.0112,0.0702225,0.120842,0.0422218,0.167288,1.1,,1.000,37.19
fertility,100,9,4,10,trivial,0.0977468,0.0113,0.0721661,0.123328,0.0500043,0.161295,1.126,0.0977468,,
fertility,100,9,4,10,nonprivate,0.0868134,0.0124,0.0588022,0.114825,0.0352656,0.157732,1,0.0863449,,
fertility,100,9,4,10,ssp,0.0876985,0.0121,0.0602853,0.115112,0.0333901,0.163765,1.01,0.085287,,
fertility,100,9,4,10,adassp,0.089228,0.0115,0.0631933,0.115263,0.0365429,0.166498,1.028,0.0950766,,8.795
fertility,100,9,4,10,adassp_matched,0.0952651,0.0114,0.0694564,0.121074,0.0397038,0.175535,1.097,,,
fertility,100,9,4,10,vfl,0.0913966,0.0112,0.065997,0.116796,0.0383137,0.164924,1.053,,1.000,20.53
fertility,100,9,4,10,vfl_uncorrected,0.0914825,0.0112,0.0660555,0.11691,0.0382379,0.165193,1.054,,1.000,20.53
forest,517,12,6,0.01,trivial,0.0564001,0.00381,0.0477889,0.0650114,0.0458634,0.0823878,0.9921,0.0564035,,
forest,517,12,6,0.01,nonprivate,0.0568516,0.00362,0.0486589,0.0650443,0.0437247,0.081796,1,0.0571316,,
forest,517,12,6,0.01,ssp,15910.6,1.55e+04,-19060.6,50881.9,0.186611,1470.34,2.799e+05,2.50469,,
forest,517,12,6,0.01,adassp,0.0680333,0.00368,0.0597157,0.0763509,0.0474746,0.101593,1.197,0.0663164,,1.208e+04
forest,517,12,6,0.01,adassp_matched,0.069689,0.00356,0.0616255,0.0777525,0.0468768,0.109532,1.226,,,
forest,517,12,6,0.01,vfl,0.0621571,0.00391,0.053317,0.0709971,0.0459366,0.0931685,1.093,,0.982,1.342e+04
forest,517,12,6,0.01,vfl_uncorrected,0.0628836,0.00392,0.0540219,0.0717454,0.0461707,0.0942463,1.106,,0.982,1.342e+04
forest,517,12,6,0.02,trivial,0.0564001,0.00381,0.0477889,0.0650114,0.0458634,0.0823878,0.9921,0.0564035,,
forest,517,12,6,0.02,nonprivate,0.0568516,0.00362,0.0486589,0.0650443,0.0437247,0.081796,1,0.0571316,,
forest,517,12,6,0.02,ssp,2636.57,1.49e+03,-731.571,6004.71,0.208061,2396.76,4.638e+04,5.574,,
forest,517,12,6,0.02,adassp,0.0686596,0.00404,0.0595124,0.0778068,0.0457363,0.106105,1.208,0.0703409,,6040
forest,517,12,6,0.02,adassp_matched,0.0695858,0.00393,0.0606919,0.0784797,0.0480725,0.107404,1.224,,,
forest,517,12,6,0.02,vfl,0.0616001,0.00379,0.053033,0.0701673,0.0450703,0.0896391,1.084,,0.996,7096
forest,517,12,6,0.02,vfl_uncorrected,0.0622702,0.00378,0.0537181,0.0708224,0.0453165,0.0905993,1.095,,0.996,7096
forest,517,12,6,0.05,trivial,0.0564001,0.00381,0.0477889,0.0650114,0.0458634,0.0823878,0.9921,0.0564035,,
forest,517,12,6,0.05,nonprivate,0.0568516,0.00362,0.0486589,0.0650443,0.0437247,0.081796,1,0.0571316,,
forest,517,12,6,0.05,ssp,392.33,203,-67.3761,852.036,0.194385,855.084,6901,56.3766,,
forest,517,12,6,0.05,adassp,0.0683003,0.00367,0.0599944,0.0766063,0.0472663,0.101208,1.201,0.0700775,,2416
forest,517,12,6,0.05,adassp_matched,0.0691995,0.00381,0.0605739,0.0778252,0.0464957,0.102759,1.217,,,
forest,517,12,6,0.05,vfl,0.0613871,0.00399,0.0523505,0.0704236,0.0453163,0.0922012,1.08,,0.986,3035
forest,517,12,6,0.05,vfl_uncorrected,0.0619963,0.00401,0.0529302,0.0710625,0.0454618,0.093151,1.09,,0.986,3035
forest,517,12,6,0.1,trivial,0.0564001,0.00381,0.0477889,0.0650114,0.0458634,0.0823878,0.9921,0.0564035,,
forest,517,12,6,0.1,nonprivate,0.0568516,0.00362,0.0486589,0.0650443,0.0437247,0.081796,1,0.0571316,,
forest,517,12,6,0.1,ssp,1658.59,1.3e+03,-1270.98,4588.16,0.16481,449.903,2.917e+04,6.14044,,
forest,517,12,6,0.1,adassp,0.0668414,0.00385,0.0581335,0.0755492,0.0459434,0.103063,1.176,0.0726037,,1208
forest,517,12,6,0.1,adassp_matched,0.0686751,0.0036,0.0605215,0.0768288,0.0463432,0.104115,1.208,,,
forest,517,12,6,0.1,vfl,0.0607253,0.00383,0.0520643,0.0693862,0.0450763,0.0918563,1.068,,0.990,1591
forest,517,12,6,0.1,vfl_uncorrected,0.0612612,0.00384,0.0525841,0.0699384,0.0452427,0.0933736,1.078,,0.990,1591
forest,517,12,6,0.2,trivial,0.0564001,0.00381,0.0477889,0.0650114,0.0458634,0.0823878,0.9921,0.0564035,,
forest,517,12,6,0.2,nonprivate,0.0568516,0.00362,0.0486589,0.0650443,0.0437247,0.081796,1,0.0571316,,
forest,517,12,6,0.2,ssp,7095.52,6.89e+03,-8500.5,22691.5,0.116722,245.317,1.248e+05,53.5041,,
forest,517,12,6,0.2,adassp,0.0656216,0.00381,0.0569985,0.0742447,0.0460494,0.0994748,1.154,0.06698,,604
forest,517,12,6,0.2,adassp_matched,0.067545,0.00405,0.0583888,0.0767012,0.0468578,0.107801,1.188,,,
forest,517,12,6,0.2,vfl,0.0609498,0.00374,0.0524907,0.0694089,0.0449775,0.0905632,1.072,,0.998,832
forest,517,12,6,0.2,vfl_uncorrected,0.061488,0.00373,0.0530473,0.0699287,0.0450691,0.0913071,1.082,,0.998,832
forest,517,12,6,0.5,trivial,0.0564001,0.00381,0.0477889,0.0650114,0.0458634,0.0823878,0.9921,0.0564035,,
forest,517,12,6,0.5,nonprivate,0.0568516,0.00362,0.0486589,0.0650443,0.0437247,0.081796,1,0.0571316,,
forest,517,12,6,0.5,ssp,50.1669,23,-1.91617,102.25,0.07209,173.201,882.4,1.38645,,
forest,517,12,6,0.5,adassp,0.0639224,0.00375,0.0554385,0.0724062,0.0458921,0.093903,1.124,0.061781,,241.6
forest,517,12,6,0.5,adassp_matched,0.0656352,0.00398,0.0566207,0.0746497,0.0463703,0.0993314,1.155,,,
forest,517,12,6,0.5,vfl,0.0601026,0.00373,0.0516601,0.0685451,0.0450848,0.0896182,1.057,,0.998,353.1
forest,517,12,6,0.5,vfl_uncorrected,0.0604683,0.00373,0.0520197,0.0689169,0.0451618,0.0900855,1.064,,0.998,353.1
forest,517,12,6,1,trivial,0.0564001,0.00381,0.0477889,0.0650114,0.0458634,0.0823878,0.9921,0.0564035,,
forest,517,12,6,1,nonprivate,0.0568516,0.00362,0.0486589,0.0650443,0.0437247,0.081796,1,0.0571316,,
forest,517,12,6,1,ssp,313.701,304,-373.856,1001.26,0.0543685,39.2163,5518,0.287987,,
forest,517,12,6,1,adassp,0.0609376,0.00384,0.0522572,0.069618,0.045097,0.0935375,1.072,0.0624438,,120.8
forest,517,12,6,1,adassp_matched,0.0636807,0.00367,0.0553757,0.0719857,0.0460113,0.0952145,1.12,,,
forest,517,12,6,1,vfl,0.059026,0.00362,0.0508473,0.0672047,0.0449609,0.0883108,1.038,,1.000,185.1
forest,517,12,6,1,vfl_uncorrected,0.0592512,0.00361,0.0510859,0.0674166,0.0450327,0.0886179,1.042,,1.000,185.1
forest,517,12,6,2,trivial,0.0564001,0.00381,0.0477889,0.0650114,0.0458634,0.0823878,0.9921,0.0564035,,
forest,517,12,6,2,nonprivate,0.0568516,0.00362,0.0486589,0.0650443,0.0437247,0.081796,1,0.0571316,,
forest,517,12,6,2,ssp,3.82471,3.33,-3.71291,11.3623,0.0472144,1.47886,67.28,544.856,,
forest,517,12,6,2,adassp,0.0591902,0.00375,0.0507134,0.0676669,0.0442302,0.0878723,1.041,0.0593195,,60.4
forest,517,12,6,2,adassp_matched,0.061244,0.00369,0.0528914,0.0695965,0.0450719,0.0904699,1.077,,,
forest,517,12,6,2,vfl,0.0585258,0.00367,0.0502278,0.0668237,0.0443575,0.0859163,1.029,,1.000,97.73
forest,517,12,6,2,vfl_uncorrected,0.058662,0.00366,0.0503718,0.0669523,0.0443496,0.0861069,1.032,,1.000,97.73
forest,517,12,6,5,trivial,0.0564001,0.00381,0.0477889,0.0650114,0.0458634,0.0823878,0.9921,0.0564035,,
forest,517,12,6,5,nonprivate,0.0568516,0.00362,0.0486589,0.0650443,0.0437247,0.081796,1,0.0571316,,
forest,517,12,6,5,ssp,0.0583146,0.00369,0.0499599,0.0666694,0.0436149,0.0854942,1.026,0.0596455,,
forest,517,12,6,5,adassp,0.0577019,0.0037,0.0493288,0.0660749,0.0438424,0.0851675,1.015,0.0583515,,24.15
forest,517,12,6,5,adassp_matched,0.0585877,0.00377,0.0500493,0.067126,0.0440212,0.0867365,1.031,,,
forest,517,12,6,5,vfl,0.057457,0.00377,0.0489342,0.0659798,0.0439815,0.0854111,1.011,,1.000,42.94
forest,517,12,6,5,vfl_uncorrected,0.057506,0.00377,0.0489808,0.0660313,0.0439669,0.0854577,1.012,,1.000,42.94
forest,517,12,6,10,trivial,0.0564001,0.00381,0.0477889,0.0650114,0.0458634,0.0823878,0.9921,0.0564035,,
forest,517,12,6,10,nonprivate,0.0568516,0.00362,0.0486589,0.0650443,0.0437247,0.081796,1,0.0571316,,
forest,517,12,6,10,ssp,0.0573062,0.00366,0.0490245,0.065588,0.0436492,0.0835188,1.008,0.0580124,,
forest,517,12,6,10,adassp,0.0570611,0.00367,0.0487695,0.0653527,0.0433935,0.0843432,1.004,0.0572221,,11.93
forest,517,12,6,10,adassp_matched,0.0577237,0.00371,0.0493263,0.066121,0.0439594,0.085241,1.015,,,
forest,517,12,6,10,vfl,0.0569736,0.0036,0.0488223,0.065125,0.0438386,0.0826925,1.002,,1.000,23.71
forest,517,12,6,10,vfl_uncorrected,0.0569935,0.0036,0.0488444,0.0651425,0.0438402,0.0827118,1.002,,1.000,23.71
gas,2565,128,64,0.01,trivial,0.112471,0.00288,0.105957,0.118986,0.100853,0.127971,5.246,0.112471,,
gas,2565,128,64,0.01,nonprivate,0.0214381,0.00138,0.0183124,0.0245639,0.0151925,0.0281517,1,0.0214429,,
gas,2565,128,64,0.01,ssp,966.901,891,-1048.73,2982.53,0.118877,1076.17,4.51e+04,18902.3,,
gas,2565,128,64,0.01,adassp,0.109833,0.00286,0.103372,0.116293,0.0874365,0.137824,5.123,0.107863,,4.907e+04
gas,2565,128,64,0.01,adassp_matched,0.109907,0.00279,0.103598,0.116217,0.0881114,0.136564,5.127,,,
gas,2565,128,64,0.01,vfl,0.110072,0.00294,0.103411,0.116734,0.0878506,0.135563,5.134,,1.000,4.384e+04
gas,2565,128,64,0.01,vfl_uncorrected,0.109954,0.00295,0.103276,0.116633,0.0869503,0.136273,5.129,,1.000,4.384e+04
gas,2565,128,64,0.02,trivial,0.112471,0.00288,0.105957,0.118986,0.100853,0.127971,5.246,0.112471,,
gas,2565,128,64,0.02,nonprivate,0.0214381,0.00138,0.0183124,0.0245639,0.0151925,0.0281517,1,0.0214429,,
gas,2565,128,64,0.02,ssp,98.6272,37.7,13.3243,183.93,0.117854,719.652,4601,9.67931,,
gas,2565,128,64,0.02,adassp,0.106207,0.00303,0.0993595,0.113054,0.082817,0.131677,4.954,0.100637,,2.454e+04
gas,2565,128,64,0.02,adassp_matched,0.10786,0.00282,0.10149,0.11423,0.0853538,0.133601,5.031,,,
gas,2565,128,64,0.02,vfl,0.10613,0.00281,0.0997706,0.112489,0.0841348,0.130044,4.951,,1.000,2.317e+04
gas,2565,128,64,0.02,vfl_uncorrected,0.105785,0.00281,0.0994292,0.112141,0.0830973,0.130285,4.934,,1.000,2.317e+04
gas,2565,128,64,0.05,trivial,0.112471,0.00288,0.105957,0.118986,0.100853,0.127971,5.246,0.112471,,
gas,2565,128,64,0.05,nonprivate,0.0214381,0.00138,0.0183124,0.0245639,0.0151925,0.0281517,1,0.0214429,,
gas,2565,128,64,0.05,ssp,108.584,68.6,-46.6237,263.792,0.0988066,328.709,5065,1202.26,,
gas,2565,128,64,0.05,adassp,0.0973319,0.00243,0.0918275,0.102836,0.0788897,0.119184,4.54,0.0950037,,9814
gas,2565,128,64,0.05,adassp_matched,0.101148,0.00287,0.0946504,0.107645,0.081659,0.129303,4.718,,,
gas,2565,128,64,0.05,vfl,0.0983961,0.00272,0.0922349,0.104557,0.0799362,0.121178,4.59,,1.000,9913
gas,2565,128,64,0.05,vfl_uncorrected,0.0977057,0.00272,0.0915632,0.103848,0.0785181,0.120755,4.558,,1.000,9913
gas,2565,128,64,0.1,trivial,0.112471,0.00288,0.105957,0.118986,0.100853,0.127971,5.246,0.112471,,
gas,2565,128,64,0.1,nonprivate,0.0214381,0.00138,0.0183124,0.0245639,0.0151925,0.0281517,1,0.0214429,,
gas,2565,128,64,0.1,ssp,335.313,126,49.2566,621.369,0.0839657,587.683,1.564e+04,8.83089,,
gas,2565,128,64,0.1,adassp,0.0874579,0.00249,0.0818267,0.093089,0.0709019,0.106834,4.08,0.0890567,,4907
gas,2565,128,64,0.1,adassp_matched,0.0933273,0.00248,0.0877165,0.0989381,0.0757349,0.113152,4.353,,,
gas,2565,128,64,0.1,vfl,0.0888923,0.00251,0.0832092,0.0945754,0.0727813,0.109402,4.146,,1.000,5196
gas,2565,128,64,0.1,vfl_uncorrected,0.0878828,0.00249,0.0822444,0.0935212,0.0714659,0.108535,4.099,,1.000,5196
gas,2565,128,64,0.2,trivial,0.112471,0.00288,0.105957,0.118986,0.100853,0.127971,5.246,0.112471,,
gas,2565,128,64,0.2,nonprivate,0.0214381,0.00138,0.0183124,0.0245639,0.0151925,0.0281517,1,0.0214429,,
gas,2565,128,64,0.2,ssp,114.169,71.5,-47.4845,275.822,0.0733065,218.462,5326,1.56147,,
gas,2565,128,64,0.2,adassp,0.0738164,0.00227,0.0686855,0.0789473,0.0599103,0.090474,3.443,0.0718489,,2454
gas,2565,128,64,0.2,adassp_matched,0.0818136,0.00229,0.0766356,0.0869917,0.0662026,0.0992844,3.816,,,
gas,2565,128,64,0.2,vfl,0.076117,0.00217,0.071208,0.0810259,0.0633886,0.0916347,3.551,,1.000,2717
gas,2565,128,64,0.2,vfl_uncorrected,0.0749178,0.00214,0.0700667,0.0797689,0.0620792,0.0906741,3.495,,1.000,2717
gas,2565,128,64,0.5,trivial,0.112471,0.00288,0.105957,0.118986,0.100853,0.127971,5.246,0.112471,,
gas,2565,128,64,0.5,nonprivate,0.0214381,0.00138,0.0183124,0.0245639,0.0151925,0.0281517,1,0.0214429,,
gas,2565,128,64,0.5,ssp,1677.28,1.54e+03,-1816.26,5170.81,0.0625825,176.494,7.824e+04,0.446754,,
gas,2565,128,64,0.5,adassp,0.056341,0.0018,0.0522719,0.06041,0.0457649,0.0670571,2.628,0.0556836,,981.4
gas,2565,128,64,0.5,adassp_matched,0.0641881,0.00192,0.0598411,0.0685352,0.0524437,0.0772479,2.994,,,
gas,2565,128,64,0.5,vfl,0.0595771,0.00189,0.0553028,0.0638515,0.0483272,0.0698767,2.779,,1.000,1153
gas,2565,128,64,0.5,vfl_uncorrected,0.0585492,0.00186,0.0543338,0.0627645,0.0474079,0.0687215,2.731,,1.000,1153
gas,2565,128,64,1,trivial,0.112471,0.00288,0.105957,0.118986,0.100853,0.127971,5.246,0.112471,,
gas,2565,128,64,1,nonprivate,0.0214381,0.00138,0.0183124,0.0245639,0.0151925,0.0281517,1,0.0214429,,
gas,2565,128,64,1,ssp,313.343,272,-301.497,928.183,0.0496736,131.546,1.462e+04,2.10261,,
gas,2565,128,64,1,adassp,0.0474999,0.00156,0.0439639,0.0510359,0.0390837,0.0552026,2.216,0.0473739,,490.7
gas,2565,128,64,1,adassp_matched,0.0533864,0.00171,0.0495184,0.0572545,0.0431865,0.0628715,2.49,,,
gas,2565,128,64,1,vfl,0.0501835,0.00162,0.0465269,0.05384,0.0414146,0.0583788,2.341,,1.000,604.6
gas,2565,128,64,1,vfl_uncorrected,0.0494879,0.0016,0.0458727,0.053103,0.0408166,0.0576289,2.308,,1.000,604.6
gas,2565,128,64,2,trivial,0.112471,0.00288,0.105957,0.118986,0.100853,0.127971,5.246,0.112471,,
gas,2565,128,64,2,nonprivate,0.0214381,0.00138,0.0183124,0.0245639,0.0151925,0.0281517,1,0.0214429,,
gas,2565,128,64,2,ssp,668.253,630,-757.225,2093.73,0.0473659,149.692,3.117e+04,0.450523,,
gas,2565,128,64,2,adassp,0.0421535,0.00143,0.0389213,0.0453856,0.034796,0.0486414,1.966,0.0421003,,245.4
gas,2565,128,64,2,adassp_matched,0.0459746,0.0015,0.0425724,0.0493767,0.0375956,0.0534533,2.145,,,
gas,2565,128,64,2,vfl,0.0440944,0.00149,0.0407164,0.0474723,0.0360651,0.051076,2.057,,1.000,319.2
gas,2565,128,64,2,vfl_uncorrected,0.0436475,0.00148,0.0402935,0.0470015,0.0356673,0.0505957,2.036,,1.000,319.2
gas,2565,128,64,5,trivial,0.112471,0.00288,0.105957,0.118986,0.100853,0.127971,5.246,0.112471,,
gas,2565,128,64,5,nonprivate,0.0214381,0.00138,0.0183124,0.0245639,0.0151925,0.0281517,1,0.0214429,,
gas,2565,128,64,5,ssp,106.207,97.3,-113.976,326.391,0.0378755,70.0409,4954,0.43306,,
gas,2565,128,64,5,adassp,0.0376842,0.00138,0.0345595,0.0408088,0.030946,0.0440418,1.758,0.037577,,98.14
gas,2565,128,64,5,adassp_matched,0.040414,0.00139,0.0372612,0.0435668,0.0331969,0.0468444,1.885,,,
gas,2565,128,64,5,vfl,0.0394009,0.00138,0.0362711,0.0425306,0.0325845,0.0457699,1.838,,1.000,140.3
gas,2565,128,64,5,vfl_uncorrected,0.0391139,0.00138,0.0359939,0.0422339,0.0323052,0.0454546,1.825,,1.000,140.3
gas,2565,128,64,10,trivial,0.112471,0.00288,0.105957,0.118986,0.100853,0.127971,5.246,0.112471,,
gas,2565,128,64,10,nonprivate,0.0214381,0.00138,0.0183124,0.0245639,0.0151925,0.0281517,1,0.0214429,,
gas,2565,128,64,10,ssp,1721.37,1.27e+03,-1145.28,4588.02,0.0329455,51.6985,8.029e+04,202.703,,
gas,2565,128,64,10,adassp,0.0350626,0.00137,0.0319606,0.0381646,0.0287501,0.0415938,1.636,0.0351334,,49.07
gas,2565,128,64,10,adassp_matched,0.0376852,0.00138,0.0345688,0.0408016,0.0309284,0.0440737,1.758,,,
gas,2565,128,64,10,vfl,0.0368747,0.00137,0.0337673,0.0399821,0.0303501,0.0433427,1.72,,1.000,77.43
gas,2565,128,64,10,vfl_uncorrected,0.0366331,0.00137,0.0335273,0.0397388,0.0301167,0.0431192,1.709,,1.000,77.43
housing,506,13,6,0.01,trivial,0.111957,0.0106,0.0879513,0.135963,0.0759435,0.181,2.824,0.112005,,
housing,506,13,6,0.01,nonprivate,0.0396418,0.00544,0.0273456,0.051938,0.0246031,0.0748098,1,0.0393513,,
housing,506,13,6,0.01,ssp,1928.67,1.61e+03,-1713.31,5570.65,0.159152,1925.24,4.865e+04,54.2694,,
housing,506,13,6,0.01,adassp,0.120847,0.00981,0.0986526,0.143042,0.065133,0.208585,3.048,0.117723,,1.269e+04
housing,506,13,6,0.01,adassp_matched,0.12483,0.01,0.102151,0.147509,0.0626128,0.231986,3.149,,,
housing,506,13,6,0.01,vfl,0.115196,0.0109,0.0905516,0.139841,0.0619298,0.207102,2.906,,0.984,1.397e+04
housing,506,13,6,0.01,vfl_uncorrected,0.115832,0.0109,0.0910906,0.140574,0.0613019,0.208887,2.922,,0.984,1.397e+04
housing,506,13,6,0.02,trivial,0.111957,0.0106,0.0879513,0.135963,0.0759435,0.181,2.824,0.112005,,
housing,506,13,6,0.02,nonprivate,0.0396418,0.00544,0.0273456,0.051938,0.0246031,0.0748098,1,0.0393513,,
housing,506,13,6,0.02,ssp,3896.81,3.3e+03,-3571.19,11364.8,0.222932,539.431,9.83e+04,2.45147,,
housing,506,13,6,0.02,adassp,0.117212,0.00965,0.0953831,0.139041,0.0617478,0.205898,2.957,0.113705,,6345
housing,506,13,6,0.02,adassp_matched,0.119737,0.00996,0.0972107,0.142263,0.0586058,0.225858,3.02,,,
housing,506,13,6,0.02,vfl,0.113404,0.0104,0.0899542,0.136853,0.0635418,0.191893,2.861,,0.984,7386
housing,506,13,6,0.02,vfl_uncorrected,0.113879,0.0103,0.0904706,0.137287,0.0627091,0.193508,2.873,,0.984,7386
housing,506,13,6,0.05,trivial,0.111957,0.0106,0.0879513,0.135963,0.0759435,0.181,2.824,0.112005,,
housing,506,13,6,0.05,nonprivate,0.0396418,0.00544,0.0273456,0.051938,0.0246031,0.0748098,1,0.0393513,,
housing,506,13,6,0.05,ssp,1919.73,1.73e+03,-2005.08,5844.55,0.177112,695.44,4.843e+04,0.626155,,
housing,506,13,6,0.05,adassp,0.114254,0.0102,0.0911554,0.137354,0.0565992,0.204368,2.882,0.114222,,2538
housing,506,13,6,0.05,adassp_matched,0.121535,0.0104,0.0979001,0.14517,0.0613603,0.221214,3.066,,,
housing,506,13,6,0.05,vfl,0.111794,0.0105,0.08811,0.135479,0.0587859,0.196555,2.82,,0.984,3159
housing,506,13,6,0.05,vfl_uncorrected,0.112116,0.0105,0.0884433,0.135789,0.0587749,0.198195,2.828,,0.984,3159
housing,506,13,6,0.1,trivial,0.111957,0.0106,0.0879513,0.135963,0.0759435,0.181,2.824,0.112005,,
housing,506,13,6,0.1,nonprivate,0.0396418,0.00544,0.0273456,0.051938,0.0246031,0.0748098,1,0.0393513,,
housing,506,13,6,0.1,ssp,353.995,177,-46.1789,754.169,0.16099,1247.74,8930,24.0117,,
housing,506,13,6,0.1,adassp,0.110555,0.0105,0.0867584,0.134352,0.0548106,0.203423,2.789,0.0985106,,1269
housing,506,13,6,0.1,adassp_matched,0.113382,0.00995,0.0908776,0.135886,0.0561126,0.200743,2.86,,,
housing,506,13,6,0.1,vfl,0.10745,0.0102,0.0844039,0.130495,0.0580754,0.186782,2.711,,0.984,1656
housing,506,13,6,0.1,vfl_uncorrected,0.107551,0.0102,0.0845749,0.130527,0.0571343,0.186958,2.713,,0.984,1656
housing,506,13,6,0.2,trivial,0.111957,0.0106,0.0879513,0.135963,0.0759435,0.181,2.824,0.112005,,
housing,506,13,6,0.2,nonprivate,0.0396418,0.00544,0.0273456,0.051938,0.0246031,0.0748098,1,0.0393513,,
housing,506,13,6,0.2,ssp,4070.28,2.84e+03,-2349.06,10489.6,0.115083,710.574,1.027e+05,1.62834,,
housing,506,13,6,0.2,adassp,0.0995852,0.00977,0.0774786,0.121692,0.0511051,0.180134,2.512,0.0952975,,634.5
housing,506,13,6,0.2,adassp_matched,0.106708,0.0097,0.0847687,0.128648,0.0533795,0.189301,2.692,,,
housing,506,13,6,0.2,vfl,0.103142,0.0101,0.0802493,0.126035,0.0589502,0.183099,2.602,,0.990,866
housing,506,13,6,0.2,vfl_uncorrected,0.10306,0.0101,0.0802012,0.125919,0.0582354,0.182905,2.6,,0.990,866
housing,506,13,6,0.5,trivial,0.111957,0.0106,0.0879513,0.135963,0.0759435,0.181,2.824,0.112005,,
housing,506,13,6,0.5,nonprivate,0.0396418,0.00544,0.0273456,0.051938,0.0246031,0.0748098,1,0.0393513,,
housing,506,13,6,0.5,ssp,39065.2,3.9e+04,-49099.9,127230,0.0801734,311.824,9.855e+05,0.52822,,
housing,506,13,6,0.5,adassp,0.0847077,0.00921,0.0638627,0.105553,0.0433046,0.156621,2.137,0.08883,,253.8
housing,506,13,6,0.5,adassp_matched,0.0931819,0.00928,0.0721817,0.114182,0.0494827,0.165362,2.351,,,
housing,506,13,6,0.5,vfl,0.0887664,0.00909,0.0682018,0.109331,0.0497909,0.155956,2.239,,1.000,367.5
housing,506,13,6,0.5,vfl_uncorrected,0.0882397,0.00904,0.0677964,0.108683,0.0489842,0.155463,2.226,,1.000,367.5
housing,506,13,6,1,trivial,0.111957,0.0106,0.0879513,0.135963,0.0759435,0.181,2.824,0.112005,,
housing,506,13,6,1,nonprivate,0.0396418,0.00544,0.0273456,0.051938,0.0246031,0.0748098,1,0.0393513,,
housing,506,13,6,1,ssp,6.07997,1.71,2.20831,9.95162,0.0451549,40.0671,153.4,6.3515,,
housing,506,13,6,1,adassp,0.0712786,0.00863,0.0517483,0.0908088,0.0372067,0.131365,1.798,0.0679921,,126.9
housing,506,13,6,1,adassp_matched,0.0819322,0.00908,0.0613828,0.102482,0.042889,0.148526,2.067,,,
housing,506,13,6,1,vfl,0.0779012,0.00878,0.0580303,0.0977721,0.0432597,0.138057,1.965,,1.000,192.7
housing,506,13,6,1,vfl_uncorrected,0.0773139,0.00873,0.057556,0.0970718,0.0428268,0.137317,1.95,,1.000,192.7
housing,506,13,6,2,trivial,0.111957,0.0106,0.0879513,0.135963,0.0759435,0.181,2.824,0.112005,,
housing,506,13,6,2,nonprivate,0.0396418,0.00544,0.0273456,0.051938,0.0246031,0.0748098,1,0.0393513,,
housing,506,13,6,2,ssp,0.649428,0.33,-0.0960155,1.39487,0.0274648,0.975102,16.38,0.193258,,
housing,506,13,6,2,adassp,0.0588857,0.00793,0.0409382,0.0768331,0.0317612,0.113605,1.485,0.0575978,,63.45
housing,506,13,6,2,adassp_matched,0.0681686,0.00818,0.0496752,0.0866621,0.0376033,0.128183,1.72,,,
housing,506,13,6,2,vfl,0.0656708,0.00825,0.0470112,0.0843304,0.036926,0.119924,1.657,,0.998,101.7
housing,506,13,6,2,vfl_uncorrected,0.0651297,0.0082,0.0465713,0.0836882,0.0366863,0.119286,1.643,,0.998,101.7
housing,506,13,6,5,trivial,0.111957,0.0106,0.0879513,0.135963,0.0759435,0.181,2.824,0.112005,,
housing,506,13,6,5,nonprivate,0.0396418,0.00544,0.0273456,0.051938,0.0246031,0.0748098,1,0.0393513,,
housing,506,13,6,5,ssp,0.0418923,0.00541,0.0296653,0.0541193,0.0240182,0.0798094,1.057,0.0417646,,
housing,506,13,6,5,adassp,0.0477154,0.00705,0.0317579,0.063673,0.0270477,0.0953374,1.204,0.0478947,,25.36
housing,506,13,6,5,adassp_matched,0.0554809,0.00777,0.0378944,0.0730674,0.0299263,0.109783,1.4,,,
housing,506,13,6,5,vfl,0.0530301,0.00749,0.0360795,0.0699807,0.0301397,0.102709,1.338,,1.000,44.7
housing,506,13,6,5,vfl_uncorrected,0.0527064,0.00745,0.0358454,0.0695675,0.0298255,0.102357,1.33,,1.000,44.7
housing,506,13,6,10,trivial,0.111957,0.0106,0.0879513,0.135963,0.0759435,0.181,2.824,0.112005,,
housing,506,13,6,10,nonprivate,0.0396418,0.00544,0.0273456,0.051938,0.0246031,0.0748098,1,0.0393513,,
housing,506,13,6,10,ssp,0.0401023,0.00545,0.0277689,0.0524357,0.0236293,0.0768096,1.012,0.0399121,,
housing,506,13,6,10,adassp,0.0432781,0.00652,0.0285392,0.058017,0.0245862,0.0877828,1.092,0.0437941,,12.47
housing,506,13,6,10,adassp_matched,0.0482743,0.00714,0.0321337,0.0644149,0.0267511,0.0990545,1.218,,,
housing,506,13,6,10,vfl,0.0467729,0.00709,0.0307256,0.0628203,0.02679,0.0926618,1.18,,1.000,24.68
housing,506,13,6,10,vfl_uncorrected,0.046605,0.00706,0.0306237,0.0625864,0.0267131,0.0924073,1.176,,1.000,24.68
kin40k,40000,8,4,0.01,trivial,0.0633621,0.000631,0.0619341,0.0647902,0.060643,0.065857,1.002,0.0633621,,
kin40k,40000,8,4,0.01,nonprivate,0.0632479,0.000642,0.0617951,0.0647007,0.0604955,0.0659323,1,0.0632474,,
kin40k,40000,8,4,0.01,ssp,0.0711451,0.000726,0.0695017,0.0727885,0.0637655,0.0819707,1.125,0.0710528,,
kin40k,40000,8,4,0.01,adassp,0.072234,0.00067,0.0707193,0.0737486,0.0639807,0.0849726,1.142,0.074789,,9057
kin40k,40000,8,4,0.01,adassp_matched,0.0749652,0.000503,0.0738271,0.0761033,0.0646522,0.0928209,1.185,,,
kin40k,40000,8,4,0.01,vfl,0.0672297,0.000575,0.0659286,0.0685308,0.0624814,0.0727274,1.063,,1.000,1.096e+04
kin40k,40000,8,4,0.01,vfl_uncorrected,0.0674467,0.000571,0.0661546,0.0687387,0.0625526,0.0731526,1.066,,1.000,1.096e+04
kin40k,40000,8,4,0.02,trivial,0.0633621,0.000631,0.0619341,0.0647902,0.060643,0.065857,1.002,0.0633621,,
kin40k,40000,8,4,0.02,nonprivate,0.0632479,0.000642,0.0617951,0.0647007,0.0604955,0.0659323,1,0.0632474,,
kin40k,40000,8,4,0.02,ssp,0.0652122,0.000643,0.0637576,0.0666667,0.0614463,0.0690448,1.031,0.0649199,,
kin40k,40000,8,4,0.02,adassp,0.0709772,0.000617,0.069581,0.0723733,0.0636362,0.0820123,1.122,0.0715474,,2634
kin40k,40000,8,4,0.02,adassp_matched,0.0751219,0.00067,0.0736066,0.0766372,0.064595,0.0979593,1.188,,,
kin40k,40000,8,4,0.02,vfl,0.0658394,0.000626,0.0644233,0.0672554,0.0617329,0.0703721,1.041,,1.000,5794
kin40k,40000,8,4,0.02,vfl_uncorrected,0.0659225,0.000626,0.0645072,0.0673378,0.0617532,0.0705415,1.042,,1.000,5794
kin40k,40000,8,4,0.05,trivial,0.0633621,0.000631,0.0619341,0.0647902,0.060643,0.065857,1.002,0.0633621,,
kin40k,40000,8,4,0.05,nonprivate,0.0632479,0.000642,0.0617951,0.0647007,0.0604955,0.0659323,1,0.0632474,,
kin40k,40000,8,4,0.05,ssp,0.0635379,0.000642,0.0620857,0.0649902,0.0606519,0.0663129,1.005,0.0635176,,
kin40k,40000,8,4,0.05,adassp,0.0660963,0.000668,0.0645843,0.0676084,0.0618135,0.0706225,1.045,0.066961,,0
kin40k,40000,8,4,0.05,adassp_matched,0.0691883,0.000627,0.0677698,0.0706067,0.063105,0.0774694,1.094,,,
kin40k,40000,8,4,0.05,vfl,0.0642209,0.000623,0.0628112,0.0656306,0.0611544,0.0675633,1.015,,1.000,2478
kin40k,40000,8,4,0.05,vfl_uncorrected,0.0642324,0.000623,0.062823,0.0656419,0.0611616,0.0675875,1.016,,1.000,2478
kin40k,40000,8,4,0.1,trivial,0.0633621,0.000631,0.0619341,0.0647902,0.060643,0.065857,1.002,0.0633621,,
kin40k,40000,8,4,0.1,nonprivate,0.0632479,0.000642,0.0617951,0.0647007,0.0604955,0.0659323,1,0.0632474,,
kin40k,40000,8,4,0.1,ssp,0.0633184,0.000644,0.0618609,0.0647758,0.0605168,0.0660881,1.001,0.0633428,,
kin40k,40000,8,4,0.1,adassp,0.0639558,0.000643,0.0625009,0.0654108,0.0609512,0.0669265,1.011,0.0639298,,0
kin40k,40000,8,4,0.1,adassp_matched,0.0646763,0.000641,0.0632254,0.0661273,0.0613122,0.0680637,1.023,,,
kin40k,40000,8,4,0.1,vfl,0.0636285,0.000648,0.0621623,0.0650947,0.0606811,0.0664547,1.006,,1.000,1299
kin40k,40000,8,4,0.1,vfl_uncorrected,0.0636302,0.000648,0.0621639,0.0650965,0.060682,0.0664572,1.006,,1.000,1299
kin40k,40000,8,4,0.2,trivial,0.0633621,0.000631,0.0619341,0.0647902,0.060643,0.065857,1.002,0.0633621,,
kin40k,40000,8,4,0.2,nonprivate,0.0632479,0.000642,0.0617951,0.0647007,0.0604955,0.0659323,1,0.0632474,,
kin40k,40000,8,4,0.2,ssp,0.0632676,0.000642,0.0618151,0.0647201,0.0605102,0.0659893,1,0.0632676,,
kin40k,40000,8,4,0.2,adassp,0.063422,0.000642,0.0619699,0.0648742,0.0605934,0.0662233,1.003,0.063419,,0
kin40k,40000,8,4,0.2,adassp_matched,0.0636601,0.000642,0.0622071,0.0651131,0.0607512,0.0664985,1.007,,,
kin40k,40000,8,4,0.2,vfl,0.0633758,0.000641,0.0619248,0.0648268,0.0605469,0.0661007,1.002,,1.000,679.4
kin40k,40000,8,4,0.2,vfl_uncorrected,0.063376,0.000641,0.061925,0.064827,0.0605472,0.0661012,1.002,,1.000,679.4
kin40k,40000,8,4,0.5,trivial,0.0633621,0.000631,0.0619341,0.0647902,0.060643,0.065857,1.002,0.0633621,,
kin40k,40000,8,4,0.5,nonprivate,0.0632479,0.000642,0.0617951,0.0647007,0.0604955,0.0659323,1,0.0632474,,
kin40k,40000,8,4,0.5,ssp,0.0632506,0.000642,0.0617989,0.0647023,0.0604936,0.0659497,1,0.0632489,,
kin40k,40000,8,4,0.5,adassp,0.0632773,0.000642,0.0618244,0.0647301,0.0604996,0.0659926,1,0.0632582,,0
kin40k,40000,8,4,0.5,adassp_matched,0.0633181,0.000641,0.0618671,0.064769,0.0605314,0.0660681,1.001,,,
kin40k,40000,8,4,0.5,vfl,0.0632762,0.000642,0.0618241,0.0647282,0.0604998,0.0659913,1,,1.000,288.3
kin40k,40000,8,4,0.5,vfl_uncorrected,0.0632762,0.000642,0.0618241,0.0647283,0.0604998,0.0659914,1,,1.000,288.3
kin40k,40000,8,4,1,trivial,0.0633621,0.000631,0.0619341,0.0647902,0.060643,0.065857,1.002,0.0633621,,
kin40k,40000,8,4,1,nonprivate,0.0632479,0.000642,0.0617951,0.0647007,0.0604955,0.0659323,1,0.0632474,,
kin40k,40000,8,4,1,ssp,0.0632486,0.000642,0.0617964,0.0647009,0.0604939,0.0659388,1,0.0632423,,
kin40k,40000,8,4,1,adassp,0.0632556,0.000642,0.0618033,0.0647079,0.060493,0.0659539,1,0.0632479,,0
kin40k,40000,8,4,1,adassp_matched,0.0632643,0.000642,0.0618117,0.0647169,0.0605075,0.0659648,1,,,
kin40k,40000,8,4,1,vfl,0.0632563,0.000641,0.0618053,0.0647074,0.0604931,0.0659428,1,,1.000,151.1
kin40k,40000,8,4,1,vfl_uncorrected,0.0632563,0.000641,0.0618053,0.0647074,0.0604931,0.0659428,1,,1.000,151.1
kin40k,40000,8,4,2,trivial,0.0633621,0.000631,0.0619341,0.0647902,0.060643,0.065857,1.002,0.0633621,,
kin40k,40000,8,4,2,nonprivate,0.0632479,0.000642,0.0617951,0.0647007,0.0604955,0.0659323,1,0.0632474,,
kin40k,40000,8,4,2,ssp,0.0632481,0.000642,0.0617953,0.0647009,0.0604937,0.0659359,1,0.0632479,,
kin40k,40000,8,4,2,adassp,0.063249,0.000642,0.0617957,0.0647022,0.0604923,0.0659435,1,0.0632497,,0
kin40k,40000,8,4,2,adassp_matched,0.0632536,0.000642,0.0618004,0.0647068,0.0604934,0.0659596,1,,,
kin40k,40000,8,4,2,vfl,0.0632505,0.000642,0.0617984,0.0647027,0.0604918,0.0659438,1,,1.000,79.8
kin40k,40000,8,4,2,vfl_uncorrected,0.0632505,0.000642,0.0617984,0.0647027,0.0604918,0.0659438,1,,1.000,79.8
kin40k,40000,8,4,5,trivial,0.0633621,0.000631,0.0619341,0.0647902,0.060643,0.065857,1.002,0.0633621,,
kin40k,40000,8,4,5,nonprivate,0.0632479,0.000642,0.0617951,0.0647007,0.0604955,0.0659323,1,0.0632474,,
kin40k,40000,8,4,5,ssp,0.0632479,0.000642,0.0617952,0.0647007,0.0604947,0.0659337,1,0.0632475,,
kin40k,40000,8,4,5,adassp,0.0632479,0.000642,0.0617953,0.0647004,0.0604947,0.0659353,1,0.0632494,,0
kin40k,40000,8,4,5,adassp_matched,0.0632494,0.000642,0.0617962,0.0647026,0.0604937,0.0659424,1,,,
kin40k,40000,8,4,5,vfl,0.0632483,0.000642,0.0617956,0.0647011,0.0604937,0.0659366,1,,1.000,35.06
kin40k,40000,8,4,5,vfl_uncorrected,0.0632483,0.000642,0.0617956,0.0647011,0.0604937,0.0659366,1,,1.000,35.06
kin40k,40000,8,4,10,trivial,0.0633621,0.000631,0.0619341,0.0647902,0.060643,0.065857,1.002,0.0633621,,
kin40k,40000,8,4,10,nonprivate,0.0632479,0.000642,0.0617951,0.0647007,0.0604955,0.0659323,1,0.0632474,,
kin40k,40000,8,4,10,ssp,0.0632479,0.000642,0.0617951,0.0647007,0.060495,0.0659326,1,0.0632473,,
kin40k,40000,8,4,10,adassp,0.0632478,0.000642,0.0617952,0.0647005,0.0604949,0.065934,1,0.0632457,,0
kin40k,40000,8,4,10,adassp_matched,0.0632482,0.000642,0.0617955,0.064701,0.0604943,0.065937,1,,,
kin40k,40000,8,4,10,vfl,0.063248,0.000642,0.0617953,0.0647007,0.0604945,0.0659347,1,,1.000,19.36
kin40k,40000,8,4,10,vfl_uncorrected,0.063248,0.000642,0.0617953,0.0647007,0.0604945,0.0659347,1,,1.000,19.36
machine,209,7,3,0.01,trivial,0.120631,0.0109,0.0959032,0.145358,0.0676669,0.180499,3.051,0.120827,,
machine,209,7,3,0.01,nonprivate,0.0395443,0.00474,0.0288265,0.050262,0.0217496,0.0649933,1,0.0394815,,
machine,209,7,3,0.01,ssp,663.073,515,-502.059,1828.21,0.168231,565.963,1.677e+04,3.33842,,
machine,209,7,3,0.01,adassp,0.147338,0.0109,0.122607,0.17207,0.0457788,0.347792,3.726,0.189934,,8634
machine,209,7,3,0.01,adassp_matched,0.142755,0.0111,0.117615,0.167895,0.0419341,0.333361,3.61,,,
machine,209,7,3,0.01,vfl,0.128274,0.0108,0.103749,0.152799,0.0487903,0.235726,3.244,,0.978,1.025e+04
machine,209,7,3,0.01,vfl_uncorrected,0.129544,0.0109,0.104978,0.15411,0.0478746,0.240297,3.276,,0.978,1.025e+04
machine,209,7,3,0.02,trivial,0.120631,0.0109,0.0959032,0.145358,0.0676669,0.180499,3.051,0.120827,,
machine,209,7,3,0.02,nonprivate,0.0395443,0.00474,0.0288265,0.050262,0.0217496,0.0649933,1,0.0394815,,
machine,209,7,3,0.02,ssp,1130.22,769,-608.82,2869.25,0.149427,932.071,2.858e+04,4.32264,,
machine,209,7,3,0.02,adassp,0.139317,0.0117,0.112779,0.165856,0.0431212,0.314649,3.523,0.12907,,4317
machine,209,7,3,0.02,adassp_matched,0.152153,0.0118,0.125571,0.178734,0.0430716,0.355894,3.848,,,
machine,209,7,3,0.02,vfl,0.128512,0.00984,0.106242,0.150783,0.0484914,0.226728,3.25,,0.970,5419
machine,209,7,3,0.02,vfl_uncorrected,0.12981,0.0098,0.107652,0.151968,0.0468245,0.234854,3.283,,0.970,5419
machine,209,7,3,0.05,trivial,0.120631,0.0109,0.0959032,0.145358,0.0676669,0.180499,3.051,0.120827,,
machine,209,7,3,0.05,nonprivate,0.0395443,0.00474,0.0288265,0.050262,0.0217496,0.0649933,1,0.0394815,,
machine,209,7,3,0.05,ssp,1167.08,824,-696.784,3030.94,0.111914,990.281,2.951e+04,4.47411,,
machine,209,7,3,0.05,adassp,0.135931,0.0121,0.108485,0.163377,0.0395941,0.310288,3.437,0.134965,,1727
machine,209,7,3,0.05,adassp_matched,0.143125,0.012,0.11588,0.17037,0.0401613,0.344952,3.619,,,
machine,209,7,3,0.05,vfl,0.12368,0.0105,0.0998544,0.147506,0.0464871,0.225803,3.128,,0.990,2318
machine,209,7,3,0.05,vfl_uncorrected,0.124672,0.0105,0.100859,0.148485,0.045347,0.23147,3.153,,0.990,2318
machine,209,7,3,0.1,trivial,0.120631,0.0109,0.0959032,0.145358,0.0676669,0.180499,3.051,0.120827,,
machine,209,7,3,0.1,nonprivate,0.0395443,0.00474,0.0288265,0.050262,0.0217496,0.0649933,1,0.0394815,,
machine,209,7,3,0.1,ssp,315.752,146,-14.203,645.707,0.129205,768.843,7985,8.94935,,
machine,209,7,3,0.1,adassp,0.129538,0.0116,0.103366,0.155709,0.0385844,0.284504,3.276,0.127605,,863.4
machine,209,7,3,0.1,adassp_matched,0.132037,0.01,0.109368,0.154705,0.0391951,0.300165,3.339,,,
machine,209,7,3,0.1,vfl,0.121476,0.0114,0.0957596,0.147193,0.0466901,0.2166,3.072,,0.992,1215
machine,209,7,3,0.1,vfl_uncorrected,0.12221,0.0114,0.0964688,0.147952,0.0446405,0.226413,3.09,,0.992,1215
machine,209,7,3,0.2,trivial,0.120631,0.0109,0.0959032,0.145358,0.0676669,0.180499,3.051,0.120827,,
machine,209,7,3,0.2,nonprivate,0.0395443,0.00474,0.0288265,0.050262,0.0217496,0.0649933,1,0.0394815,,
machine,209,7,3,0.2,ssp,89.3656,40,-1.21009,179.941,0.102782,318.876,2260,25.6231,,
machine,209,7,3,0.2,adassp,0.117221,0.0107,0.0930677,0.141374,0.0407246,0.250992,2.964,0.108769,,431.6
machine,209,7,3,0.2,adassp_matched,0.128096,0.0107,0.103791,0.1524,0.043535,0.284305,3.239,,,
machine,209,7,3,0.2,vfl,0.110713,0.00967,0.0888363,0.132589,0.040473,0.198629,2.8,,0.986,635.5
machine,209,7,3,0.2,vfl_uncorrected,0.110848,0.0096,0.0891353,0.13256,0.0394477,0.200154,2.803,,0.986,635.5
machine,209,7,3,0.5,trivial,0.120631,0.0109,0.0959032,0.145358,0.0676669,0.180499,3.051,0.120827,,
machine,209,7,3,0.5,nonprivate,0.0395443,0.00474,0.0288265,0.050262,0.0217496,0.0649933,1,0.0394815,,
machine,209,7,3,0.5,ssp,10211.7,6.9e+03,-5404.27,25827.7,0.0512286,305.314,2.582e+05,2.95922,,
machine,209,7,3,0.5,adassp,0.0894589,0.009,0.0691072,0.109811,0.0319124,0.183979,2.262,0.0860367,,172.7
machine,209,7,3,0.5,adassp_matched,0.104308,0.00887,0.0842367,0.124379,0.0358743,0.208221,2.638,,,
machine,209,7,3,0.5,vfl,0.0919902,0.00982,0.0697814,0.114199,0.0362799,0.176239,2.326,,1.000,269.7
machine,209,7,3,0.5,vfl_uncorrected,0.0914583,0.00975,0.0694129,0.113504,0.0354736,0.178681,2.313,,1.000,269.7
machine,209,7,3,1,trivial,0.120631,0.0109,0.0959032,0.145358,0.0676669,0.180499,3.051,0.120827,,
machine,209,7,3,1,nonprivate,0.0395443,0.00474,0.0288265,0.050262,0.0217496,0.0649933,1,0.0394815,,
machine,209,7,3,1,ssp,89.4836,68,-64.272,243.239,0.0362591,97.0764,2263,2.87647,,
machine,209,7,3,1,adassp,0.0697545,0.00775,0.0522284,0.0872807,0.028476,0.134557,1.764,0.067421,,86.34
machine,209,7,3,1,adassp_matched,0.0865281,0.00869,0.0668717,0.106185,0.0313358,0.174462,2.188,,,
machine,209,7,3,1,vfl,0.0767059,0.00862,0.0571959,0.0962158,0.0314972,0.136341,1.94,,1.000,141.4
machine,209,7,3,1,vfl_uncorrected,0.0760484,0.00854,0.0567237,0.095373,0.0310057,0.135262,1.923,,1.000,141.4
machine,209,7,3,2,trivial,0.120631,0.0109,0.0959032,0.145358,0.0676669,0.180499,3.051,0.120827,,
machine,209,7,3,2,nonprivate,0.0395443,0.00474,0.0288265,0.050262,0.0217496,0.0649933,1,0.0394815,,
machine,209,7,3,2,ssp,65.9934,65.5,-82.2056,214.192,0.0264547,2.71134,1669,0.0560765,,
machine,209,7,3,2,adassp,0.0560356,0.00679,0.0406805,0.0713907,0.0235326,0.0978345,1.417,0.0575582,,43.16
machine,209,7,3,2,adassp_matched,0.0678732,0.00686,0.0523555,0.0833909,0.0279031,0.122206,1.716,,,
machine,209,7,3,2,vfl,0.062764,0.00756,0.0456526,0.0798754,0.0249273,0.108674,1.587,,1.000,74.65
machine,209,7,3,2,vfl_uncorrected,0.0622493,0.0075,0.0452899,0.0792087,0.0252421,0.10784,1.574,,1.000,74.65
machine,209,7,3,5,trivial,0.120631,0.0109,0.0959032,0.145358,0.0676669,0.180499,3.051,0.120827,,
machine,209,7,3,5,nonprivate,0.0395443,0.00474,0.0288265,0.050262,0.0217496,0.0649933,1,0.0394815,,
machine,209,7,3,5,ssp,0.0430649,0.0053,0.0310731,0.0550566,0.0216452,0.0759866,1.089,0.0379079,,
machine,209,7,3,5,adassp,0.045757,0.00556,0.0331746,0.0583393,0.0206079,0.0743873,1.157,0.0479113,,17.27
machine,209,7,3,5,adassp_matched,0.0520692,0.00618,0.0380937,0.0660447,0.0229605,0.0915173,1.317,,,
machine,209,7,3,5,vfl,0.0494158,0.00628,0.0352137,0.0636179,0.0210849,0.0838064,1.25,,1.000,32.8
machine,209,7,3,5,vfl_uncorrected,0.0492175,0.00623,0.0351184,0.0633166,0.02104,0.0834103,1.245,,1.000,32.8
machine,209,7,3,10,trivial,0.120631,0.0109,0.0959032,0.145358,0.0676669,0.180499,3.051,0.120827,,
machine,209,7,3,10,nonprivate,0.0395443,0.00474,0.0288265,0.050262,0.0217496,0.0649933,1,0.0394815,,
machine,209,7,3,10,ssp,0.0400922,0.00478,0.0292839,0.0509005,0.0213696,0.0685759,1.014,0.0385667,,
machine,209,7,3,10,adassp,0.0423119,0.00518,0.030588,0.0540358,0.0203375,0.0683143,1.07,0.042246,,8.582
machine,209,7,3,10,adassp_matched,0.0460741,0.00558,0.0334565,0.0586918,0.0213665,0.0774033,1.165,,,
machine,209,7,3,10,vfl,0.044935,0.00562,0.0322154,0.0576547,0.0209664,0.0714057,1.136,,1.000,18.11
machine,209,7,3,10,vfl_uncorrected,0.044871,0.0056,0.0322029,0.057539,0.020982,0.0714597,1.135,,1.000,18.11
parkinsons,5875,20,10,0.01,trivial,0.169694,0.00257,0.163882,0.175507,0.156173,0.179648,1.328,0.169694,,
parkinsons,5875,20,10,0.01,nonprivate,0.12781,0.00143,0.12458,0.131041,0.11894,0.133232,1,0.12783,,
parkinsons,5875,20,10,0.01,ssp,2994.45,2.88e+03,-3529.21,9518.11,0.267848,1009.25,2.343e+04,13.6091,,
parkinsons,5875,20,10,0.01,adassp,0.17262,0.00247,0.167035,0.178204,0.149091,0.198637,1.351,0.168951,,1.649e+04
parkinsons,5875,20,10,0.01,adassp_matched,0.173628,0.00254,0.16788,0.179375,0.148813,0.202393,1.358,,,
parkinsons,5875,20,10,0.01,vfl,0.170545,0.00266,0.164539,0.176552,0.150475,0.190247,1.334,,0.996,1.733e+04
parkinsons,5875,20,10,0.01,vfl_uncorrected,0.170794,0.00266,0.164767,0.176822,0.150451,0.190729,1.336,,0.996,1.733e+04
parkinsons,5875,20,10,0.02,trivial,0.169694,0.00257,0.163882,0.175507,0.156173,0.179648,1.328,0.169694,,
parkinsons,5875,20,10,0.02,nonprivate,0.12781,0.00143,0.12458,0.131041,0.11894,0.133232,1,0.12783,,
parkinsons,5875,20,10,0.02,ssp,890.814,836,-1001.08,2782.71,0.250481,233.464,6970,114.429,,
parkinsons,5875,20,10,0.02,adassp,0.169758,0.00259,0.163906,0.175609,0.147385,0.191221,1.328,0.170764,,8245
parkinsons,5875,20,10,0.02,adassp_matched,0.171371,0.00248,0.165768,0.176974,0.148802,0.199418,1.341,,,
parkinsons,5875,20,10,0.02,vfl,0.167391,0.00261,0.161484,0.173298,0.148184,0.187333,1.31,,0.998,9161
parkinsons,5875,20,10,0.02,vfl_uncorrected,0.16748,0.00261,0.16157,0.17339,0.148042,0.188078,1.31,,0.998,9161
parkinsons,5875,20,10,0.05,trivial,0.169694,0.00257,0.163882,0.175507,0.156173,0.179648,1.328,0.169694,,
parkinsons,5875,20,10,0.05,nonprivate,0.12781,0.00143,0.12458,0.131041,0.11894,0.133232,1,0.12783,,
parkinsons,5875,20,10,0.05,ssp,2652.68,2.15e+03,-2204.02,7509.37,0.181035,178.333,2.075e+04,1.51398,,
parkinsons,5875,20,10,0.05,adassp,0.162115,0.00246,0.156549,0.167682,0.142633,0.183231,1.268,0.162463,,3298
parkinsons,5875,20,10,0.05,adassp_matched,0.165412,0.00257,0.159606,0.171219,0.14375,0.189073,1.294,,,
parkinsons,5875,20,10,0.05,vfl,0.162214,0.00248,0.156612,0.167816,0.144138,0.178999,1.269,,0.998,3919
parkinsons,5875,20,10,0.05,vfl_uncorrected,0.162104,0.00247,0.156514,0.167695,0.14374,0.179287,1.268,,0.998,3919
parkinsons,5875,20,10,0.1,trivial,0.169694,0.00257,0.163882,0.175507,0.156173,0.179648,1.328,0.169694,,
parkinsons,5875,20,10,0.1,nonprivate,0.12781,0.00143,0.12458,0.131041,0.11894,0.133232,1,0.12783,,
parkinsons,5875,20,10,0.1,ssp,2653.14,2.41e+03,-2789.67,8095.94,0.14859,103.696,2.076e+04,3.90305,,
parkinsons,5875,20,10,0.1,adassp,0.154486,0.00229,0.149316,0.159655,0.138817,0.171182,1.209,0.154298,,1649
parkinsons,5875,20,10,0.1,adassp_matched,0.158839,0.0024,0.153417,0.164261,0.140518,0.178591,1.243,,,
parkinsons,5875,20,10,0.1,vfl,0.156126,0.00238,0.150749,0.161503,0.14062,0.171035,1.222,,0.998,2054
parkinsons,5875,20,10,0.1,vfl_uncorrected,0.155854,0.00237,0.150493,0.161214,0.140242,0.171081,1.219,,0.998,2054
parkinsons,5875,20,10,0.2,trivial,0.169694,0.00257,0.163882,0.175507,0.156173,0.179648,1.328,0.169694,,
parkinsons,5875,20,10,0.2,nonprivate,0.12781,0.00143,0.12458,0.131041,0.11894,0.133232,1,0.12783,,
parkinsons,5875,20,10,0.2,ssp,75.2197,45.8,-28.4802,178.92,0.137498,96.8694,588.5,1.13239,,
parkinsons,5875,20,10,0.2,adassp,0.145723,0.00231,0.140492,0.150953,0.132001,0.159889,1.14,0.146083,,824.5
parkinsons,5875,20,10,0.2,adassp_matched,0.151323,0.00229,0.146143,0.156504,0.135065,0.165562,1.184,,,
parkinsons,5875,20,10,0.2,vfl,0.148826,0.00223,0.143788,0.153865,0.135003,0.161051,1.164,,1.000,1074
parkinsons,5875,20,10,0.2,vfl_uncorrected,0.148488,0.00222,0.143473,0.153504,0.134623,0.160891,1.162,,1.000,1074
parkinsons,5875,20,10,0.5,trivial,0.169694,0.00257,0.163882,0.175507,0.156173,0.179648,1.328,0.169694,,
parkinsons,5875,20,10,0.5,nonprivate,0.12781,0.00143,0.12458,0.131041,0.11894,0.133232,1,0.12783,,
parkinsons,5875,20,10,0.5,ssp,3761.75,3.73e+03,-4677.77,12201.3,0.128911,30.3114,2.943e+04,0.23511,,
parkinsons,5875,20,10,0.5,adassp,0.136755,0.00196,0.132327,0.141182,0.125508,0.146244,1.07,0.137252,,329.8
parkinsons,5875,20,10,0.5,adassp_matched,0.14109,0.00208,0.136385,0.145794,0.129022,0.152625,1.104,,,
parkinsons,5875,20,10,0.5,vfl,0.139282,0.00198,0.134797,0.143767,0.128363,0.148919,1.09,,1.000,455.8
parkinsons,5875,20,10,0.5,vfl_uncorrected,0.139018,0.00197,0.134556,0.14348,0.12813,0.148639,1.088,,1.000,455.8
parkinsons,5875,20,10,1,trivial,0.169694,0.00257,0.163882,0.175507,0.156173,0.179648,1.328,0.169694,,
parkinsons,5875,20,10,1,nonprivate,0.12781,0.00143,0.12458,0.131041,0.11894,0.133232,1,0.12783,,
parkinsons,5875,20,10,1,ssp,13.785,10.3,-9.60674,37.1766,0.125954,12.3293,107.9,0.319206,,
parkinsons,5875,20,10,1,adassp,0.132469,0.00183,0.128322,0.136616,0.122226,0.140255,1.036,0.133015,,164.9
parkinsons,5875,20,10,1,adassp_matched,0.1353,0.00199,0.130809,0.139791,0.123963,0.144921,1.059,,,
parkinsons,5875,20,10,1,vfl,0.134348,0.00192,0.129996,0.138699,0.12369,0.142564,1.051,,1.000,239
parkinsons,5875,20,10,1,vfl_uncorrected,0.134191,0.00192,0.129858,0.138524,0.123548,0.14239,1.05,,1.000,239
parkinsons,5875,20,10,2,trivial,0.169694,0.00257,0.163882,0.175507,0.156173,0.179648,1.328,0.169694,,
parkinsons,5875,20,10,2,nonprivate,0.12781,0.00143,0.12458,0.131041,0.11894,0.133232,1,0.12783,,
parkinsons,5875,20,10,2,ssp,1.29346,0.433,0.313878,2.27305,0.121764,3.36441,10.12,0.319682,,
parkinsons,5875,20,10,2,adassp,0.130348,0.00174,0.12641,0.134286,0.12035,0.13765,1.02,0.130134,,82.45
parkinsons,5875,20,10,2,adassp_matched,0.131975,0.00181,0.127876,0.136073,0.121698,0.139885,1.033,,,
parkinsons,5875,20,10,2,vfl,0.131427,0.00182,0.127309,0.135546,0.121427,0.13877,1.028,,1.000,126.2
parkinsons,5875,20,10,2,vfl_uncorrected,0.131348,0.00181,0.127242,0.135453,0.121368,0.138665,1.028,,1.000,126.2
parkinsons,5875,20,10,5,trivial,0.169694,0.00257,0.163882,0.175507,0.156173,0.179648,1.328,0.169694,,
parkinsons,5875,20,10,5,nonprivate,0.12781,0.00143,0.12458,0.131041,0.11894,0.133232,1,0.12783,,
parkinsons,5875,20,10,5,ssp,16.8784,16.5,-20.4646,54.2214,0.119091,0.624899,132.1,0.128715,,
parkinsons,5875,20,10,5,adassp,0.128884,0.00161,0.12525,0.132517,0.119253,0.135378,1.008,0.128986,,32.98
parkinsons,5875,20,10,5,adassp_matched,0.129792,0.0017,0.125948,0.133636,0.11995,0.136799,1.016,,,
parkinsons,5875,20,10,5,vfl,0.129503,0.00168,0.125693,0.133312,0.119704,0.136371,1.013,,1.000,55.44
parkinsons,5875,20,10,5,vfl_uncorrected,0.129469,0.00168,0.12567,0.133269,0.11968,0.136319,1.013,,1.000,55.44
parkinsons,5875,20,10,10,trivial,0.169694,0.00257,0.163882,0.175507,0.156173,0.179648,1.328,0.169694,,
parkinsons,5875,20,10,10,nonprivate,0.12781,0.00143,0.12458,0.131041,0.11894,0.133232,1,0.12783,,
parkinsons,5875,20,10,10,ssp,0.128514,0.00155,0.125003,0.132025,0.118917,0.133501,1.006,0.128255,,
parkinsons,5875,20,10,10,adassp,0.128327,0.00154,0.12485,0.131805,0.119013,0.134543,1.004,0.128197,,16.49
parkinsons,5875,20,10,10,adassp_matched,0.128917,0.00161,0.125277,0.132556,0.119297,0.135532,1.009,,,
parkinsons,5875,20,10,10,vfl,0.128761,0.0016,0.125144,0.132378,0.119249,0.135134,1.007,,1.000,30.61
parkinsons,5875,20,10,10,vfl_uncorrected,0.128742,0.0016,0.125132,0.132351,0.119241,0.135099,1.007,,1.000,30.61
pendulum,630,9,4,0.01,trivial,0.0226044,0.00322,0.0153287,0.0298801,0.0138142,0.0440908,1.246,0.0226044,,
pendulum,630,9,4,0.01,nonprivate,0.0181478,0.00288,0.0116253,0.0246703,0.0100063,0.0374996,1,0.0181286,,
pendulum,630,9,4,0.01,ssp,7555,5.57e+03,-5050.92,20160.9,0.141063,934.675,4.163e+05,34.1263,,
pendulum,630,9,4,0.01,adassp,0.0396214,0.00346,0.0317874,0.0474555,0.0176636,0.0789236,2.183,0.0366624,,1.011e+04
pendulum,630,9,4,0.01,adassp_matched,0.0436757,0.00336,0.0360855,0.0512658,0.0179462,0.0957912,2.407,,,
pendulum,630,9,4,0.01,vfl,0.0299447,0.0032,0.0227023,0.0371871,0.0136458,0.0591118,1.65,,0.986,1.163e+04
pendulum,630,9,4,0.01,vfl_uncorrected,0.031038,0.00319,0.0238133,0.0382626,0.0138085,0.0615875,1.71,,0.986,1.163e+04
pendulum,630,9,4,0.02,trivial,0.0226044,0.00322,0.0153287,0.0298801,0.0138142,0.0440908,1.246,0.0226044,,
pendulum,630,9,4,0.02,nonprivate,0.0181478,0.00288,0.0116253,0.0246703,0.0100063,0.0374996,1,0.0181286,,
pendulum,630,9,4,0.02,ssp,1555.93,1.14e+03,-1025.42,4137.28,0.147376,704.954,8.574e+04,5.1018,,
pendulum,630,9,4,0.02,adassp,0.0381496,0.00264,0.0321852,0.044114,0.0163055,0.0700389,2.102,0.0379062,,5054
pendulum,630,9,4,0.02,adassp_matched,0.0412993,0.00367,0.0329992,0.0495993,0.0174259,0.0849027,2.276,,,
pendulum,630,9,4,0.02,vfl,0.0296437,0.00337,0.0220311,0.0372562,0.0144855,0.0579992,1.633,,0.980,6145
pendulum,630,9,4,0.02,vfl_uncorrected,0.0306818,0.00337,0.0230478,0.0383158,0.0146536,0.0593237,1.691,,0.980,6145
pendulum,630,9,4,0.05,trivial,0.0226044,0.00322,0.0153287,0.0298801,0.0138142,0.0440908,1.246,0.0226044,,
pendulum,630,9,4,0.05,nonprivate,0.0181478,0.00288,0.0116253,0.0246703,0.0100063,0.0374996,1,0.0181286,,
pendulum,630,9,4,0.05,ssp,673.023,463,-373.348,1719.39,0.119274,1293.04,3.709e+04,246.401,,
pendulum,630,9,4,0.05,adassp,0.0380153,0.00301,0.0312105,0.0448201,0.0170046,0.0753476,2.095,0.0328669,,2022
pendulum,630,9,4,0.05,adassp_matched,0.0420464,0.00335,0.0344639,0.0496289,0.0171892,0.0892315,2.317,,,
pendulum,630,9,4,0.05,vfl,0.0292861,0.00312,0.0222357,0.0363365,0.0151493,0.0551378,1.614,,0.994,2629
pendulum,630,9,4,0.05,vfl_uncorrected,0.0302156,0.00311,0.0231897,0.0372416,0.0152931,0.0581238,1.665,,0.994,2629
pendulum,630,9,4,0.1,trivial,0.0226044,0.00322,0.0153287,0.0298801,0.0138142,0.0440908,1.246,0.0226044,,
pendulum,630,9,4,0.1,nonprivate,0.0181478,0.00288,0.0116253,0.0246703,0.0100063,0.0374996,1,0.0181286,,
pendulum,630,9,4,0.1,ssp,331.794,211,-144.957,808.545,0.0954733,545.06,1.828e+04,21.94,,
pendulum,630,9,4,0.1,adassp,0.0367759,0.00318,0.0295733,0.0439786,0.0166345,0.0709496,2.026,0.0364408,,1011
pendulum,630,9,4,0.1,adassp_matched,0.0404574,0.00367,0.032162,0.0487528,0.0165634,0.0882351,2.229,,,
pendulum,630,9,4,0.1,vfl,0.0282724,0.0033,0.0207983,0.0357466,0.0131835,0.0539261,1.558,,0.990,1378
pendulum,630,9,4,0.1,vfl_uncorrected,0.0290583,0.00331,0.0215627,0.0365539,0.013392,0.0560942,1.601,,0.990,1378
pendulum,630,9,4,0.2,trivial,0.0226044,0.00322,0.0153287,0.0298801,0.0138142,0.0440908,1.246,0.0226044,,
pendulum,630,9,4,0.2,nonprivate,0.0181478,0.00288,0.0116253,0.0246703,0.0100063,0.0374996,1,0.0181286,,
pendulum,630,9,4,0.2,ssp,1337.89,1.23e+03,-1453.03,4128.8,0.0599327,259.815,7.372e+04,29.8707,,
pendulum,630,9,4,0.2,adassp,0.0343554,0.00326,0.0269728,0.0417379,0.0159945,0.0685472,1.893,0.0322571,,505.4
pendulum,630,9,4,0.2,adassp_matched,0.0372322,0.003,0.0304407,0.0440237,0.0164285,0.0717798,2.052,,,
pendulum,630,9,4,0.2,vfl,0.0277144,0.00338,0.0200694,0.0353594,0.0136718,0.0541148,1.527,,0.998,720.6
pendulum,630,9,4,0.2,vfl_uncorrected,0.0283576,0.00339,0.0206933,0.0360218,0.0140008,0.0553132,1.563,,0.998,720.6
pendulum,630,9,4,0.5,trivial,0.0226044,0.00322,0.0153287,0.0298801,0.0138142,0.0440908,1.246,0.0226044,,
pendulum,630,9,4,0.5,nonprivate,0.0181478,0.00288,0.0116253,0.0246703,0.0100063,0.0374996,1,0.0181286,,
pendulum,630,9,4,0.5,ssp,0.950025,0.327,0.209187,1.69086,0.0160056,1.99218,52.35,0.0500892,,
pendulum,630,9,4,0.5,adassp,0.028883,0.00306,0.0219595,0.0358064,0.0133812,0.0581016,1.592,0.0277977,,202.2
pendulum,630,9,4,0.5,adassp_matched,0.032922,0.00341,0.0252133,0.0406306,0.0157784,0.0622188,1.814,,,
pendulum,630,9,4,0.5,vfl,0.0252826,0.00314,0.0181874,0.0323778,0.0127845,0.0489837,1.393,,1.000,305.8
pendulum,630,9,4,0.5,vfl_uncorrected,0.0256088,0.00313,0.0185351,0.0326825,0.0128319,0.0495394,1.411,,1.000,305.8
pendulum,630,9,4,1,trivial,0.0226044,0.00322,0.0153287,0.0298801,0.0138142,0.0440908,1.246,0.0226044,,
pendulum,630,9,4,1,nonprivate,0.0181478,0.00288,0.0116253,0.0246703,0.0100063,0.0374996,1,0.0181286,,
pendulum,630,9,4,1,ssp,0.0249976,0.00293,0.0183587,0.0316365,0.0119779,0.0473913,1.377,0.027487,,
pendulum,630,9,4,1,adassp,0.0247464,0.00321,0.0174917,0.0320011,0.0124885,0.0495037,1.364,0.0248628,,101
pendulum,630,9,4,1,adassp_matched,0.0277081,0.00312,0.0206412,0.0347749,0.0131142,0.0530948,1.527,,,
pendulum,630,9,4,1,vfl,0.0237276,0.0032,0.0164925,0.0309626,0.0120199,0.0477696,1.307,,1.000,160.3
pendulum,630,9,4,1,vfl_uncorrected,0.0238841,0.0032,0.0166551,0.0311131,0.0120607,0.047961,1.316,,1.000,160.3
pendulum,630,9,4,2,trivial,0.0226044,0.00322,0.0153287,0.0298801,0.0138142,0.0440908,1.246,0.0226044,,
pendulum,630,9,4,2,nonprivate,0.0181478,0.00288,0.0116253,0.0246703,0.0100063,0.0374996,1,0.0181286,,
pendulum,630,9,4,2,ssp,0.0197898,0.00289,0.0132563,0.0263233,0.0105095,0.0402941,1.09,0.0192136,,
pendulum,630,9,4,2,adassp,0.0215,0.00312,0.0144527,0.0285472,0.0112489,0.0457888,1.185,0.0222195,,50.23
pendulum,630,9,4,2,adassp_matched,0.0243619,0.00309,0.0173795,0.0313444,0.0125608,0.0487701,1.342,,,
pendulum,630,9,4,2,vfl,0.0214992,0.00307,0.0145521,0.0284463,0.0112533,0.0442368,1.185,,1.000,84.64
pendulum,630,9,4,2,vfl_uncorrected,0.0215438,0.00307,0.0146084,0.0284792,0.0112284,0.0442766,1.187,,1.000,84.64
pendulum,630,9,4,5,trivial,0.0226044,0.00322,0.0153287,0.0298801,0.0138142,0.0440908,1.246,0.0226044,,
pendulum,630,9,4,5,nonprivate,0.0181478,0.00288,0.0116253,0.0246703,0.0100063,0.0374996,1,0.0181286,,
pendulum,630,9,4,5,ssp,0.0183985,0.00289,0.0118509,0.024946,0.00998662,0.0383586,1.014,0.0186237,,
pendulum,630,9,4,5,adassp,0.0192113,0.00294,0.012557,0.0258655,0.010079,0.0400762,1.059,0.0190944,,13.68
pendulum,630,9,4,5,adassp_matched,0.0208656,0.00303,0.0140106,0.0277206,0.0109311,0.0429248,1.15,,,
pendulum,630,9,4,5,vfl,0.0194853,0.003,0.0126894,0.0262812,0.010057,0.0414406,1.074,,1.000,37.19
pendulum,630,9,4,5,vfl_uncorrected,0.0194853,0.003,0.0126972,0.0262733,0.0100543,0.0414152,1.074,,1.000,37.19
pendulum,630,9,4,10,trivial,0.0226044,0.00322,0.0153287,0.0298801,0.0138142,0.0440908,1.246,0.0226044,,
pendulum,630,9,4,10,nonprivate,0.0181478,0.00288,0.0116253,0.0246703,0.0100063,0.0374996,1,0.0181286,,
pendulum,630,9,4,10,ssp,0.0182367,0.00288,0.0117181,0.0247554,0.00996653,0.0377912,1.005,0.0181291,,
pendulum,630,9,4,10,adassp,0.0187118,0.00285,0.0122537,0.02517,0.0100696,0.0386206,1.031,0.0187591,,0.1263
pendulum,630,9,4,10,adassp_matched,0.0193375,0.00296,0.0126418,0.0260333,0.0101368,0.0405251,1.066,,,
pendulum,630,9,4,10,vfl,0.0187265,0.00302,0.0119038,0.0255493,0.00993341,0.0397385,1.032,,1.000,20.53
pendulum,630,9,4,10,vfl_uncorrected,0.0187253,0.00301,0.0119068,0.0255438,0.00993712,0.039724,1.032,,1.000,20.53
pol,15000,26,13,0.01,trivial,0.344822,0.00187,0.340603,0.349041,0.334183,0.356278,2.555,0.344822,,
pol,15000,26,13,0.01,nonprivate,0.134934,0.00113,0.132382,0.137486,0.130746,0.140878,1,0.134894,,
pol,15000,26,13,0.01,ssp,178.461,72.3,14.9392,341.983,0.421525,723.742,1323,41.5855,,
pol,15000,26,13,0.01,adassp,0.324523,0.00138,0.321398,0.327648,0.292372,0.355647,2.405,0.326994,,1.931e+04
pol,15000,26,13,0.01,adassp_matched,0.326821,0.00178,0.322804,0.330839,0.292855,0.36096,2.422,,,
pol,15000,26,13,0.01,vfl,0.323895,0.00177,0.319898,0.327892,0.299084,0.348713,2.4,,0.998,1.976e+04
pol,15000,26,13,0.01,vfl_uncorrected,0.323121,0.00177,0.319127,0.327116,0.297364,0.34874,2.395,,0.998,1.976e+04
pol,15000,26,13,0.02,trivial,0.344822,0.00187,0.340603,0.349041,0.334183,0.356278,2.555,0.344822,,
pol,15000,26,13,0.02,nonprivate,0.134934,0.00113,0.132382,0.137486,0.130746,0.140878,1,0.134894,,
pol,15000,26,13,0.02,ssp,2041.35,1.77e+03,-1952.65,6035.34,0.371816,1043.91,1.513e+04,7.45534,,
pol,15000,26,13,0.02,adassp,0.302746,0.00117,0.300103,0.305389,0.276012,0.332855,2.244,0.305586,,9653
pol,15000,26,13,0.02,adassp_matched,0.311305,0.00194,0.306919,0.31569,0.278024,0.346229,2.307,,,
pol,15000,26,13,0.02,vfl,0.305683,0.00133,0.30268,0.308686,0.284556,0.32886,2.265,,1.000,1.044e+04
pol,15000,26,13,0.02,vfl_uncorrected,0.304337,0.00131,0.30137,0.307304,0.282789,0.328393,2.255,,1.000,1.044e+04
pol,15000,26,13,0.05,trivial,0.344822,0.00187,0.340603,0.349041,0.334183,0.356278,2.555,0.344822,,
pol,15000,26,13,0.05,nonprivate,0.134934,0.00113,0.132382,0.137486,0.130746,0.140878,1,0.134894,,
pol,15000,26,13,0.05,ssp,457.831,374,-387.63,1303.29,0.226454,729.597,3393,21.6842,,
pol,15000,26,13,0.05,adassp,0.25762,0.00133,0.25462,0.260619,0.236918,0.279217,1.909,0.265683,,3861
pol,15000,26,13,0.05,adassp_matched,0.27516,0.00121,0.272414,0.277905,0.249728,0.302399,2.039,,,
pol,15000,26,13,0.05,vfl,0.267573,0.00109,0.265113,0.270032,0.249699,0.285052,1.983,,1.000,4468
pol,15000,26,13,0.05,vfl_uncorrected,0.265484,0.00106,0.263085,0.267883,0.247212,0.28337,1.968,,1.000,4468
pol,15000,26,13,0.1,trivial,0.344822,0.00187,0.340603,0.349041,0.334183,0.356278,2.555,0.344822,,
pol,15000,26,13,0.1,nonprivate,0.134934,0.00113,0.132382,0.137486,0.130746,0.140878,1,0.134894,,
pol,15000,26,13,0.1,ssp,30.0926,6.79,14.7221,45.4631,0.170023,341.438,223,2.03657,,
pol,15000,26,13,0.1,adassp,0.216713,0.000714,0.215097,0.218328,0.201416,0.230794,1.606,0.223616,,1931
pol,15000,26,13,0.1,adassp_matched,0.238172,0.000804,0.236353,0.239991,0.220804,0.257704,1.765,,,
pol,15000,26,13,0.1,vfl,0.230227,0.000775,0.228473,0.231981,0.216652,0.244318,1.706,,1.000,2342
pol,15000,26,13,0.1,vfl_uncorrected,0.228047,0.000754,0.226341,0.229754,0.214531,0.242338,1.69,,1.000,2342
pol,15000,26,13,0.2,trivial,0.344822,0.00187,0.340603,0.349041,0.334183,0.356278,2.555,0.344822,,
pol,15000,26,13,0.2,nonprivate,0.134934,0.00113,0.132382,0.137486,0.130746,0.140878,1,0.134894,,
pol,15000,26,13,0.2,ssp,1613.69,1.58e+03,-1963.01,5190.39,0.142598,28.2267,1.196e+04,0.231761,,
pol,15000,26,13,0.2,adassp,0.179428,0.000599,0.178072,0.180784,0.170187,0.189222,1.33,0.180073,,965.3
pol,15000,26,13,0.2,adassp_matched,0.199656,0.000583,0.198338,0.200975,0.188319,0.211849,1.48,,,
pol,15000,26,13,0.2,vfl,0.192429,0.000665,0.190924,0.193933,0.18328,0.20095,1.426,,1.000,1225
pol,15000,26,13,0.2,vfl_uncorrected,0.190734,0.000667,0.189225,0.192242,0.181569,0.199368,1.414,,1.000,1225
pol,15000,26,13,0.5,trivial,0.344822,0.00187,0.340603,0.349041,0.334183,0.356278,2.555,0.344822,,
pol,15000,26,13,0.5,nonprivate,0.134934,0.00113,0.132382,0.137486,0.130746,0.140878,1,0.134894,,
pol,15000,26,13,0.5,ssp,9.43628,3.55,1.39797,17.4746,0.133537,6.43493,69.93,0.156236,,
pol,15000,26,13,0.5,adassp,0.14926,0.00078,0.147497,0.151024,0.144204,0.155131,1.106,0.149618,,386.1
pol,15000,26,13,0.5,adassp_matched,0.161395,0.000668,0.159884,0.162906,0.154628,0.167714,1.196,,,
pol,15000,26,13,0.5,vfl,0.157025,0.000712,0.155416,0.158635,0.151576,0.162374,1.164,,1.000,519.7
pol,15000,26,13,0.5,vfl_uncorrected,0.156295,0.00072,0.154667,0.157923,0.150814,0.161665,1.158,,1.000,519.7
pol,15000,26,13,1,trivial,0.344822,0.00187,0.340603,0.349041,0.334183,0.356278,2.555,0.344822,,
pol,15000,26,13,1,nonprivate,0.134934,0.00113,0.132382,0.137486,0.130746,0.140878,1,0.134894,,
pol,15000,26,13,1,ssp,3.86394,3.48,-4.00631,11.7342,0.132056,1.60476,28.64,0.154909,,
pol,15000,26,13,1,adassp,0.139933,0.000946,0.137793,0.142073,0.135651,0.145165,1.037,0.139821,,193.1
pol,15000,26,13,1,adassp_matched,0.146124,0.000875,0.144144,0.148104,0.141184,0.151405,1.083,,,
pol,15000,26,13,1,vfl,0.143647,0.00087,0.14168,0.145615,0.139419,0.148502,1.065,,1.000,272.5
pol,15000,26,13,1,vfl_uncorrected,0.143377,0.000875,0.141398,0.145357,0.139108,0.148252,1.063,,1.000,272.5
pol,15000,26,13,2,trivial,0.344822,0.00187,0.340603,0.349041,0.334183,0.356278,2.555,0.344822,,
pol,15000,26,13,2,nonprivate,0.134934,0.00113,0.132382,0.137486,0.130746,0.140878,1,0.134894,,
pol,15000,26,13,2,ssp,12.5718,11.7,-13.7837,38.9273,0.131439,0.770843,93.17,0.162439,,
pol,15000,26,13,2,adassp,0.136542,0.00104,0.134188,0.138897,0.132403,0.141862,1.012,0.136637,,96.53
pol,15000,26,13,2,adassp_matched,0.13907,0.000973,0.136868,0.141272,0.134959,0.144284,1.031,,,
pol,15000,26,13,2,vfl,0.138063,0.000995,0.135811,0.140314,0.134,0.143137,1.023,,1.000,143.9
pol,15000,26,13,2,vfl_uncorrected,0.137983,0.000998,0.135726,0.140241,0.133907,0.143079,1.023,,1.000,143.9
pol,15000,26,13,5,trivial,0.344822,0.00187,0.340603,0.349041,0.334183,0.356278,2.555,0.344822,,
pol,15000,26,13,5,nonprivate,0.134934,0.00113,0.132382,0.137486,0.130746,0.140878,1,0.134894,,
pol,15000,26,13,5,ssp,0.386401,0.22,-0.111472,0.884273,0.130958,0.289708,2.864,0.147381,,
pol,15000,26,13,5,adassp,0.135333,0.0011,0.132852,0.137813,0.131155,0.141177,1.003,0.135337,,38.61
pol,15000,26,13,5,adassp_matched,0.136014,0.00106,0.133612,0.138415,0.131867,0.141698,1.008,,,
pol,15000,26,13,5,vfl,0.13575,0.00107,0.133338,0.138162,0.131592,0.141433,1.006,,1.000,63.21
pol,15000,26,13,5,vfl_uncorrected,0.135737,0.00107,0.133323,0.138151,0.131574,0.141429,1.006,,1.000,63.21
pol,15000,26,13,10,trivial,0.344822,0.00187,0.340603,0.349041,0.334183,0.356278,2.555,0.344822,,
pol,15000,26,13,10,nonprivate,0.134934,0.00113,0.132382,0.137486,0.130746,0.140878,1,0.134894,,
pol,15000,26,13,10,ssp,0.144216,0.00714,0.128063,0.160368,0.130753,0.142656,1.069,0.135061,,
pol,15000,26,13,10,adassp,0.135132,0.00111,0.132612,0.137651,0.130953,0.141082,1.001,0.13511,,19.31
pol,15000,26,13,10,adassp_matched,0.135369,0.00109,0.132905,0.137832,0.131213,0.141206,1.003,,,
pol,15000,26,13,10,vfl,0.135274,0.0011,0.132786,0.137762,0.131082,0.141157,1.003,,1.000,34.9
pol,15000,26,13,10,vfl_uncorrected,0.135271,0.0011,0.132782,0.13776,0.131077,0.141156,1.002,,1.000,34.9
protein,45730,9,4,0.01,trivial,0.167068,0.000764,0.165338,0.168797,0.164027,0.171407,1.405,0.167068,,
protein,45730,9,4,0.01,nonprivate,0.118948,0.000832,0.117066,0.120829,0.11479,0.122676,1,0.118932,,
protein,45730,9,4,0.01,ssp,9.95756,4,0.899256,19.0159,0.128768,52.096,83.71,0.622202,,
protein,45730,9,4,0.01,adassp,0.146231,0.000767,0.144495,0.147966,0.13192,0.162604,1.229,0.145063,,1.011e+04
protein,45730,9,4,0.01,adassp_matched,0.148944,0.000843,0.147038,0.15085,0.134605,0.168879,1.252,,,
protein,45730,9,4,0.01,vfl,0.146175,0.000635,0.144739,0.147612,0.136003,0.158421,1.229,,1.000,1.163e+04
protein,45730,9,4,0.01,vfl_uncorrected,0.14595,0.000631,0.144523,0.147377,0.135761,0.158435,1.227,,1.000,1.163e+04
protein,45730,9,4,0.02,trivial,0.167068,0.000764,0.165338,0.168797,0.164027,0.171407,1.405,0.167068,,
protein,45730,9,4,0.02,nonprivate,0.118948,0.000832,0.117066,0.120829,0.11479,0.122676,1,0.118932,,
protein,45730,9,4,0.02,ssp,94.3586,76.9,-79.696,268.413,0.123206,27.9848,793.3,0.173307,,
protein,45730,9,4,0.02,adassp,0.138251,0.000691,0.136687,0.139815,0.129488,0.148929,1.162,0.134752,,5054
protein,45730,9,4,0.02,adassp_matched,0.141448,0.000703,0.139858,0.143037,0.131729,0.153605,1.189,,,
protein,45730,9,4,0.02,vfl,0.139286,0.000712,0.137674,0.140897,0.131452,0.147523,1.171,,1.000,6145
protein,45730,9,4,0.02,vfl_uncorrected,0.139076,0.000712,0.137467,0.140686,0.13114,0.147604,1.169,,1.000,6145
protein,45730,9,4,0.05,trivial,0.167068,0.000764,0.165338,0.168797,0.164027,0.171407,1.405,0.167068,,
protein,45730,9,4,0.05,nonprivate,0.118948,0.000832,0.117066,0.120829,0.11479,0.122676,1,0.118932,,
protein,45730,9,4,0.05,ssp,0.786698,0.243,0.237277,1.33612,0.117645,3.66062,6.614,0.373353,,
protein,45730,9,4,0.05,adassp,0.130312,0.00065,0.128842,0.131783,0.124496,0.137174,1.096,0.129226,,2022
protein,45730,9,4,0.05,adassp_matched,0.132724,0.000612,0.13134,0.134108,0.126463,0.140162,1.116,,,
protein,45730,9,4,0.05,vfl,0.131974,0.000668,0.130462,0.133486,0.126733,0.137826,1.11,,1.000,2629
protein,45730,9,4,0.05,vfl_uncorrected,0.131813,0.00067,0.130299,0.133328,0.126516,0.137732,1.108,,1.000,2629
protein,45730,9,4,0.1,trivial,0.167068,0.000764,0.165338,0.168797,0.164027,0.171407,1.405,0.167068,,
protein,45730,9,4,0.1,nonprivate,0.118948,0.000832,0.117066,0.120829,0.11479,0.122676,1,0.118932,,
protein,45730,9,4,0.1,ssp,1.02361,0.568,-0.2621,2.30931,0.115767,2.40649,8.606,1.52985,,
protein,45730,9,4,0.1,adassp,0.125938,0.000641,0.124488,0.127388,0.121172,0.130833,1.059,0.125882,,1011
protein,45730,9,4,0.1,adassp_matched,0.128218,0.000689,0.126659,0.129777,0.123229,0.133549,1.078,,,
protein,45730,9,4,0.1,vfl,0.127633,0.00067,0.126118,0.129148,0.123495,0.132356,1.073,,1.000,1378
protein,45730,9,4,0.1,vfl_uncorrected,0.127519,0.000671,0.126001,0.129037,0.123371,0.132264,1.072,,1.000,1378
protein,45730,9,4,0.2,trivial,0.167068,0.000764,0.165338,0.168797,0.164027,0.171407,1.405,0.167068,,
protein,45730,9,4,0.2,nonprivate,0.118948,0.000832,0.117066,0.120829,0.11479,0.122676,1,0.118932,,
protein,45730,9,4,0.2,ssp,6.06504,3.29,-1.37571,13.5058,0.115247,0.661725,50.99,0.122556,,
protein,45730,9,4,0.2,adassp,0.122849,0.000706,0.121251,0.124447,0.118415,0.126765,1.033,0.122813,,505.4
protein,45730,9,4,0.2,adassp_matched,0.12465,0.00066,0.123157,0.126143,0.120146,0.129025,1.048,,,
protein,45730,9,4,0.2,vfl,0.124179,0.000699,0.122599,0.125759,0.120129,0.127962,1.044,,1.000,720.6
protein,45730,9,4,0.2,vfl_uncorrected,0.124111,0.0007,0.122528,0.125694,0.120057,0.1279,1.043,,1.000,720.6
protein,45730,9,4,0.5,trivial,0.167068,0.000764,0.165338,0.168797,0.164027,0.171407,1.405,0.167068,,
protein,45730,9,4,0.5,nonprivate,0.118948,0.000832,0.117066,0.120829,0.11479,0.122676,1,0.118932,,
protein,45730,9,4,0.5,ssp,0.152968,0.0275,0.0908083,0.215127,0.114866,0.138659,1.286,0.119121,,
protein,45730,9,4,0.5,adassp,0.120662,0.000784,0.118888,0.122437,0.116452,0.124433,1.014,0.120621,,202.2
protein,45730,9,4,0.5,adassp_matched,0.121626,0.000733,0.119967,0.123284,0.117344,0.125332,1.023,,,
protein,45730,9,4,0.5,vfl,0.121416,0.000746,0.119729,0.123104,0.117305,0.124955,1.021,,1.000,305.8
protein,45730,9,4,0.5,vfl_uncorrected,0.121393,0.000747,0.119702,0.123083,0.117277,0.124938,1.021,,1.000,305.8
protein,45730,9,4,1,trivial,0.167068,0.000764,0.165338,0.168797,0.164027,0.171407,1.405,0.167068,,
protein,45730,9,4,1,nonprivate,0.118948,0.000832,0.117066,0.120829,0.11479,0.122676,1,0.118932,,
protein,45730,9,4,1,ssp,0.11906,0.000834,0.117173,0.120947,0.114776,0.122831,1.001,0.119024,,
protein,45730,9,4,1,adassp,0.119837,0.000811,0.118002,0.121672,0.115737,0.123653,1.007,0.119931,,101
protein,45730,9,4,1,adassp_matched,0.120397,0.000784,0.118624,0.12217,0.116304,0.124066,1.012,,,
protein,45730,9,4,1,vfl,0.120304,0.000795,0.118507,0.122102,0.116221,0.123985,1.011,,1.000,160.3
protein,45730,9,4,1,vfl_uncorrected,0.120294,0.000795,0.118495,0.122093,0.116212,0.123976,1.011,,1.000,160.3
protein,45730,9,4,2,trivial,0.167068,0.000764,0.165338,0.168797,0.164027,0.171407,1.405,0.167068,,
protein,45730,9,4,2,nonprivate,0.118948,0.000832,0.117066,0.120829,0.11479,0.122676,1,0.118932,,
protein,45730,9,4,2,ssp,0.118972,0.000832,0.11709,0.120854,0.114782,0.12273,1,0.118964,,
protein,45730,9,4,2,adassp,0.119375,0.000829,0.117499,0.121251,0.115204,0.123241,1.004,0.119374,,50.25
protein,45730,9,4,2,adassp_matched,0.119734,0.000813,0.117895,0.121572,0.115664,0.123543,1.007,,,
protein,45730,9,4,2,vfl,0.119671,0.000819,0.117818,0.121525,0.115638,0.123538,1.006,,1.000,84.64
protein,45730,9,4,2,vfl_uncorrected,0.119666,0.000819,0.117812,0.12152,0.115632,0.123533,1.006,,1.000,84.64
protein,45730,9,4,5,trivial,0.167068,0.000764,0.165338,0.168797,0.164027,0.171407,1.405,0.167068,,
protein,45730,9,4,5,nonprivate,0.118948,0.000832,0.117066,0.120829,0.11479,0.122676,1,0.118932,,
protein,45730,9,4,5,ssp,0.118951,0.000832,0.11707,0.120833,0.114784,0.122692,1,0.118938,,
protein,45730,9,4,5,adassp,0.119034,0.000833,0.11715,0.120917,0.114844,0.122832,1.001,0.119033,,13.16
protein,45730,9,4,5,adassp_matched,0.119214,0.000831,0.117335,0.121093,0.115063,0.123062,1.002,,,
protein,45730,9,4,5,vfl,0.119242,0.00083,0.117365,0.121118,0.115118,0.123068,1.002,,1.000,37.19
protein,45730,9,4,5,vfl_uncorrected,0.11924,0.00083,0.117363,0.121117,0.115116,0.123066,1.002,,1.000,37.19
protein,45730,9,4,10,trivial,0.167068,0.000764,0.165338,0.168797,0.164027,0.171407,1.405,0.167068,,
protein,45730,9,4,10,nonprivate,0.118948,0.000832,0.117066,0.120829,0.11479,0.122676,1,0.118932,,
protein,45730,9,4,10,ssp,0.118949,0.000832,0.117067,0.12083,0.114784,0.122681,1,0.118928,,
protein,45730,9,4,10,adassp,0.118954,0.000831,0.117074,0.120834,0.114786,0.122692,1,0.118934,,0.04551
protein,45730,9,4,10,adassp_matched,0.119009,0.000832,0.117127,0.120892,0.114823,0.122808,1.001,,,
protein,45730,9,4,10,vfl,0.119081,0.000832,0.117198,0.120963,0.114922,0.122881,1.001,,1.000,20.53
protein,45730,9,4,10,vfl_uncorrected,0.11908,0.000832,0.117198,0.120962,0.114922,0.12288,1.001,,1.000,20.53
pumadyn32nm,8192,32,16,0.01,trivial,0.0934724,0.0012,0.0907605,0.0961842,0.0881737,0.099175,0.9918,0.0934728,,
pumadyn32nm,8192,32,16,0.01,nonprivate,0.0942445,0.00124,0.0914382,0.0970507,0.0885542,0.0998889,1,0.0941081,,
pumadyn32nm,8192,32,16,0.01,ssp,223.392,90.4,18.9948,427.789,0.262646,1292.36,2370,134.484,,
pumadyn32nm,8192,32,16,0.01,adassp,0.0968764,0.00117,0.0942228,0.0995301,0.0903754,0.103694,1.028,0.0968678,,2.185e+04
pumadyn32nm,8192,32,16,0.01,adassp_matched,0.0972574,0.00117,0.0946007,0.0999141,0.0903704,0.104824,1.032,,,
pumadyn32nm,8192,32,16,0.01,vfl,0.0954374,0.00123,0.0926619,0.0982129,0.089162,0.102347,1.013,,0.996,2.192e+04
pumadyn32nm,8192,32,16,0.01,vfl_uncorrected,0.0956931,0.00123,0.0929145,0.0984717,0.0893359,0.102707,1.015,,0.996,2.192e+04
pumadyn32nm,8192,32,16,0.02,trivial,0.0934724,0.0012,0.0907605,0.0961842,0.0881737,0.099175,0.9918,0.0934728,,
pumadyn32nm,8192,32,16,0.02,nonprivate,0.0942445,0.00124,0.0914382,0.0970507,0.0885542,0.0998889,1,0.0941081,,
pumadyn32nm,8192,32,16,0.02,ssp,132907,1.25e+05,-150461,416274,0.292095,1693.37,1.41e+06,3.73029,,
pumadyn32nm,8192,32,16,0.02,adassp,0.0966882,0.00124,0.0938726,0.0995038,0.0901265,0.104021,1.026,0.0964601,,1.092e+04
pumadyn32nm,8192,32,16,0.02,adassp_matched,0.0972863,0.00121,0.0945586,0.100014,0.0903813,0.104673,1.032,,,
pumadyn32nm,8192,32,16,0.02,vfl,0.0954197,0.00122,0.0926554,0.098184,0.0891482,0.102305,1.012,,0.998,1.159e+04
pumadyn32nm,8192,32,16,0.02,vfl_uncorrected,0.0956677,0.00123,0.092896,0.0984393,0.0892715,0.102715,1.015,,0.998,1.159e+04
pumadyn32nm,8192,32,16,0.05,trivial,0.0934724,0.0012,0.0907605,0.0961842,0.0881737,0.099175,0.9918,0.0934728,,
pumadyn32nm,8192,32,16,0.05,nonprivate,0.0942445,0.00124,0.0914382,0.0970507,0.0885542,0.0998889,1,0.0941081,,
pumadyn32nm,8192,32,16,0.05,ssp,99.0105,50.3,-14.725,212.746,0.255937,336.669,1051,2656.09,,
pumadyn32nm,8192,32,16,0.05,adassp,0.0966377,0.00117,0.0939813,0.099294,0.0901405,0.10356,1.025,0.0966655,,4370
pumadyn32nm,8192,32,16,0.05,adassp_matched,0.0969377,0.00118,0.0942716,0.0996037,0.0902989,0.103837,1.029,,,
pumadyn32nm,8192,32,16,0.05,vfl,0.0954051,0.00122,0.0926551,0.098155,0.0892583,0.102149,1.012,,1.000,4957
pumadyn32nm,8192,32,16,0.05,vfl_uncorrected,0.0956242,0.00122,0.0928712,0.0983771,0.0893943,0.102427,1.015,,1.000,4957
pumadyn32nm,8192,32,16,0.1,trivial,0.0934724,0.0012,0.0907605,0.0961842,0.0881737,0.099175,0.9918,0.0934728,,
pumadyn32nm,8192,32,16,0.1,nonprivate,0.0942445,0.00124,0.0914382,0.0970507,0.0885542,0.0998889,1,0.0941081,,
pumadyn32nm,8192,32,16,0.1,ssp,30.6839,19,-12.3493,73.7172,0.126386,31.3546,325.6,2.12993,,
pumadyn32nm,8192,32,16,0.1,adassp,0.0962073,0.00119,0.0935219,0.0988926,0.0900484,0.103522,1.021,0.0957481,,2184
pumadyn32nm,8192,32,16,0.1,adassp_matched,0.0967337,0.00118,0.0940611,0.0994062,0.0900746,0.103537,1.026,,,
pumadyn32nm,8192,32,16,0.1,vfl,0.0951868,0.00121,0.0924561,0.0979175,0.0891105,0.101723,1.01,,1.000,2598
pumadyn32nm,8192,32,16,0.1,vfl_uncorrected,0.0953628,0.00121,0.0926319,0.0980937,0.0892162,0.101952,1.012,,1.000,2598
pumadyn32nm,8192,32,16,0.2,trivial,0.0934724,0.0012,0.0907605,0.0961842,0.0881737,0.099175,0.9918,0.0934728,,
pumadyn32nm,8192,32,16,0.2,nonprivate,0.0942445,0.00124,0.0914382,0.0970507,0.0885542,0.0998889,1,0.0941081,,
pumadyn32nm,8192,32,16,0.2,ssp,0.103912,0.00128,0.101016,0.106808,0.0950159,0.115853,1.103,0.103777,,
pumadyn32nm,8192,32,16,0.2,adassp,0.0958523,0.00119,0.0931526,0.0985519,0.0896129,0.102633,1.017,0.0962049,,1080
pumadyn32nm,8192,32,16,0.2,adassp_matched,0.0963322,0.00121,0.0935993,0.0990651,0.0896898,0.103625,1.022,,,
pumadyn32nm,8192,32,16,0.2,vfl,0.0951094,0.00121,0.0923641,0.0978548,0.0888942,0.101407,1.009,,1.000,1359
pumadyn32nm,8192,32,16,0.2,vfl_uncorrected,0.095244,0.00121,0.0924974,0.0979906,0.0889809,0.101655,1.011,,1.000,1359
pumadyn32nm,8192,32,16,0.5,trivial,0.0934724,0.0012,0.0907605,0.0961842,0.0881737,0.099175,0.9918,0.0934728,,
pumadyn32nm,8192,32,16,0.5,nonprivate,0.0942445,0.00124,0.0914382,0.0970507,0.0885542,0.0998889,1,0.0941081,,
pumadyn32nm,8192,32,16,0.5,ssp,0.0954996,0.00122,0.0927372,0.098262,0.0894875,0.102125,1.013,0.0954849,,
pumadyn32nm,8192,32,16,0.5,adassp,0.0957339,0.00121,0.0929974,0.0984704,0.0891694,0.1025,1.016,0.0957709,,325.6
pumadyn32nm,8192,32,16,0.5,adassp_matched,0.0962252,0.00122,0.0934746,0.0989759,0.0898392,0.103272,1.021,,,
pumadyn32nm,8192,32,16,0.5,vfl,0.0947259,0.00122,0.0919767,0.0974752,0.0886963,0.101124,1.005,,1.000,576.6
pumadyn32nm,8192,32,16,0.5,vfl_uncorrected,0.0947902,0.00122,0.0920402,0.0975402,0.0887444,0.101221,1.006,,1.000,576.6
pumadyn32nm,8192,32,16,1,trivial,0.0934724,0.0012,0.0907605,0.0961842,0.0881737,0.099175,0.9918,0.0934728,,
pumadyn32nm,8192,32,16,1,nonprivate,0.0942445,0.00124,0.0914382,0.0970507,0.0885542,0.0998889,1,0.0941081,,
pumadyn32nm,8192,32,16,1,ssp,0.0945447,0.00124,0.0917498,0.0973397,0.088599,0.100459,1.003,0.0943179,,
pumadyn32nm,8192,32,16,1,adassp,0.0959591,0.00123,0.0931774,0.0987408,0.0895053,0.102873,1.018,0.0955059,,60.21
pumadyn32nm,8192,32,16,1,adassp_matched,0.0962871,0.00122,0.0935263,0.099048,0.0898104,0.103154,1.022,,,
pumadyn32nm,8192,32,16,1,vfl,0.0944662,0.00121,0.0917208,0.0972116,0.0886095,0.100682,1.002,,1.000,302.3
pumadyn32nm,8192,32,16,1,vfl_uncorrected,0.0944936,0.00121,0.0917472,0.0972399,0.0886274,0.100726,1.003,,1.000,302.3
pumadyn32nm,8192,32,16,2,trivial,0.0934724,0.0012,0.0907605,0.0961842,0.0881737,0.099175,0.9918,0.0934728,,
pumadyn32nm,8192,32,16,2,nonprivate,0.0942445,0.00124,0.0914382,0.0970507,0.0885542,0.0998889,1,0.0941081,,
pumadyn32nm,8192,32,16,2,ssp,0.0943221,0.00124,0.0915237,0.0971206,0.0885318,0.100071,1.001,0.0941965,,
pumadyn32nm,8192,32,16,2,adassp,0.0949601,0.00126,0.0921049,0.0978153,0.0887304,0.101197,1.008,0.0946634,,0
pumadyn32nm,8192,32,16,2,adassp_matched,0.0965548,0.00128,0.0936615,0.0994481,0.0896599,0.103816,1.025,,,
pumadyn32nm,8192,32,16,2,vfl,0.0942387,0.00122,0.0914751,0.0970024,0.0885229,0.100153,0.9999,,1.000,159.6
pumadyn32nm,8192,32,16,2,vfl_uncorrected,0.0942481,0.00122,0.091484,0.0970122,0.0885281,0.100171,1,,1.000,159.6
pumadyn32nm,8192,32,16,5,trivial,0.0934724,0.0012,0.0907605,0.0961842,0.0881737,0.099175,0.9918,0.0934728,,
pumadyn32nm,8192,32,16,5,nonprivate,0.0942445,0.00124,0.0914382,0.0970507,0.0885542,0.0998889,1,0.0941081,,
pumadyn32nm,8192,32,16,5,ssp,0.0942588,0.00124,0.0914499,0.0970677,0.0885239,0.0999479,1,0.0941259,,
pumadyn32nm,8192,32,16,5,adassp,0.0943462,0.00124,0.0915448,0.0971476,0.088494,0.100226,1.001,0.0942947,,0
pumadyn32nm,8192,32,16,5,adassp_matched,0.0946476,0.00124,0.0918401,0.097455,0.0888071,0.100744,1.004,,,
pumadyn32nm,8192,32,16,5,vfl,0.0941714,0.00124,0.0913742,0.0969686,0.0884673,0.0999125,0.9992,,1.000,70.13
pumadyn32nm,8192,32,16,5,vfl_uncorrected,0.0941736,0.00124,0.0913762,0.0969711,0.0884686,0.0999159,0.9992,,1.000,70.13
pumadyn32nm,8192,32,16,10,trivial,0.0934724,0.0012,0.0907605,0.0961842,0.0881737,0.099175,0.9918,0.0934728,,
pumadyn32nm,8192,32,16,10,nonprivate,0.0942445,0.00124,0.0914382,0.0970507,0.0885542,0.0998889,1,0.0941081,,
pumadyn32nm,8192,32,16,10,ssp,0.0942442,0.00124,0.0914383,0.09705,0.0885378,0.0999293,1,0.0941039,,
pumadyn32nm,8192,32,16,10,adassp,0.0942653,0.00124,0.0914671,0.0970635,0.0885253,0.1,1,0.094115,,0
pumadyn32nm,8192,32,16,10,adassp_matched,0.0943645,0.00125,0.0915458,0.0971833,0.0886274,0.100292,1.001,,,
pumadyn32nm,8192,32,16,10,vfl,0.0941545,0.00124,0.0913565,0.0969525,0.0884661,0.0998454,0.999,,1.000,38.72
pumadyn32nm,8192,32,16,10,vfl_uncorrected,0.0941553,0.00124,0.0913572,0.0969534,0.0884666,0.0998466,0.9991,,1.000,38.72
servo,167,4,2,0.01,trivial,0.183496,0.0235,0.130388,0.236604,0.0869005,0.321802,2.417,0.183653,,
servo,167,4,2,0.01,nonprivate,0.0759171,0.00678,0.0605792,0.0912551,0.0347038,0.109225,1,0.0752369,,
servo,167,4,2,0.01,ssp,677.971,380,-180.539,1536.48,0.15126,485.178,8930,7.30802,,
servo,167,4,2,0.01,adassp,0.244602,0.0272,0.183151,0.306052,0.0842472,0.565053,3.222,0.23372,,6025
servo,167,4,2,0.01,adassp_matched,0.271961,0.0272,0.210358,0.333565,0.0874487,0.654456,3.582,,,
servo,167,4,2,0.01,vfl,0.194806,0.0216,0.145932,0.243679,0.0796808,0.392012,2.566,,0.982,7750
servo,167,4,2,0.01,vfl_uncorrected,0.196515,0.0215,0.147984,0.245047,0.0790019,0.398495,2.589,,0.982,7750
servo,167,4,2,0.02,trivial,0.183496,0.0235,0.130388,0.236604,0.0869005,0.321802,2.417,0.183653,,
servo,167,4,2,0.02,nonprivate,0.0759171,0.00678,0.0605792,0.0912551,0.0347038,0.109225,1,0.0752369,,
servo,167,4,2,0.02,ssp,463.961,266,-136.729,1064.65,0.195629,887.683,6111,3.56312,,
servo,167,4,2,0.02,adassp,0.232284,0.023,0.180349,0.28422,0.0791067,0.546474,3.06,0.266807,,3013
servo,167,4,2,0.02,adassp_matched,0.269815,0.0304,0.201153,0.338478,0.0842562,0.66783,3.554,,,
servo,167,4,2,0.02,vfl,0.195109,0.0229,0.143328,0.246889,0.0789094,0.377746,2.57,,0.986,4097
servo,167,4,2,0.02,vfl_uncorrected,0.196877,0.0228,0.145251,0.248502,0.0787922,0.387722,2.593,,0.986,4097
servo,167,4,2,0.05,trivial,0.183496,0.0235,0.130388,0.236604,0.0869005,0.321802,2.417,0.183653,,
servo,167,4,2,0.05,nonprivate,0.0759171,0.00678,0.0605792,0.0912551,0.0347038,0.109225,1,0.0752369,,
servo,167,4,2,0.05,ssp,564410,5.64e+05,-710847,1.83967e+06,0.188598,436.625,7.435e+06,8.92548,,
servo,167,4,2,0.05,adassp,0.224816,0.0237,0.171276,0.278355,0.0778936,0.505284,2.961,0.26449,,1205
servo,167,4,2,0.05,adassp_matched,0.240623,0.0237,0.186955,0.294291,0.0806749,0.612827,3.17,,,
servo,167,4,2,0.05,vfl,0.195999,0.0234,0.143139,0.248858,0.080525,0.400444,2.582,,0.982,1752
servo,167,4,2,0.05,vfl_uncorrected,0.197793,0.0234,0.144861,0.250726,0.0805064,0.414226,2.605,,0.982,1752
servo,167,4,2,0.1,trivial,0.183496,0.0235,0.130388,0.236604,0.0869005,0.321802,2.417,0.183653,,
servo,167,4,2,0.1,nonprivate,0.0759171,0.00678,0.0605792,0.0912551,0.0347038,0.109225,1,0.0752369,,
servo,167,4,2,0.1,ssp,74265.1,7.37e+04,-92519.9,241050,0.13121,415.204,9.782e+05,22.115,,
servo,167,4,2,0.1,adassp,0.224807,0.0245,0.169496,0.280118,0.0719831,0.547542,2.961,0.213983,,602.5
servo,167,4,2,0.1,adassp_matched,0.260245,0.0406,0.168511,0.351978,0.0833413,0.556534,3.428,,,
servo,167,4,2,0.1,vfl,0.192489,0.0226,0.14136,0.243617,0.0756476,0.350883,2.536,,0.992,918.4
servo,167,4,2,0.1,vfl_uncorrected,0.193872,0.0226,0.14284,0.244905,0.0743202,0.359894,2.554,,0.992,918.4
servo,167,4,2,0.2,trivial,0.183496,0.0235,0.130388,0.236604,0.0869005,0.321802,2.417,0.183653,,
servo,167,4,2,0.2,nonprivate,0.0759171,0.00678,0.0605792,0.0912551,0.0347038,0.109225,1,0.0752369,,
servo,167,4,2,0.2,ssp,56.9334,23.3,4.30949,109.557,0.10282,237.126,749.9,1.03988,,
servo,167,4,2,0.2,adassp,0.202199,0.0199,0.157108,0.247291,0.0759903,0.47877,2.663,0.207334,,301.2
servo,167,4,2,0.2,adassp_matched,0.230776,0.0195,0.186581,0.274971,0.0786101,0.538753,3.04,,,
servo,167,4,2,0.2,vfl,0.183883,0.0221,0.13399,0.233777,0.0805512,0.384358,2.422,,0.996,480.4
servo,167,4,2,0.2,vfl_uncorrected,0.184639,0.022,0.134949,0.234328,0.0793811,0.391251,2.432,,0.996,480.4
servo,167,4,2,0.5,trivial,0.183496,0.0235,0.130388,0.236604,0.0869005,0.321802,2.417,0.183653,,
servo,167,4,2,0.5,nonprivate,0.0759171,0.00678,0.0605792,0.0912551,0.0347038,0.109225,1,0.0752369,,
servo,167,4,2,0.5,ssp,31.1847,17.9,-9.37298,71.7423,0.0607655,45.0102,410.8,2.64513,,
servo,167,4,2,0.5,adassp,0.173848,0.0175,0.134151,0.213545,0.0653075,0.348635,2.29,0.171561,,120.5
servo,167,4,2,0.5,adassp_matched,0.195883,0.0205,0.149595,0.242171,0.0689067,0.413201,2.58,,,
servo,167,4,2,0.5,vfl,0.173148,0.0206,0.126579,0.219717,0.069848,0.321088,2.281,,0.996,203.8
servo,167,4,2,0.5,vfl_uncorrected,0.173125,0.0205,0.126789,0.219461,0.069481,0.32314,2.28,,0.996,203.8
servo,167,4,2,1,trivial,0.183496,0.0235,0.130388,0.236604,0.0869005,0.321802,2.417,0.183653,,
servo,167,4,2,1,nonprivate,0.0759171,0.00678,0.0605792,0.0912551,0.0347038,0.109225,1,0.0752369,,
servo,167,4,2,1,ssp,0.396188,0.155,0.0460925,0.746283,0.0438157,1.02833,5.219,0.103084,,
servo,167,4,2,1,adassp,0.147585,0.0155,0.112551,0.18262,0.0556627,0.294059,1.944,0.150006,,60.24
servo,167,4,2,1,adassp_matched,0.169515,0.0196,0.12528,0.21375,0.0660376,0.365218,2.233,,,
servo,167,4,2,1,vfl,0.15452,0.0176,0.11468,0.19436,0.0610309,0.289744,2.035,,1.000,106.9
servo,167,4,2,1,vfl_uncorrected,0.153839,0.0174,0.114442,0.193235,0.0604034,0.289406,2.026,,1.000,106.9
servo,167,4,2,2,trivial,0.183496,0.0235,0.130388,0.236604,0.0869005,0.321802,2.417,0.183653,,
servo,167,4,2,2,nonprivate,0.0759171,0.00678,0.0605792,0.0912551,0.0347038,0.109225,1,0.0752369,,
servo,167,4,2,2,ssp,0.0845058,0.00688,0.068945,0.100066,0.0350991,0.140111,1.113,0.0854635,,
servo,167,4,2,2,adassp,0.12383,0.0132,0.0939656,0.153694,0.0472692,0.219548,1.631,0.125991,,30.12
servo,167,4,2,2,adassp_matched,0.143151,0.0157,0.10769,0.178612,0.0536119,0.281003,1.886,,,
servo,167,4,2,2,vfl,0.135102,0.0154,0.100373,0.16983,0.0532002,0.237948,1.78,,1.000,56.43
servo,167,4,2,2,vfl_uncorrected,0.134268,0.0152,0.0998878,0.168649,0.0525609,0.237326,1.769,,1.000,56.43
servo,167,4,2,5,trivial,0.183496,0.0235,0.130388,0.236604,0.0869005,0.321802,2.417,0.183653,,
servo,167,4,2,5,nonprivate,0.0759171,0.00678,0.0605792,0.0912551,0.0347038,0.109225,1,0.0752369,,
servo,167,4,2,5,ssp,0.0770287,0.00672,0.0618258,0.0922316,0.0341493,0.112704,1.015,0.0762684,,
servo,167,4,2,5,adassp,0.0952271,0.0099,0.0728397,0.117614,0.0365287,0.159744,1.254,0.0960031,,10.1
servo,167,4,2,5,adassp_matched,0.114449,0.0118,0.0878172,0.14108,0.0434448,0.202785,1.508,,,
servo,167,4,2,5,vfl,0.114587,0.0126,0.0859844,0.143191,0.0437798,0.197549,1.509,,1.000,24.79
servo,167,4,2,5,vfl_uncorrected,0.113963,0.0125,0.0855746,0.142351,0.0434763,0.196479,1.501,,1.000,24.79
servo,167,4,2,10,trivial,0.183496,0.0235,0.130388,0.236604,0.0869005,0.321802,2.417,0.183653,,
servo,167,4,2,10,nonprivate,0.0759171,0.00678,0.0605792,0.0912551,0.0347038,0.109225,1,0.0752369,,
servo,167,4,2,10,ssp,0.0762509,0.0068,0.060859,0.0916429,0.0346526,0.111246,1.004,0.075294,,
servo,167,4,2,10,adassp,0.0784641,0.00686,0.0629515,0.0939767,0.0341878,0.117709,1.034,0.0770724,,0.5104
servo,167,4,2,10,adassp_matched,0.0921551,0.00933,0.0710601,0.11325,0.0362381,0.159337,1.214,,,
servo,167,4,2,10,vfl,0.0992132,0.0107,0.0750863,0.12334,0.0380839,0.159818,1.307,,1.000,13.69
servo,167,4,2,10,vfl_uncorrected,0.0987907,0.0106,0.0747983,0.122783,0.0379008,0.158958,1.301,,1.000,13.69
skillcraft,3338,19,9,0.01,trivial,0.0438705,0.00118,0.0412067,0.0465343,0.0380263,0.0487675,2.152,0.0438732,,
skillcraft,3338,19,9,0.01,nonprivate,0.0203849,0.000734,0.018725,0.0220447,0.0175268,0.0230935,1,0.0203091,,
skillcraft,3338,19,9,0.01,ssp,1140.01,711,-467.303,2747.32,0.181372,2060.15,5.592e+04,9.66138,,
skillcraft,3338,19,9,0.01,adassp,0.0494033,0.00139,0.0462535,0.0525531,0.0296245,0.0780391,2.424,0.0508435,,1.599e+04
skillcraft,3338,19,9,0.01,adassp_matched,0.0494007,0.00168,0.0455991,0.0532022,0.0307481,0.075959,2.423,,,
skillcraft,3338,19,9,0.01,vfl,0.0458026,0.00135,0.0427403,0.048865,0.0320201,0.0630996,2.247,,0.994,1.689e+04
skillcraft,3338,19,9,0.01,vfl_uncorrected,0.0461656,0.00137,0.0430573,0.049274,0.0318642,0.0647424,2.265,,0.994,1.689e+04
skillcraft,3338,19,9,0.02,trivial,0.0438705,0.00118,0.0412067,0.0465343,0.0380263,0.0487675,2.152,0.0438732,,
skillcraft,3338,19,9,0.02,nonprivate,0.0203849,0.000734,0.018725,0.0220447,0.0175268,0.0230935,1,0.0203091,,
skillcraft,3338,19,9,0.02,ssp,4347,3.51e+03,-3598.53,12292.5,0.191142,1283.96,2.132e+05,29.9017,,
skillcraft,3338,19,9,0.02,adassp,0.0472705,0.00133,0.0442589,0.0502822,0.0299958,0.071364,2.319,0.0477413,,7994
skillcraft,3338,19,9,0.02,adassp_matched,0.0484385,0.00126,0.0455785,0.0512985,0.0312984,0.0715754,2.376,,,
skillcraft,3338,19,9,0.02,vfl,0.0441305,0.0012,0.0414138,0.0468473,0.0301652,0.060711,2.165,,0.990,8929
skillcraft,3338,19,9,0.02,vfl_uncorrected,0.0443975,0.0012,0.041682,0.047113,0.0299667,0.0620838,2.178,,0.990,8929
skillcraft,3338,19,9,0.05,trivial,0.0438705,0.00118,0.0412067,0.0465343,0.0380263,0.0487675,2.152,0.0438732,,
skillcraft,3338,19,9,0.05,nonprivate,0.0203849,0.000734,0.018725,0.0220447,0.0175268,0.0230935,1,0.0203091,,
skillcraft,3338,19,9,0.05,ssp,3750.32,3.58e+03,-4346.03,11846.7,0.105208,647.464,1.84e+05,46.423,,
skillcraft,3338,19,9,0.05,adassp,0.0433561,0.00122,0.0405912,0.046121,0.0306129,0.0620083,2.127,0.0441169,,3198
skillcraft,3338,19,9,0.05,adassp_matched,0.0450913,0.00133,0.0420722,0.0481103,0.0288914,0.0688997,2.212,,,
skillcraft,3338,19,9,0.05,vfl,0.0410376,0.00102,0.0387272,0.0433479,0.0294755,0.0530676,2.013,,0.996,3819
skillcraft,3338,19,9,0.05,vfl_uncorrected,0.0411157,0.00101,0.03882,0.0434114,0.0294406,0.0538703,2.017,,0.996,3819
skillcraft,3338,19,9,0.1,trivial,0.0438705,0.00118,0.0412067,0.0465343,0.0380263,0.0487675,2.152,0.0438732,,
skillcraft,3338,19,9,0.1,nonprivate,0.0203849,0.000734,0.018725,0.0220447,0.0175268,0.0230935,1,0.0203091,,
skillcraft,3338,19,9,0.1,ssp,1274.47,1.13e+03,-1274.15,3823.08,0.0684911,222.143,6.252e+04,146.132,,
skillcraft,3338,19,9,0.1,adassp,0.0386587,0.00106,0.0362498,0.0410676,0.0273418,0.0514949,1.896,0.0381484,,1599
skillcraft,3338,19,9,0.1,adassp_matched,0.0415913,0.00122,0.0388255,0.0443571,0.0278228,0.058155,2.04,,,
skillcraft,3338,19,9,0.1,vfl,0.0382682,0.00102,0.0359641,0.0405723,0.0278812,0.0488675,1.877,,1.000,2002
skillcraft,3338,19,9,0.1,vfl_uncorrected,0.0382558,0.00101,0.0359644,0.0405472,0.0276909,0.0490061,1.877,,1.000,2002
skillcraft,3338,19,9,0.2,trivial,0.0438705,0.00118,0.0412067,0.0465343,0.0380263,0.0487675,2.152,0.0438732,,
skillcraft,3338,19,9,0.2,nonprivate,0.0203849,0.000734,0.018725,0.0220447,0.0175268,0.0230935,1,0.0203091,,
skillcraft,3338,19,9,0.2,ssp,111.495,60.3,-24.8733,247.863,0.0409795,56.1291,5469,106.504,,
skillcraft,3338,19,9,0.2,adassp,0.0340304,0.000966,0.0318447,0.0362161,0.0255148,0.0441053,1.669,0.0358859,,799.4
skillcraft,3338,19,9,0.2,adassp_matched,0.0368189,0.00113,0.0342626,0.0393753,0.026281,0.0499078,1.806,,,
skillcraft,3338,19,9,0.2,vfl,0.034281,0.00114,0.0316974,0.0368645,0.0256884,0.0436207,1.682,,1.000,1047
skillcraft,3338,19,9,0.2,vfl_uncorrected,0.0341787,0.00114,0.0316024,0.036755,0.0254927,0.04361,1.677,,1.000,1047
skillcraft,3338,19,9,0.5,trivial,0.0438705,0.00118,0.0412067,0.0465343,0.0380263,0.0487675,2.152,0.0438732,,
skillcraft,3338,19,9,0.5,nonprivate,0.0203849,0.000734,0.018725,0.0220447,0.0175268,0.0230935,1,0.0203091,,
skillcraft,3338,19,9,0.5,ssp,11.9693,8.86,-8.08126,32.0199,0.0218718,8.8583,587.2,252.852,,
skillcraft,3338,19,9,0.5,adassp,0.0275634,0.000987,0.0253315,0.0297952,0.0210597,0.0345535,1.352,0.0263074,,319.7
skillcraft,3338,19,9,0.5,adassp_matched,0.0309368,0.00106,0.0285317,0.0333419,0.0233824,0.0394982,1.518,,,
skillcraft,3338,19,9,0.5,vfl,0.0287913,0.00107,0.0263645,0.0312181,0.0223636,0.035949,1.412,,1.000,444.3
skillcraft,3338,19,9,0.5,vfl_uncorrected,0.0286753,0.00107,0.026256,0.0310946,0.0221981,0.0358544,1.407,,1.000,444.3
skillcraft,3338,19,9,1,trivial,0.0438705,0.00118,0.0412067,0.0465343,0.0380263,0.0487675,2.152,0.0438732,,
skillcraft,3338,19,9,1,nonprivate,0.0203849,0.000734,0.018725,0.0220447,0.0175268,0.0230935,1,0.0203091,,
skillcraft,3338,19,9,1,ssp,1254.14,1.25e+03,-1581.7,4089.98,0.0188215,0.96518,6.152e+04,0.0587682,,
skillcraft,3338,19,9,1,adassp,0.0244624,0.000935,0.0223468,0.0265779,0.0192021,0.0297337,1.2,0.024265,,159.9
skillcraft,3338,19,9,1,adassp_matched,0.026776,0.000991,0.0245338,0.0290183,0.0203543,0.0333922,1.314,,,
skillcraft,3338,19,9,1,vfl,0.025451,0.000939,0.0233267,0.0275753,0.0196855,0.0309246,1.249,,1.000,232.9
skillcraft,3338,19,9,1,vfl_uncorrected,0.0253573,0.000935,0.0232426,0.0274719,0.0196326,0.0308699,1.244,,1.000,232.9
skillcraft,3338,19,9,2,trivial,0.0438705,0.00118,0.0412067,0.0465343,0.0380263,0.0487675,2.152,0.0438732,,
skillcraft,3338,19,9,2,nonprivate,0.0203849,0.000734,0.018725,0.0220447,0.0175268,0.0230935,1,0.0203091,,
skillcraft,3338,19,9,2,ssp,0.698824,0.391,-0.186332,1.58398,0.0179706,0.630394,34.28,0.906704,,
skillcraft,3338,19,9,2,adassp,0.0222653,0.000846,0.0203522,0.0241785,0.0178606,0.0267322,1.092,0.022107,,79.94
skillcraft,3338,19,9,2,adassp_matched,0.0238663,0.000898,0.0218342,0.0258984,0.0187775,0.0290811,1.171,,,
skillcraft,3338,19,9,2,vfl,0.0231766,0.000877,0.0211935,0.0251597,0.0182048,0.0279616,1.137,,1.000,123
skillcraft,3338,19,9,2,vfl_uncorrected,0.0231166,0.000873,0.0211425,0.0250908,0.0181679,0.0278966,1.134,,1.000,123
skillcraft,3338,19,9,5,trivial,0.0438705,0.00118,0.0412067,0.0465343,0.0380263,0.0487675,2.152,0.0438732,,
skillcraft,3338,19,9,5,nonprivate,0.0203849,0.000734,0.018725,0.0220447,0.0175268,0.0230935,1,0.0203091,,
skillcraft,3338,19,9,5,ssp,0.024333,0.00225,0.0192445,0.0294215,0.0175035,0.0257397,1.194,0.0204684,,
skillcraft,3338,19,9,5,adassp,0.0208984,0.000788,0.0191151,0.0226817,0.0173703,0.0245136,1.025,0.020973,,31.98
skillcraft,3338,19,9,5,adassp_matched,0.021748,0.000837,0.0198555,0.0236405,0.0176094,0.0259217,1.067,,,
skillcraft,3338,19,9,5,vfl,0.0213955,0.000829,0.0195206,0.0232704,0.0174775,0.025238,1.05,,1.000,54.04
skillcraft,3338,19,9,5,vfl_uncorrected,0.0213731,0.000827,0.0195027,0.0232435,0.0174779,0.0252025,1.048,,1.000,54.04
skillcraft,3338,19,9,10,trivial,0.0438705,0.00118,0.0412067,0.0465343,0.0380263,0.0487675,2.152,0.0438732,,
skillcraft,3338,19,9,10,nonprivate,0.0203849,0.000734,0.018725,0.0220447,0.0175268,0.0230935,1,0.0203091,,
skillcraft,3338,19,9,10,ssp,0.0204465,0.000744,0.0187638,0.0221292,0.0175065,0.0234896,1.003,0.0203596,,
skillcraft,3338,19,9,10,adassp,0.0205222,0.000758,0.0188074,0.022237,0.0174587,0.0236478,1.007,0.0204881,,15.98
skillcraft,3338,19,9,10,adassp_matched,0.0209492,0.000785,0.0191728,0.0227255,0.0173619,0.024463,1.028,,,
skillcraft,3338,19,9,10,vfl,0.0207783,0.000785,0.0190025,0.0225541,0.0173825,0.0242787,1.019,,1.000,29.83
skillcraft,3338,19,9,10,vfl_uncorrected,0.02077,0.000784,0.0189965,0.0225435,0.0173847,0.0242615,1.019,,1.000,29.83
sml,4137,26,13,0.01,trivial,0.211293,0.00381,0.202672,0.219914,0.192335,0.228445,14.76,0.211297,,
sml,4137,26,13,0.01,nonprivate,0.0143115,0.000255,0.0137356,0.0148873,0.012983,0.0153422,1,0.01428,,
sml,4137,26,13,0.01,ssp,93.0992,40.4,1.68844,184.51,0.264413,549.74,6505,2.99723,,
sml,4137,26,13,0.01,adassp,0.203762,0.00293,0.197127,0.210396,0.162685,0.247885,14.24,0.213808,,1.931e+04
sml,4137,26,13,0.01,adassp_matched,0.206794,0.00402,0.197696,0.215893,0.159978,0.259241,14.45,,,
sml,4137,26,13,0.01,vfl,0.203904,0.0035,0.195977,0.21183,0.171699,0.242373,14.25,,0.998,1.976e+04
sml,4137,26,13,0.01,vfl_uncorrected,0.203694,0.0035,0.195788,0.211601,0.170531,0.243886,14.23,,0.998,1.976e+04
sml,4137,26,13,0.02,trivial,0.211293,0.00381,0.202672,0.219914,0.192335,0.228445,14.76,0.211297,,
sml,4137,26,13,0.02,nonprivate,0.0143115,0.000255,0.0137356,0.0148873,0.012983,0.0153422,1,0.01428,,
sml,4137,26,13,0.02,ssp,189.06,69,33.0256,345.094,0.232829,1152.37,1.321e+04,2.85147,,
sml,4137,26,13,0.02,adassp,0.193134,0.00348,0.185267,0.201001,0.153652,0.237644,13.5,0.194324,,9653
sml,4137,26,13,0.02,adassp_matched,0.198753,0.00373,0.190307,0.207199,0.15342,0.249588,13.89,,,
sml,4137,26,13,0.02,vfl,0.195094,0.00331,0.187605,0.202584,0.165285,0.22995,13.63,,0.998,1.044e+04
sml,4137,26,13,0.02,vfl_uncorrected,0.194505,0.00329,0.18706,0.201951,0.164012,0.230477,13.59,,0.998,1.044e+04
sml,4137,26,13,0.05,trivial,0.211293,0.00381,0.202672,0.219914,0.192335,0.228445,14.76,0.211297,,
sml,4137,26,13,0.05,nonprivate,0.0143115,0.000255,0.0137356,0.0148873,0.012983,0.0153422,1,0.01428,,
sml,4137,26,13,0.05,ssp,3781.86,2.57e+03,-2023.27,9586.99,0.177413,3059.2,2.643e+05,26.003,,
sml,4137,26,13,0.05,adassp,0.169287,0.00289,0.162759,0.175815,0.135386,0.208842,11.83,0.176821,,3861
sml,4137,26,13,0.05,adassp_matched,0.180327,0.00312,0.173274,0.187381,0.142293,0.222766,12.6,,,
sml,4137,26,13,0.05,vfl,0.175225,0.00341,0.167512,0.182938,0.145239,0.210196,12.24,,0.996,4468
sml,4137,26,13,0.05,vfl_uncorrected,0.173947,0.00339,0.16628,0.181614,0.143268,0.209938,12.15,,0.996,4468
sml,4137,26,13,0.1,trivial,0.211293,0.00381,0.202672,0.219914,0.192335,0.228445,14.76,0.211297,,
sml,4137,26,13,0.1,nonprivate,0.0143115,0.000255,0.0137356,0.0148873,0.012983,0.0153422,1,0.01428,,
sml,4137,26,13,0.1,ssp,76697.4,5.18e+04,-40412.1,193807,0.13217,1500.54,5.359e+06,11.6886,,
sml,4137,26,13,0.1,adassp,0.140389,0.00276,0.134141,0.146636,0.112238,0.171302,9.81,0.137857,,1931
sml,4137,26,13,0.1,adassp_matched,0.157534,0.00324,0.150199,0.16487,0.125039,0.19475,11.01,,,
sml,4137,26,13,0.1,vfl,0.150275,0.00275,0.144044,0.156506,0.126366,0.179846,10.5,,1.000,2342
sml,4137,26,13,0.1,vfl_uncorrected,0.148408,0.00271,0.142267,0.154548,0.124292,0.178409,10.37,,1.000,2342
sml,4137,26,13,0.2,trivial,0.211293,0.00381,0.202672,0.219914,0.192335,0.228445,14.76,0.211297,,
sml,4137,26,13,0.2,nonprivate,0.0143115,0.000255,0.0137356,0.0148873,0.012983,0.0153422,1,0.01428,,
sml,4137,26,13,0.2,ssp,14.0864,4.8,3.2289,24.9439,0.0739162,113.62,984.3,2.83814,,
sml,4137,26,13,0.2,adassp,0.10546,0.00237,0.100104,0.110817,0.0834747,0.127197,7.369,0.109469,,965.3
sml,4137,26,13,0.2,adassp_matched,0.126313,0.00228,0.121163,0.131463,0.103026,0.152006,8.826,,,
sml,4137,26,13,0.2,vfl,0.119708,0.00229,0.114517,0.124899,0.0990434,0.140325,8.364,,1.000,1225
sml,4137,26,13,0.2,vfl_uncorrected,0.117622,0.00225,0.112524,0.12272,0.0968317,0.138409,8.219,,1.000,1225
sml,4137,26,13,0.5,trivial,0.211293,0.00381,0.202672,0.219914,0.192335,0.228445,14.76,0.211297,,
sml,4137,26,13,0.5,nonprivate,0.0143115,0.000255,0.0137356,0.0148873,0.012983,0.0153422,1,0.01428,,
sml,4137,26,13,0.5,ssp,121.817,84.6,-69.5913,313.226,0.0351776,135.044,8512,1.97616,,
sml,4137,26,13,0.5,adassp,0.0630053,0.00132,0.0600254,0.0659853,0.0505294,0.0755202,4.402,0.0644252,,386.1
sml,4137,26,13,0.5,adassp_matched,0.0836945,0.00167,0.0799069,0.0874821,0.0670696,0.0998766,5.848,,,
sml,4137,26,13,0.5,vfl,0.0777674,0.0016,0.0741518,0.081383,0.0645496,0.0908474,5.434,,1.000,519.7
sml,4137,26,13,0.5,vfl_uncorrected,0.0760594,0.00156,0.0725249,0.0795938,0.0629464,0.0890678,5.315,,1.000,519.7
sml,4137,26,13,1,trivial,0.211293,0.00381,0.202672,0.219914,0.192335,0.228445,14.76,0.211297,,
sml,4137,26,13,1,nonprivate,0.0143115,0.000255,0.0137356,0.0148873,0.012983,0.0153422,1,0.01428,,
sml,4137,26,13,1,ssp,5.18908,2.05,0.549574,9.82858,0.0211912,38.4954,362.6,0.468171,,
sml,4137,26,13,1,adassp,0.0402956,0.000956,0.0381337,0.0424576,0.032431,0.047632,2.816,0.0404656,,193.1
sml,4137,26,13,1,adassp_matched,0.0564291,0.00129,0.0535193,0.0593389,0.044593,0.0669576,3.943,,,
sml,4137,26,13,1,vfl,0.05134,0.00111,0.0488333,0.0538468,0.0425242,0.0596862,3.587,,1.000,272.5
sml,4137,26,13,1,vfl_uncorrected,0.0502118,0.00109,0.047757,0.0526667,0.0414609,0.0585014,3.509,,1.000,272.5
sml,4137,26,13,2,trivial,0.211293,0.00381,0.202672,0.219914,0.192335,0.228445,14.76,0.211297,,
sml,4137,26,13,2,nonprivate,0.0143115,0.000255,0.0137356,0.0148873,0.012983,0.0153422,1,0.01428,,
sml,4137,26,13,2,ssp,9.85892,5.48,-2.53315,22.251,0.0170099,22.5893,688.9,5.43619,,
sml,4137,26,13,2,adassp,0.0267955,0.000628,0.0253757,0.0282153,0.0224591,0.030822,1.872,0.0268503,,96.52
sml,4137,26,13,2,adassp_matched,0.0372419,0.000868,0.0352772,0.0392066,0.0302527,0.043888,2.602,,,
sml,4137,26,13,2,vfl,0.0338858,0.000825,0.03202,0.0357516,0.028037,0.0391701,2.368,,1.000,143.9
sml,4137,26,13,2,vfl_uncorrected,0.0332952,0.00081,0.0314624,0.0351281,0.0275579,0.0385447,2.326,,1.000,143.9
sml,4137,26,13,5,trivial,0.211293,0.00381,0.202672,0.219914,0.192335,0.228445,14.76,0.211297,,
sml,4137,26,13,5,nonprivate,0.0143115,0.000255,0.0137356,0.0148873,0.012983,0.0153422,1,0.01428,,
sml,4137,26,13,5,ssp,80.3902,79.6,-99.6451,260.425,0.0140745,2.07442,5617,3.0168,,
sml,4137,26,13,5,adassp,0.0188556,0.000421,0.0179021,0.019809,0.0160317,0.0211731,1.318,0.0187738,,38.61
sml,4137,26,13,5,adassp_matched,0.0234803,0.000541,0.0222559,0.0247047,0.0196968,0.0266338,1.641,,,
sml,4137,26,13,5,vfl,0.0220697,0.00052,0.0208942,0.0232452,0.018592,0.0248014,1.542,,1.000,63.21
sml,4137,26,13,5,vfl_uncorrected,0.0218805,0.000513,0.0207191,0.023042,0.0184408,0.0246156,1.529,,1.000,63.21
sml,4137,26,13,10,trivial,0.211293,0.00381,0.202672,0.219914,0.192335,0.228445,14.76,0.211297,,
sml,4137,26,13,10,nonprivate,0.0143115,0.000255,0.0137356,0.0148873,0.012983,0.0153422,1,0.01428,,
sml,4137,26,13,10,ssp,2707.99,2.71e+03,-3417.84,8833.82,0.0131828,0.0692752,1.892e+05,0.0274251,,
sml,4137,26,13,10,adassp,0.0165635,0.000352,0.0157682,0.0173587,0.0142707,0.0184309,1.157,0.0165325,,19.31
sml,4137,26,13,10,adassp_matched,0.0190094,0.00043,0.0180365,0.0199822,0.0160388,0.021304,1.328,,,
sml,4137,26,13,10,vfl,0.0183062,0.000403,0.0173949,0.0192174,0.0156399,0.0203522,1.279,,1.000,34.9
sml,4137,26,13,10,vfl_uncorrected,0.0182286,0.000399,0.0173256,0.0191317,0.0155728,0.0202656,1.274,,1.000,34.9
solar,1066,10,5,0.01,trivial,0.0117697,0.00127,0.00890251,0.014637,0.00624725,0.0175971,1.127,0.0117773,,
solar,1066,10,5,0.01,nonprivate,0.0104449,0.00122,0.00768127,0.0132086,0.00521228,0.0162634,1,0.0105614,,
solar,1066,10,5,0.01,ssp,674.025,610,-706.248,2054.3,0.128156,402.005,6.453e+04,16.3714,,
solar,1066,10,5,0.01,adassp,0.0262733,0.00139,0.0231187,0.029428,0.0110042,0.0535372,2.515,0.0204811,,1.079e+04
solar,1066,10,5,0.01,adassp_matched,0.0279574,0.0017,0.0241009,0.031814,0.0105676,0.0682206,2.677,,,
solar,1066,10,5,0.01,vfl,0.0175386,0.00124,0.0147357,0.0203414,0.00801053,0.0311766,1.679,,0.992,1.225e+04
solar,1066,10,5,0.01,vfl_uncorrected,0.0182155,0.00123,0.0154236,0.0210074,0.00811622,0.0332032,1.744,,0.992,1.225e+04
solar,1066,10,5,0.02,trivial,0.0117697,0.00127,0.00890251,0.014637,0.00624725,0.0175971,1.127,0.0117773,,
solar,1066,10,5,0.02,nonprivate,0.0104449,0.00122,0.00768127,0.0132086,0.00521228,0.0162634,1,0.0105614,,
solar,1066,10,5,0.02,ssp,15075.6,1.43e+04,-17281.5,47432.6,0.11133,1293.1,1.443e+06,44.5573,,
solar,1066,10,5,0.02,adassp,0.0262018,0.00137,0.0231121,0.0292914,0.0102512,0.0526513,2.509,0.022403,,5397
solar,1066,10,5,0.02,adassp_matched,0.0279097,0.00136,0.0248327,0.0309867,0.0108824,0.0597094,2.672,,,
solar,1066,10,5,0.02,vfl,0.0174939,0.00116,0.0148677,0.02012,0.00828096,0.0302389,1.675,,0.990,6478
solar,1066,10,5,0.02,vfl_uncorrected,0.0181365,0.00115,0.0155344,0.0207387,0.0086234,0.0320093,1.736,,0.990,6478
solar,1066,10,5,0.05,trivial,0.0117697,0.00127,0.00890251,0.014637,0.00624725,0.0175971,1.127,0.0117773,,
solar,1066,10,5,0.05,nonprivate,0.0104449,0.00122,0.00768127,0.0132086,0.00521228,0.0162634,1,0.0105614,,
solar,1066,10,5,0.05,ssp,1253.51,1.14e+03,-1314.8,3821.82,0.0810444,396.643,1.2e+05,44293.7,,
solar,1066,10,5,0.05,adassp,0.0243684,0.00133,0.0213608,0.0273759,0.010218,0.0520649,2.333,0.021088,,2159
solar,1066,10,5,0.05,adassp_matched,0.027206,0.00126,0.0243465,0.0300655,0.0109266,0.0573968,2.605,,,
solar,1066,10,5,0.05,vfl,0.017388,0.00115,0.0147834,0.0199926,0.00834953,0.0292042,1.665,,0.996,2771
solar,1066,10,5,0.05,vfl_uncorrected,0.0179893,0.00115,0.0153951,0.0205835,0.00853058,0.0312626,1.722,,0.996,2771
solar,1066,10,5,0.1,trivial,0.0117697,0.00127,0.00890251,0.014637,0.00624725,0.0175971,1.127,0.0117773,,
solar,1066,10,5,0.1,nonprivate,0.0104449,0.00122,0.00768127,0.0132086,0.00521228,0.0162634,1,0.0105614,,
solar,1066,10,5,0.1,ssp,35931.6,3.36e+04,-40148.4,112012,0.0566085,259.233,3.44e+06,14.0656,,
solar,1066,10,5,0.1,adassp,0.0216977,0.00147,0.0183766,0.0250188,0.00943909,0.042948,2.077,0.0208321,,1079
solar,1066,10,5,0.1,adassp_matched,0.0239898,0.0015,0.0205922,0.0273873,0.0108101,0.0478983,2.297,,,
solar,1066,10,5,0.1,vfl,0.0165995,0.00125,0.0137719,0.0194271,0.00788525,0.027508,1.589,,0.998,1452
solar,1066,10,5,0.1,vfl_uncorrected,0.0170818,0.00125,0.0142571,0.0199065,0.00802882,0.0285477,1.635,,0.998,1452
solar,1066,10,5,0.2,trivial,0.0117697,0.00127,0.00890251,0.014637,0.00624725,0.0175971,1.127,0.0117773,,
solar,1066,10,5,0.2,nonprivate,0.0104449,0.00122,0.00768127,0.0132086,0.00521228,0.0162634,1,0.0105614,,
solar,1066,10,5,0.2,ssp,13.3824,6.78,-1.96362,28.7284,0.0294407,42.6685,1281,4.1907,,
solar,1066,10,5,0.2,adassp,0.0190945,0.0012,0.0163866,0.0218023,0.00929519,0.0318873,1.828,0.0187683,,539.7
solar,1066,10,5,0.2,adassp_matched,0.0214159,0.00127,0.0185523,0.0242795,0.00912689,0.04028,2.05,,,
solar,1066,10,5,0.2,vfl,0.0155463,0.00133,0.0125406,0.018552,0.00776498,0.0254378,1.488,,0.998,759.6
solar,1066,10,5,0.2,vfl_uncorrected,0.0158953,0.00133,0.0128831,0.0189075,0.00793107,0.0261981,1.522,,0.998,759.6
solar,1066,10,5,0.5,trivial,0.0117697,0.00127,0.00890251,0.014637,0.00624725,0.0175971,1.127,0.0117773,,
solar,1066,10,5,0.5,nonprivate,0.0104449,0.00122,0.00768127,0.0132086,0.00521228,0.0162634,1,0.0105614,,
solar,1066,10,5,0.5,ssp,3.9218,3.38,-3.7331,11.5767,0.0122151,3.97808,375.5,0.0393024,,
solar,1066,10,5,0.5,adassp,0.0157486,0.00133,0.0127294,0.0187677,0.00750638,0.025846,1.508,0.0151363,,215.9
solar,1066,10,5,0.5,adassp_matched,0.0178876,0.00127,0.015013,0.0207622,0.00823765,0.0299394,1.713,,,
solar,1066,10,5,0.5,vfl,0.0140454,0.00125,0.011225,0.0168658,0.00708746,0.0221208,1.345,,1.000,322.3
solar,1066,10,5,0.5,vfl_uncorrected,0.014234,0.00125,0.0114114,0.0170565,0.00714231,0.0224556,1.363,,1.000,322.3
solar,1066,10,5,1,trivial,0.0117697,0.00127,0.00890251,0.014637,0.00624725,0.0175971,1.127,0.0117773,,
solar,1066,10,5,1,nonprivate,0.0104449,0.00122,0.00768127,0.0132086,0.00521228,0.0162634,1,0.0105614,,
solar,1066,10,5,1,ssp,0.155597,0.0518,0.0383978,0.272797,0.00768967,0.77823,14.9,0.0610315,,
solar,1066,10,5,1,adassp,0.0134552,0.0013,0.0105064,0.016404,0.00674345,0.0220297,1.288,0.0134831,,107.9
solar,1066,10,5,1,adassp_matched,0.0150925,0.00134,0.0120609,0.018124,0.00723665,0.025437,1.445,,,
solar,1066,10,5,1,vfl,0.0127557,0.00125,0.00992296,0.0155885,0.00665407,0.0200636,1.221,,1.000,169
solar,1066,10,5,1,vfl_uncorrected,0.0128423,0.00125,0.0100116,0.015673,0.00669974,0.0202392,1.23,,1.000,169
solar,1066,10,5,2,trivial,0.0117697,0.00127,0.00890251,0.014637,0.00624725,0.0175971,1.127,0.0117773,,
solar,1066,10,5,2,nonprivate,0.0104449,0.00122,0.00768127,0.0132086,0.00521228,0.0162634,1,0.0105614,,
solar,1066,10,5,2,ssp,2.52513,2.33,-2.75673,7.80699,0.00603135,0.551143,241.8,0.565013,,
solar,1066,10,5,2,adassp,0.0118519,0.00122,0.00908621,0.0146176,0.0061579,0.0186711,1.135,0.0120713,,53.97
solar,1066,10,5,2,adassp_matched,0.0130513,0.00121,0.0103129,0.0157898,0.00683642,0.0205477,1.25,,,
solar,1066,10,5,2,vfl,0.0117336,0.00127,0.0088671,0.0146,0.00570097,0.0183045,1.123,,1.000,89.22
solar,1066,10,5,2,vfl_uncorrected,0.0117676,0.00127,0.00890041,0.0146348,0.0057147,0.0184131,1.127,,1.000,89.22
solar,1066,10,5,5,trivial,0.0117697,0.00127,0.00890251,0.014637,0.00624725,0.0175971,1.127,0.0117773,,
solar,1066,10,5,5,nonprivate,0.0104449,0.00122,0.00768127,0.0132086,0.00521228,0.0162634,1,0.0105614,,
solar,1066,10,5,5,ssp,0.0848484,0.0712,-0.0761825,0.245879,0.00524265,0.0305761,8.123,0.166548,,
solar,1066,10,5,5,adassp,0.0109117,0.00125,0.00808794,0.0137355,0.00525985,0.0170916,1.045,0.0109551,,21.59
solar,1066,10,5,5,adassp_matched,0.011485,0.00125,0.00865824,0.0143117,0.00574109,0.0184816,1.1,,,
solar,1066,10,5,5,vfl,0.0109633,0.00125,0.00813092,0.0137956,0.00531597,0.0173806,1.05,,1.000,39.2
solar,1066,10,5,5,vfl_uncorrected,0.0109716,0.00125,0.00813904,0.0138042,0.00532261,0.0173935,1.05,,1.000,39.2
solar,1066,10,5,10,trivial,0.0117697,0.00127,0.00890251,0.014637,0.00624725,0.0175971,1.127,0.0117773,,
solar,1066,10,5,10,nonprivate,0.0104449,0.00122,0.00768127,0.0132086,0.00521228,0.0162634,1,0.0105614,,
solar,1066,10,5,10,ssp,0.0115025,0.00182,0.00738239,0.0156226,0.00519344,0.0164365,1.101,0.0105394,,
solar,1066,10,5,10,adassp,0.0105606,0.00123,0.00776751,0.0133536,0.00514759,0.0166041,1.011,0.0105531,,10.79
solar,1066,10,5,10,adassp_matched,0.0108682,0.00125,0.00805055,0.0136859,0.00532804,0.0172275,1.041,,,
solar,1066,10,5,10,vfl,0.0106949,0.00123,0.00790212,0.0134876,0.0052275,0.0169092,1.024,,1.000,21.64
solar,1066,10,5,10,vfl_uncorrected,0.0106973,0.00123,0.007905,0.0134896,0.00522968,0.0169198,1.024,,1.000,21.64
stock,536,11,5,0.01,trivial,0.0583674,0.00504,0.0469621,0.0697727,0.0393695,0.087803,4.484,0.0582781,,
stock,536,11,5,0.01,nonprivate,0.0130177,0.00148,0.00966602,0.0163695,0.00853622,0.0235699,1,0.0130491,,
stock,536,11,5,0.01,ssp,4211.71,3.02e+03,-2621.25,11044.7,0.171649,301.164,3.235e+05,282.986,,
stock,536,11,5,0.01,adassp,0.0709826,0.00551,0.0585269,0.0834383,0.0314875,0.135687,5.453,0.0744554,,1.145e+04
stock,536,11,5,0.01,adassp_matched,0.0732779,0.00451,0.0630669,0.083489,0.0322036,0.152209,5.629,,,
stock,536,11,5,0.01,vfl,0.0631918,0.00538,0.0510208,0.0753627,0.0324865,0.114494,4.854,,0.966,1.285e+04
stock,536,11,5,0.01,vfl_uncorrected,0.063868,0.00541,0.0516332,0.0761028,0.032316,0.118003,4.906,,0.966,1.285e+04
stock,536,11,5,0.02,trivial,0.0583674,0.00504,0.0469621,0.0697727,0.0393695,0.087803,4.484,0.0582781,,
stock,536,11,5,0.02,nonprivate,0.0130177,0.00148,0.00966602,0.0163695,0.00853622,0.0235699,1,0.0130491,,
stock,536,11,5,0.02,ssp,489.432,214,6.39643,972.467,0.174643,1457.31,3.76e+04,8.31972,,
stock,536,11,5,0.02,adassp,0.0715719,0.00523,0.059731,0.0834128,0.0303023,0.145777,5.498,0.061455,,5725
stock,536,11,5,0.02,adassp_matched,0.072088,0.00514,0.0604622,0.0837137,0.0333424,0.146569,5.538,,,
stock,536,11,5,0.02,vfl,0.0637919,0.00455,0.053495,0.0740888,0.0332608,0.111727,4.9,,0.974,6794
stock,536,11,5,0.02,vfl_uncorrected,0.0645054,0.0045,0.0543306,0.0746802,0.0330682,0.114275,4.955,,0.974,6794
stock,536,11,5,0.05,trivial,0.0583674,0.00504,0.0469621,0.0697727,0.0393695,0.087803,4.484,0.0582781,,
stock,536,11,5,0.05,nonprivate,0.0130177,0.00148,0.00966602,0.0163695,0.00853622,0.0235699,1,0.0130491,,
stock,536,11,5,0.05,ssp,201.874,133,-99.3008,503.049,0.151709,437.909,1.551e+04,16.2019,,
stock,536,11,5,0.05,adassp,0.0688841,0.00476,0.0581234,0.0796448,0.0310806,0.129175,5.292,0.0691501,,2290
stock,536,11,5,0.05,adassp_matched,0.0709105,0.00498,0.0596349,0.0821861,0.0300286,0.133246,5.447,,,
stock,536,11,5,0.05,vfl,0.0607319,0.00463,0.0502663,0.0711975,0.0319611,0.105241,4.665,,0.994,2906
stock,536,11,5,0.05,vfl_uncorrected,0.0613133,0.00462,0.0508691,0.0717576,0.0316476,0.107532,4.71,,0.994,2906
stock,536,11,5,0.1,trivial,0.0583674,0.00504,0.0469621,0.0697727,0.0393695,0.087803,4.484,0.0582781,,
stock,536,11,5,0.1,nonprivate,0.0130177,0.00148,0.00966602,0.0163695,0.00853622,0.0235699,1,0.0130491,,
stock,536,11,5,0.1,ssp,278.557,133,-22.8707,579.984,0.12313,504.693,2.14e+04,8.91908,,
stock,536,11,5,0.1,adassp,0.0624197,0.00446,0.0523365,0.0725028,0.0283904,0.117913,4.795,0.0694963,,1145
stock,536,11,5,0.1,adassp_matched,0.0674283,0.0045,0.0572418,0.0776149,0.028879,0.132299,5.18,,,
stock,536,11,5,0.1,vfl,0.0594656,0.00479,0.0486313,0.0703,0.0297477,0.104508,4.568,,0.996,1523
stock,536,11,5,0.1,vfl_uncorrected,0.0598763,0.00478,0.0490731,0.0706794,0.0295839,0.106266,4.6,,0.996,1523
stock,536,11,5,0.2,trivial,0.0583674,0.00504,0.0469621,0.0697727,0.0393695,0.087803,4.484,0.0582781,,
stock,536,11,5,0.2,nonprivate,0.0130177,0.00148,0.00966602,0.0163695,0.00853622,0.0235699,1,0.0130491,,
stock,536,11,5,0.2,ssp,43.5179,12.5,15.2396,71.7963,0.0822956,233.931,3343,6.37997,,
stock,536,11,5,0.2,adassp,0.0565734,0.00441,0.046597,0.0665497,0.0289307,0.104667,4.346,0.0616693,,572.5
stock,536,11,5,0.2,adassp_matched,0.0603757,0.00438,0.0504585,0.0702928,0.0264459,0.105905,4.638,,,
stock,536,11,5,0.2,vfl,0.0549501,0.00444,0.0449038,0.0649964,0.02803,0.0966144,4.221,,0.994,796.6
stock,536,11,5,0.2,vfl_uncorrected,0.0551277,0.00441,0.0451573,0.065098,0.0277765,0.0973329,4.235,,0.994,796.6
stock,536,11,5,0.5,trivial,0.0583674,0.00504,0.0469621,0.0697727,0.0393695,0.087803,4.484,0.0582781,,
stock,536,11,5,0.5,nonprivate,0.0130177,0.00148,0.00966602,0.0163695,0.00853622,0.0235699,1,0.0130491,,
stock,536,11,5,0.5,ssp,31.344,12.7,2.58225,60.1057,0.0343846,85.006,2408,4.61174,,
stock,536,11,5,0.5,adassp,0.0460587,0.00361,0.0378887,0.0542287,0.0233035,0.0800986,3.538,0.0453364,,229
stock,536,11,5,0.5,adassp_matched,0.0522749,0.00432,0.0425085,0.0620413,0.0240576,0.0965548,4.016,,,
stock,536,11,5,0.5,vfl,0.0473459,0.00409,0.0380875,0.0566044,0.0254191,0.0797911,3.637,,0.998,338
stock,536,11,5,0.5,vfl_uncorrected,0.0472658,0.00407,0.0380685,0.0564632,0.0253781,0.0806992,3.631,,0.998,338
stock,536,11,5,1,trivial,0.0583674,0.00504,0.0469621,0.0697727,0.0393695,0.087803,4.484,0.0582781,,
stock,536,11,5,1,nonprivate,0.0130177,0.00148,0.00966602,0.0163695,0.00853622,0.0235699,1,0.0130491,,
stock,536,11,5,1,ssp,16.9558,8.85,-3.07073,36.9824,0.017439,27.3801,1303,5.24529,,
stock,536,11,5,1,adassp,0.0353913,0.0031,0.0283679,0.0424146,0.019701,0.0622504,2.719,0.0383656,,114.5
stock,536,11,5,1,adassp_matched,0.0429171,0.00355,0.0348763,0.050958,0.0225318,0.0758768,3.297,,,
stock,536,11,5,1,vfl,0.0384168,0.00334,0.0308646,0.045969,0.0213153,0.0648254,2.951,,1.000,177.2
stock,536,11,5,1,vfl_uncorrected,0.0382047,0.0033,0.0307394,0.0456699,0.0210715,0.064944,2.935,,1.000,177.2
stock,536,11,5,2,trivial,0.0583674,0.00504,0.0469621,0.0697727,0.0393695,0.087803,4.484,0.0582781,,
stock,536,11,5,2,nonprivate,0.0130177,0.00148,0.00966602,0.0163695,0.00853622,0.0235699,1,0.0130491,,
stock,536,11,5,2,ssp,13.2834,13,-16.1864,42.7532,0.0109762,1.71642,1020,1.70137,,
stock,536,11,5,2,adassp,0.0274838,0.00253,0.0217589,0.0332088,0.0157204,0.048182,2.111,0.0286063,,57.25
stock,536,11,5,2,adassp_matched,0.0341341,0.0029,0.0275719,0.0406964,0.0184903,0.0605839,2.622,,,
stock,536,11,5,2,vfl,0.0313631,0.00297,0.024654,0.0380722,0.0182129,0.0538362,2.409,,1.000,93.57
stock,536,11,5,2,vfl_uncorrected,0.0311677,0.00294,0.0245228,0.0378125,0.0179796,0.0535323,2.394,,1.000,93.57
stock,536,11,5,5,trivial,0.0583674,0.00504,0.0469621,0.0697727,0.0393695,0.087803,4.484,0.0582781,,
stock,536,11,5,5,nonprivate,0.0130177,0.00148,0.00966602,0.0163695,0.00853622,0.0235699,1,0.0130491,,
stock,536,11,5,5,ssp,0.0342609,0.0191,-0.00891535,0.0774372,0.00844317,0.0277186,2.632,0.0145684,,
stock,536,11,5,5,adassp,0.0195302,0.002,0.0150013,0.024059,0.0109921,0.034305,1.5,0.0190977,,22.9
stock,536,11,5,5,adassp_matched,0.0247267,0.00228,0.019569,0.0298845,0.0141799,0.0420172,1.899,,,
stock,536,11,5,5,vfl,0.0233153,0.00234,0.0180262,0.0286043,0.0139886,0.0403042,1.791,,1.000,41.12
stock,536,11,5,5,vfl_uncorrected,0.0231799,0.00232,0.0179251,0.0284346,0.0138319,0.0401113,1.781,,1.000,41.12
stock,536,11,5,10,trivial,0.0583674,0.00504,0.0469621,0.0697727,0.0393695,0.087803,4.484,0.0582781,,
stock,536,11,5,10,nonprivate,0.0130177,0.00148,0.00966602,0.0163695,0.00853622,0.0235699,1,0.0130491,,
stock,536,11,5,10,ssp,0.0133221,0.00149,0.00996246,0.0166817,0.00825688,0.024164,1.023,0.0132145,,
stock,536,11,5,10,adassp,0.0160745,0.00181,0.0119733,0.0201757,0.00896847,0.0290132,1.235,0.0162548,,11.45
stock,536,11,5,10,adassp_matched,0.0198434,0.00198,0.0153636,0.0243232,0.0115984,0.0346781,1.524,,,
stock,536,11,5,10,vfl,0.018845,0.00201,0.0142988,0.0233912,0.0113018,0.0331982,1.448,,1.000,22.7
stock,536,11,5,10,vfl_uncorrected,0.0187527,0.002,0.0142252,0.0232801,0.0112084,0.0330416,1.441,,1.000,22.7
tamielectric,45781,3,1,0.01,trivial,0.334331,0.00146,0.331024,0.337639,0.327718,0.34493,1,0.334331,,
tamielectric,45781,3,1,0.01,nonprivate,0.33434,0.00145,0.331053,0.337626,0.327804,0.344916,1,0.334357,,
tamielectric,45781,3,1,0.01,ssp,0.643549,0.111,0.392911,0.894186,0.328718,2.69393,1.925,0.373238,,
tamielectric,45781,3,1,0.01,adassp,0.33718,0.00153,0.333719,0.340642,0.328361,0.349386,1.008,0.336687,,4980
tamielectric,45781,3,1,0.01,adassp_matched,0.33845,0.00143,0.335216,0.341684,0.329246,0.351948,1.012,,,
tamielectric,45781,3,1,0.01,vfl,0.335755,0.00147,0.332432,0.339078,0.328163,0.34687,1.004,,0.998,6712
tamielectric,45781,3,1,0.01,vfl_uncorrected,0.335786,0.00147,0.332462,0.33911,0.328186,0.346904,1.004,,0.998,6712
tamielectric,45781,3,1,0.02,trivial,0.334331,0.00146,0.331024,0.337639,0.327718,0.34493,1,0.334331,,
tamielectric,45781,3,1,0.02,nonprivate,0.33434,0.00145,0.331053,0.337626,0.327804,0.344916,1,0.334357,,
tamielectric,45781,3,1,0.02,ssp,1.3539,0.526,0.164446,2.54335,0.32828,0.704403,4.049,512.233,,
tamielectric,45781,3,1,0.02,adassp,0.335422,0.00146,0.33212,0.338724,0.328048,0.346113,1.003,0.335171,,2490
tamielectric,45781,3,1,0.02,adassp_matched,0.336142,0.00161,0.332498,0.339786,0.328326,0.34713,1.005,,,
tamielectric,45781,3,1,0.02,vfl,0.334909,0.00145,0.331622,0.338196,0.328016,0.345746,1.002,,0.998,3548
tamielectric,45781,3,1,0.02,vfl_uncorrected,0.334921,0.00145,0.331635,0.338208,0.328019,0.345758,1.002,,0.998,3548
tamielectric,45781,3,1,0.05,trivial,0.334331,0.00146,0.331024,0.337639,0.327718,0.34493,1,0.334331,,
tamielectric,45781,3,1,0.05,nonprivate,0.33434,0.00145,0.331053,0.337626,0.327804,0.344916,1,0.334357,,
tamielectric,45781,3,1,0.05,ssp,0.760274,0.426,-0.203782,1.72433,0.32787,0.346177,2.274,0.335093,,
tamielectric,45781,3,1,0.05,adassp,0.334697,0.00146,0.331403,0.337992,0.327888,0.345455,1.001,0.334921,,996.1
tamielectric,45781,3,1,0.05,adassp_matched,0.334867,0.00145,0.331581,0.338153,0.327891,0.345597,1.002,,,
tamielectric,45781,3,1,0.05,vfl,0.33454,0.00145,0.33125,0.33783,0.32784,0.345269,1.001,,1.000,1518
tamielectric,45781,3,1,0.05,vfl_uncorrected,0.334548,0.00145,0.331258,0.337837,0.327844,0.345273,1.001,,1.000,1518
tamielectric,45781,3,1,0.1,trivial,0.334331,0.00146,0.331024,0.337639,0.327718,0.34493,1,0.334331,,
tamielectric,45781,3,1,0.1,nonprivate,0.33434,0.00145,0.331053,0.337626,0.327804,0.344916,1,0.334357,,
tamielectric,45781,3,1,0.1,ssp,0.334498,0.00146,0.331206,0.337791,0.327835,0.345147,1,0.334488,,
tamielectric,45781,3,1,0.1,adassp,0.334547,0.00145,0.331266,0.337828,0.327873,0.345163,1.001,0.334644,,495.7
tamielectric,45781,3,1,0.1,adassp_matched,0.334618,0.00146,0.33131,0.337926,0.327843,0.345319,1.001,,,
tamielectric,45781,3,1,0.1,vfl,0.334438,0.00145,0.331147,0.33773,0.327806,0.345084,1,,1.000,795.4
tamielectric,45781,3,1,0.1,vfl_uncorrected,0.334442,0.00146,0.33115,0.337733,0.327807,0.345092,1,,1.000,795.4
tamielectric,45781,3,1,0.2,trivial,0.334331,0.00146,0.331024,0.337639,0.327718,0.34493,1,0.334331,,
tamielectric,45781,3,1,0.2,nonprivate,0.33434,0.00145,0.331053,0.337626,0.327804,0.344916,1,0.334357,,
tamielectric,45781,3,1,0.2,ssp,0.334377,0.00145,0.331089,0.337664,0.327806,0.344966,1,0.334398,,
tamielectric,45781,3,1,0.2,adassp,0.334444,0.00145,0.331156,0.337731,0.32783,0.345028,1,0.334516,,207.7
tamielectric,45781,3,1,0.2,adassp_matched,0.334499,0.00145,0.331215,0.337784,0.327838,0.345115,1,,,
tamielectric,45781,3,1,0.2,vfl,0.334395,0.00145,0.331105,0.337685,0.327808,0.344994,1,,1.000,416
tamielectric,45781,3,1,0.2,vfl_uncorrected,0.334396,0.00145,0.331106,0.337686,0.327808,0.344996,1,,1.000,416
tamielectric,45781,3,1,0.5,trivial,0.334331,0.00146,0.331024,0.337639,0.327718,0.34493,1,0.334331,,
tamielectric,45781,3,1,0.5,nonprivate,0.33434,0.00145,0.331053,0.337626,0.327804,0.344916,1,0.334357,,
tamielectric,45781,3,1,0.5,ssp,0.334345,0.00145,0.331057,0.337633,0.327804,0.344946,1,0.334351,,
tamielectric,45781,3,1,0.5,adassp,0.33439,0.00145,0.331106,0.337674,0.327823,0.344989,1,0.33435,,0.02204
tamielectric,45781,3,1,0.5,adassp_matched,0.334507,0.00146,0.331213,0.337801,0.327823,0.345196,1,,,
tamielectric,45781,3,1,0.5,vfl,0.334359,0.00145,0.331074,0.337645,0.327803,0.34495,1,,1.000,176.5
tamielectric,45781,3,1,0.5,vfl_uncorrected,0.33436,0.00145,0.331074,0.337645,0.327804,0.34495,1,,1.000,176.5
tamielectric,45781,3,1,1,trivial,0.334331,0.00146,0.331024,0.337639,0.327718,0.34493,1,0.334331,,
tamielectric,45781,3,1,1,nonprivate,0.33434,0.00145,0.331053,0.337626,0.327804,0.344916,1,0.334357,,
tamielectric,45781,3,1,1,ssp,0.334342,0.00145,0.331055,0.337629,0.327803,0.344928,1,0.33436,,
tamielectric,45781,3,1,1,adassp,0.334351,0.00145,0.331063,0.337639,0.327809,0.344971,1,0.33442,,0
tamielectric,45781,3,1,1,adassp_matched,0.334383,0.00146,0.33109,0.337675,0.327811,0.345017,1,,,
tamielectric,45781,3,1,1,vfl,0.334348,0.00145,0.331063,0.337633,0.327803,0.344932,1,,1.000,92.56
tamielectric,45781,3,1,1,vfl_uncorrected,0.334348,0.00145,0.331063,0.337633,0.327803,0.344932,1,,1.000,92.56
tamielectric,45781,3,1,2,trivial,0.334331,0.00146,0.331024,0.337639,0.327718,0.34493,1,0.334331,,
tamielectric,45781,3,1,2,nonprivate,0.33434,0.00145,0.331053,0.337626,0.327804,0.344916,1,0.334357,,
tamielectric,45781,3,1,2,ssp,0.33434,0.00145,0.331054,0.337627,0.327803,0.34492,1,0.334353,,
tamielectric,45781,3,1,2,adassp,0.334342,0.00145,0.331057,0.337628,0.327803,0.344921,1,0.334362,,0
tamielectric,45781,3,1,2,adassp_matched,0.334348,0.00145,0.33106,0.337637,0.327802,0.344955,1,,,
tamielectric,45781,3,1,2,vfl,0.334342,0.00145,0.331055,0.337628,0.327802,0.344931,1,,1.000,48.87
tamielectric,45781,3,1,2,vfl_uncorrected,0.334342,0.00145,0.331055,0.337628,0.327802,0.344931,1,,1.000,48.87
tamielectric,45781,3,1,5,trivial,0.334331,0.00146,0.331024,0.337639,0.327718,0.34493,1,0.334331,,
tamielectric,45781,3,1,5,nonprivate,0.33434,0.00145,0.331053,0.337626,0.327804,0.344916,1,0.334357,,
tamielectric,45781,3,1,5,ssp,0.334339,0.00145,0.331053,0.337626,0.327803,0.344917,1,0.334356,,
tamielectric,45781,3,1,5,adassp,0.334339,0.00145,0.331053,0.337626,0.327803,0.344922,1,0.334356,,0
tamielectric,45781,3,1,5,adassp_matched,0.334342,0.00145,0.331055,0.337628,0.327803,0.344927,1,,,
tamielectric,45781,3,1,5,vfl,0.33434,0.00145,0.331054,0.337626,0.327802,0.344921,1,,1.000,21.47
tamielectric,45781,3,1,5,vfl_uncorrected,0.33434,0.00145,0.331054,0.337626,0.327802,0.344921,1,,1.000,21.47
tamielectric,45781,3,1,10,trivial,0.334331,0.00146,0.331024,0.337639,0.327718,0.34493,1,0.334331,,
tamielectric,45781,3,1,10,nonprivate,0.33434,0.00145,0.331053,0.337626,0.327804,0.344916,1,0.334357,,
tamielectric,45781,3,1,10,ssp,0.33434,0.00145,0.331053,0.337626,0.327803,0.344917,1,0.334358,,
tamielectric,45781,3,1,10,adassp,0.33434,0.00145,0.331053,0.337626,0.327803,0.344918,1,0.334358,,0
tamielectric,45781,3,1,10,adassp_matched,0.33434,0.00145,0.331053,0.337626,0.327803,0.344921,1,,,
tamielectric,45781,3,1,10,vfl,0.33434,0.00145,0.331053,0.337626,0.327803,0.344922,1,,1.000,11.85
tamielectric,45781,3,1,10,vfl_uncorrected,0.33434,0.00145,0.331053,0.337626,0.327803,0.344922,1,,1.000,11.85
wine,1599,11,5,0.01,trivial,0.0566185,0.00257,0.0507947,0.0624423,0.0474598,0.0738623,2.817,0.0566267,,
wine,1599,11,5,0.01,nonprivate,0.0201007,0.00114,0.0175149,0.0226865,0.0158541,0.0278308,1,0.0201535,,
wine,1599,11,5,0.01,ssp,22920.5,2.13e+04,-25178.9,71020,0.168397,3253.04,1.14e+06,8.94494,,
wine,1599,11,5,0.01,adassp,0.0676933,0.00266,0.061683,0.0737036,0.0404912,0.108974,3.368,0.064464,,1.145e+04
wine,1599,11,5,0.01,adassp_matched,0.0717547,0.00262,0.0658274,0.0776819,0.039682,0.126589,3.57,,,
wine,1599,11,5,0.01,vfl,0.0617466,0.00273,0.0555709,0.0679223,0.0414021,0.0915961,3.072,,0.986,1.285e+04
wine,1599,11,5,0.01,vfl_uncorrected,0.0625162,0.00274,0.0563113,0.0687212,0.0408543,0.0946406,3.11,,0.986,1.285e+04
wine,1599,11,5,0.02,trivial,0.0566185,0.00257,0.0507947,0.0624423,0.0474598,0.0738623,2.817,0.0566267,,
wine,1599,11,5,0.02,nonprivate,0.0201007,0.00114,0.0175149,0.0226865,0.0158541,0.0278308,1,0.0201535,,
wine,1599,11,5,0.02,ssp,8783.64,4.06e+03,-408.691,17976,0.170461,991.925,4.37e+05,2.33061,,
wine,1599,11,5,0.02,adassp,0.066142,0.00252,0.0604387,0.0718454,0.0391235,0.0985061,3.291,0.0630545,,5725
wine,1599,11,5,0.02,adassp_matched,0.0695609,0.00254,0.0638137,0.0753082,0.0401403,0.115229,3.461,,,
wine,1599,11,5,0.02,vfl,0.0606604,0.00257,0.0548415,0.0664793,0.0393303,0.0892795,3.018,,0.990,6794
wine,1599,11,5,0.02,vfl_uncorrected,0.0613274,0.00258,0.0554987,0.0671561,0.0389464,0.0913875,3.051,,0.990,6794
wine,1599,11,5,0.05,trivial,0.0566185,0.00257,0.0507947,0.0624423,0.0474598,0.0738623,2.817,0.0566267,,
wine,1599,11,5,0.05,nonprivate,0.0201007,0.00114,0.0175149,0.0226865,0.0158541,0.0278308,1,0.0201535,,
wine,1599,11,5,0.05,ssp,251.019,95,36.0525,465.985,0.147415,420.964,1.249e+04,3.27178,,
wine,1599,11,5,0.05,adassp,0.0632306,0.00236,0.0579022,0.068559,0.0379087,0.0978263,3.146,0.0621491,,2290
wine,1599,11,5,0.05,adassp_matched,0.0654921,0.0026,0.0596204,0.0713639,0.0411841,0.10527,3.258,,,
wine,1599,11,5,0.05,vfl,0.0580717,0.0027,0.051954,0.0641894,0.0400295,0.0860724,2.889,,0.998,2906
wine,1599,11,5,0.05,vfl_uncorrected,0.0584893,0.00272,0.0523417,0.0646369,0.0400535,0.0877667,2.91,,0.998,2906
wine,1599,11,5,0.1,trivial,0.0566185,0.00257,0.0507947,0.0624423,0.0474598,0.0738623,2.817,0.0566267,,
wine,1599,11,5,0.1,nonprivate,0.0201007,0.00114,0.0175149,0.0226865,0.0158541,0.0278308,1,0.0201535,,
wine,1599,11,5,0.1,ssp,72.3618,38.5,-14.7324,159.456,0.0636217,202.484,3600,3.60398,,
wine,1599,11,5,0.1,adassp,0.0577026,0.00241,0.0522605,0.0631448,0.0362796,0.0877848,2.871,0.0626866,,1145
wine,1599,11,5,0.1,adassp_matched,0.0626068,0.00257,0.0567854,0.0684281,0.0379381,0.0978622,3.115,,,
wine,1599,11,5,0.1,vfl,0.0555745,0.00246,0.0499994,0.0611497,0.0381087,0.0790162,2.765,,0.998,1523
wine,1599,11,5,0.1,vfl_uncorrected,0.0557796,0.00246,0.0502115,0.0613478,0.0378416,0.080599,2.775,,0.998,1523
wine,1599,11,5,0.2,trivial,0.0566185,0.00257,0.0507947,0.0624423,0.0474598,0.0738623,2.817,0.0566267,,
wine,1599,11,5,0.2,nonprivate,0.0201007,0.00114,0.0175149,0.0226865,0.0158541,0.0278308,1,0.0201535,,
wine,1599,11,5,0.2,ssp,60.8957,51.6,-55.9155,177.707,0.0390094,56.8947,3030,9013,,
wine,1599,11,5,0.2,adassp,0.0513045,0.00243,0.0458136,0.0567955,0.0323748,0.0760572,2.552,0.0493187,,572.5
wine,1599,11,5,0.2,adassp_matched,0.0558363,0.00237,0.0504762,0.0611964,0.0345348,0.0880708,2.778,,,
wine,1599,11,5,0.2,vfl,0.0505361,0.00256,0.0447436,0.0563286,0.0339803,0.0726517,2.514,,1.000,796.6
wine,1599,11,5,0.2,vfl_uncorrected,0.0504846,0.00256,0.0446829,0.0562863,0.0337552,0.0733231,2.512,,1.000,796.6
wine,1599,11,5,0.5,trivial,0.0566185,0.00257,0.0507947,0.0624423,0.0474598,0.0738623,2.817,0.0566267,,
wine,1599,11,5,0.5,nonprivate,0.0201007,0.00114,0.0175149,0.0226865,0.0158541,0.0278308,1,0.0201535,,
wine,1599,11,5,0.5,ssp,0.145192,0.0528,0.0257321,0.264651,0.0210876,0.237059,7.223,0.0368396,,
wine,1599,11,5,0.5,adassp,0.0403577,0.0023,0.0351561,0.0455594,0.0275319,0.0617437,2.008,0.0408317,,229
wine,1599,11,5,0.5,adassp_matched,0.0460183,0.00216,0.0411273,0.0509094,0.0314022,0.0678411,2.289,,,
wine,1599,11,5,0.5,vfl,0.0427622,0.00228,0.03761,0.0479144,0.0312265,0.0632637,2.127,,1.000,338
wine,1599,11,5,0.5,vfl_uncorrected,0.0425288,0.00227,0.0373966,0.0476609,0.0309,0.0630257,2.116,,1.000,338
wine,1599,11,5,1,trivial,0.0566185,0.00257,0.0507947,0.0624423,0.0474598,0.0738623,2.817,0.0566267,,
wine,1599,11,5,1,nonprivate,0.0201007,0.00114,0.0175149,0.0226865,0.0158541,0.0278308,1,0.0201535,,
wine,1599,11,5,1,ssp,0.0237873,0.0011,0.0213041,0.0262706,0.0174301,0.0343088,1.183,0.0225708,,
wine,1599,11,5,1,adassp,0.03385,0.002,0.0293268,0.0383731,0.0237035,0.0506359,1.684,0.032594,,114.5
wine,1599,11,5,1,adassp_matched,0.0391161,0.00224,0.0340447,0.0441876,0.0269428,0.0592686,1.946,,,
wine,1599,11,5,1,vfl,0.0369899,0.00202,0.0324143,0.0415655,0.0270789,0.0542193,1.84,,1.000,177.2
wine,1599,11,5,1,vfl_uncorrected,0.0367567,0.00201,0.0322009,0.0413126,0.0267837,0.0539942,1.829,,1.000,177.2
wine,1599,11,5,2,trivial,0.0566185,0.00257,0.0507947,0.0624423,0.0474598,0.0738623,2.817,0.0566267,,
wine,1599,11,5,2,nonprivate,0.0201007,0.00114,0.0175149,0.0226865,0.0158541,0.0278308,1,0.0201535,,
wine,1599,11,5,2,ssp,0.020916,0.0011,0.0184166,0.0234154,0.0162285,0.0287793,1.041,0.020661,,
wine,1599,11,5,2,adassp,0.0284191,0.00181,0.0243293,0.032509,0.0203301,0.0435408,1.414,0.0290122,,56.42
wine,1599,11,5,2,adassp_matched,0.0330685,0.00203,0.0284824,0.0376546,0.0234287,0.0501256,1.645,,,
wine,1599,11,5,2,vfl,0.0316115,0.00192,0.0272601,0.035963,0.0229972,0.0478516,1.573,,1.000,93.57
wine,1599,11,5,2,vfl_uncorrected,0.0314375,0.00192,0.0271033,0.0357716,0.0228597,0.0476353,1.564,,1.000,93.57
wine,1599,11,5,5,trivial,0.0566185,0.00257,0.0507947,0.0624423,0.0474598,0.0738623,2.817,0.0566267,,
wine,1599,11,5,5,nonprivate,0.0201007,0.00114,0.0175149,0.0226865,0.0158541,0.0278308,1,0.0201535,,
wine,1599,11,5,5,ssp,0.0202254,0.00113,0.0176641,0.0227867,0.0159123,0.0281403,1.006,0.0202613,,
wine,1599,11,5,5,adassp,0.0222436,0.0014,0.0190679,0.0254192,0.0169616,0.033047,1.107,0.022828,,13.2
wine,1599,11,5,5,adassp_matched,0.0259239,0.00162,0.0222565,0.0295914,0.0188398,0.0393932,1.29,,,
wine,1599,11,5,5,vfl,0.0260804,0.00172,0.0221859,0.0299749,0.0194281,0.0398479,1.297,,1.000,41.12
wine,1599,11,5,5,vfl_uncorrected,0.0259932,0.00172,0.0221105,0.029876,0.0193503,0.039723,1.293,,1.000,41.12
wine,1599,11,5,10,trivial,0.0566185,0.00257,0.0507947,0.0624423,0.0474598,0.0738623,2.817,0.0566267,,
wine,1599,11,5,10,nonprivate,0.0201007,0.00114,0.0175149,0.0226865,0.0158541,0.0278308,1,0.0201535,,
wine,1599,11,5,10,ssp,0.0201298,0.00114,0.017562,0.0226976,0.0158558,0.027932,1.001,0.0201628,,
wine,1599,11,5,10,adassp,0.0203282,0.00112,0.0177838,0.0228726,0.0159723,0.0283425,1.011,0.0204527,,0.004508
wine,1599,11,5,10,adassp_matched,0.0219942,0.00134,0.018966,0.0250224,0.0167498,0.0322473,1.094,,,
wine,1599,11,5,10,vfl,0.023364,0.00155,0.0198676,0.0268605,0.0177897,0.0352254,1.162,,1.000,22.7
wine,1599,11,5,10,vfl_uncorrected,0.0233218,0.00154,0.0198324,0.0268111,0.0177556,0.0351542,1.16,,1.000,22.7
yacht,308,6,3,0.01,trivial,0.105242,0.00688,0.0896711,0.120814,0.0799589,0.144972,5.941,0.105264,,
yacht,308,6,3,0.01,nonprivate,0.0177139,0.00293,0.0110876,0.0243401,0.00721564,0.0348048,1,0.017595,,
yacht,308,6,3,0.01,ssp,175.613,59.8,40.293,310.933,0.117945,795.062,9914,65.8111,,
yacht,308,6,3,0.01,adassp,0.135127,0.00716,0.118939,0.151315,0.0490505,0.274268,7.628,0.126843,,7829
yacht,308,6,3,0.01,adassp_matched,0.143074,0.00735,0.126446,0.159701,0.051789,0.313799,8.077,,,
yacht,308,6,3,0.01,vfl,0.116562,0.00693,0.100893,0.132231,0.0570784,0.195128,6.58,,0.986,9492
yacht,308,6,3,0.01,vfl_uncorrected,0.118059,0.00694,0.102362,0.133756,0.0557798,0.202003,6.665,,0.986,9492
yacht,308,6,3,0.02,trivial,0.105242,0.00688,0.0896711,0.120814,0.0799589,0.144972,5.941,0.105264,,
yacht,308,6,3,0.02,nonprivate,0.0177139,0.00293,0.0110876,0.0243401,0.00721564,0.0348048,1,0.017595,,
yacht,308,6,3,0.02,ssp,629.465,345,-152.094,1411.02,0.150422,785.098,3.554e+04,1241.63,,
yacht,308,6,3,0.02,adassp,0.128485,0.00595,0.115019,0.14195,0.0488867,0.26703,7.253,0.137372,,3914
yacht,308,6,3,0.02,adassp_matched,0.139636,0.00615,0.125713,0.153559,0.0461597,0.300573,7.883,,,
yacht,308,6,3,0.02,vfl,0.114345,0.00658,0.0994551,0.129235,0.0610194,0.187858,6.455,,0.978,5017
yacht,308,6,3,0.02,vfl_uncorrected,0.11559,0.00658,0.100709,0.130472,0.059677,0.193492,6.525,,0.978,5017
yacht,308,6,3,0.05,trivial,0.105242,0.00688,0.0896711,0.120814,0.0799589,0.144972,5.941,0.105264,,
yacht,308,6,3,0.05,nonprivate,0.0177139,0.00293,0.0110876,0.0243401,0.00721564,0.0348048,1,0.017595,,
yacht,308,6,3,0.05,ssp,2723.99,2.09e+03,-1995.98,7443.96,0.14228,1153,1.538e+05,12.6435,,
yacht,308,6,3,0.05,adassp,0.126068,0.00612,0.112233,0.139904,0.0475484,0.241409,7.117,0.109178,,1566
yacht,308,6,3,0.05,adassp_matched,0.125902,0.00685,0.110411,0.141392,0.041879,0.25581,7.108,,,
yacht,308,6,3,0.05,vfl,0.109324,0.0062,0.0952919,0.123356,0.0532819,0.180402,6.172,,0.984,2146
yacht,308,6,3,0.05,vfl_uncorrected,0.110031,0.00615,0.0961281,0.123934,0.0513532,0.183584,6.212,,0.984,2146
yacht,308,6,3,0.1,trivial,0.105242,0.00688,0.0896711,0.120814,0.0799589,0.144972,5.941,0.105264,,
yacht,308,6,3,0.1,nonprivate,0.0177139,0.00293,0.0110876,0.0243401,0.00721564,0.0348048,1,0.017595,,
yacht,308,6,3,0.1,ssp,141.601,59.4,7.17728,276.024,0.114859,469.257,7994,596.362,,
yacht,308,6,3,0.1,adassp,0.116071,0.00613,0.102212,0.129931,0.0389588,0.217681,6.553,0.117729,,782.9
yacht,308,6,3,0.1,adassp_matched,0.126108,0.00647,0.111462,0.140753,0.0417511,0.274222,7.119,,,
yacht,308,6,3,0.1,vfl,0.106755,0.00735,0.0901196,0.12339,0.0507947,0.19011,6.027,,0.994,1125
yacht,308,6,3,0.1,vfl_uncorrected,0.107346,0.00741,0.0905846,0.124107,0.0492988,0.196509,6.06,,0.994,1125
yacht,308,6,3,0.2,trivial,0.105242,0.00688,0.0896711,0.120814,0.0799589,0.144972,5.941,0.105264,,
yacht,308,6,3,0.2,nonprivate,0.0177139,0.00293,0.0110876,0.0243401,0.00721564,0.0348048,1,0.017595,,
yacht,308,6,3,0.2,ssp,141.438,76.5,-31.5112,314.386,0.0558274,605.808,7985,145.851,,
yacht,308,6,3,0.2,adassp,0.104652,0.00632,0.0903457,0.118959,0.0339051,0.207355,5.908,0.104131,,391.4
yacht,308,6,3,0.2,adassp_matched,0.116737,0.00729,0.100251,0.133222,0.0426055,0.24152,6.59,,,
yacht,308,6,3,0.2,vfl,0.100472,0.00561,0.0877916,0.113153,0.0510411,0.166348,5.672,,0.994,588.3
yacht,308,6,3,0.2,vfl_uncorrected,0.100544,0.00554,0.0880163,0.113071,0.0496103,0.169949,5.676,,0.994,588.3
yacht,308,6,3,0.5,trivial,0.105242,0.00688,0.0896711,0.120814,0.0799589,0.144972,5.941,0.105264,,
yacht,308,6,3,0.5,nonprivate,0.0177139,0.00293,0.0110876,0.0243401,0.00721564,0.0348048,1,0.017595,,
yacht,308,6,3,0.5,ssp,39.8053,38.8,-48.0698,127.68,0.0204236,7.6957,2247,0.0906713,,
yacht,308,6,3,0.5,adassp,0.0769675,0.00531,0.0649454,0.0889896,0.0319836,0.155344,4.345,0.105571,,156.6
yacht,308,6,3,0.5,adassp_matched,0.094732,0.00638,0.080306,0.109158,0.035136,0.188861,5.348,,,
yacht,308,6,3,0.5,vfl,0.0845519,0.00544,0.0722423,0.0968614,0.0422969,0.137501,4.773,,1.000,249.7
yacht,308,6,3,0.5,vfl_uncorrected,0.0838228,0.00537,0.0716643,0.0959814,0.0410071,0.138619,4.732,,1.000,249.7
yacht,308,6,3,1,trivial,0.105242,0.00688,0.0896711,0.120814,0.0799589,0.144972,5.941,0.105264,,
yacht,308,6,3,1,nonprivate,0.0177139,0.00293,0.0110876,0.0243401,0.00721564,0.0348048,1,0.017595,,
yacht,308,6,3,1,ssp,1438.1,1.33e+03,-1580.05,4456.24,0.0100272,13.2354,8.118e+04,0.0570224,,
yacht,308,6,3,1,adassp,0.0569831,0.004,0.0479298,0.0660364,0.0239691,0.109146,3.217,0.0627999,,78.29
yacht,308,6,3,1,adassp_matched,0.0724051,0.00543,0.0601184,0.0846918,0.0262121,0.14086,4.087,,,
yacht,308,6,3,1,vfl,0.0663549,0.00505,0.0549406,0.0777691,0.0339233,0.117735,3.746,,1.000,130.9
yacht,308,6,3,1,vfl_uncorrected,0.0653068,0.00499,0.0540247,0.0765889,0.0328181,0.117238,3.687,,1.000,130.9
yacht,308,6,3,2,trivial,0.105242,0.00688,0.0896711,0.120814,0.0799589,0.144972,5.941,0.105264,,
yacht,308,6,3,2,nonprivate,0.0177139,0.00293,0.0110876,0.0243401,0.00721564,0.0348048,1,0.017595,,
yacht,308,6,3,2,ssp,28.6876,28.5,-35.8852,93.2604,0.00819774,1.11214,1620,0.0378636,,
yacht,308,6,3,2,adassp,0.0364687,0.00342,0.0287248,0.0442126,0.0170137,0.0669119,2.059,0.0345159,,39.14
yacht,308,6,3,2,adassp_matched,0.0515435,0.00427,0.0418922,0.0611947,0.0220639,0.0989408,2.91,,,
yacht,308,6,3,2,vfl,0.0491745,0.00423,0.0396055,0.0587436,0.0252011,0.0832166,2.776,,1.000,69.11
yacht,308,6,3,2,vfl_uncorrected,0.0482751,0.00418,0.0388298,0.0577205,0.0243228,0.0821035,2.725,,1.000,69.11
yacht,308,6,3,5,trivial,0.105242,0.00688,0.0896711,0.120814,0.0799589,0.144972,5.941,0.105264,,
yacht,308,6,3,5,nonprivate,0.0177139,0.00293,0.0110876,0.0243401,0.00721564,0.0348048,1,0.017595,,
yacht,308,6,3,5,ssp,0.0861669,0.0554,-0.0391572,0.211491,0.00671317,0.13959,4.864,0.0182957,,
yacht,308,6,3,5,adassp,0.0235439,0.00304,0.0166563,0.0304315,0.0110915,0.0452483,1.329,0.02532,,15.66
yacht,308,6,3,5,adassp_matched,0.031598,0.00349,0.0237121,0.0394838,0.0142365,0.0613485,1.784,,,
yacht,308,6,3,5,vfl,0.030674,0.00336,0.0230624,0.0382855,0.0160314,0.0554495,1.732,,1.000,30.37
yacht,308,6,3,5,vfl_uncorrected,0.030266,0.00334,0.0227162,0.0378159,0.015605,0.0548943,1.709,,1.000,30.37
yacht,308,6,3,10,trivial,0.105242,0.00688,0.0896711,0.120814,0.0799589,0.144972,5.941,0.105264,,
yacht,308,6,3,10,nonprivate,0.0177139,0.00293,0.0110876,0.0243401,0.00721564,0.0348048,1,0.017595,,
yacht,308,6,3,10,ssp,0.0180648,0.00294,0.0114176,0.0247119,0.00676167,0.0355834,1.02,0.0177706,,
yacht,308,6,3,10,adassp,0.019701,0.00281,0.0133521,0.0260499,0.00947499,0.0391629,1.112,0.0196876,,7.829
yacht,308,6,3,10,adassp_matched,0.0237698,0.00292,0.0171568,0.0303829,0.0115781,0.0453419,1.342,,,
yacht,308,6,3,10,vfl,0.0232331,0.00302,0.0164042,0.030062,0.0122797,0.0451146,1.312,,1.000,16.76
yacht,308,6,3,10,vfl_uncorrected,0.0230705,0.00301,0.0162629,0.0298781,0.0121151,0.0449313,1.302,,1.000,16.76
